dim1,dim2,timestamp
-24.873331,-10.993648,2024-01-01 00:00:00
-38.035984,1.2802224,2024-01-01 00:15:00
-11.073133,-10.31886,2024-01-01 00:30:00
-32.525326,-16.561678,2024-01-01 00:45:00
-31.92288,-13.494662,2024-01-01 01:00:00
-14.9356,-4.90412,2024-01-01 01:15:00
-26.45231,-13.568188,2024-01-01 01:30:00
-23.074278,-13.238103,2024-01-01 01:45:00
-21.535135,-13.924444,2024-01-01 02:00:00
-23.140978,-15.730162,2024-01-01 02:15:00
-14.614841,-13.328469,2024-01-01 02:30:00
-8.135788,-24.004036,2024-01-01 02:45:00
-10.324934,-15.77167,2024-01-01 03:00:00
-3.897636,-19.638681,2024-01-01 03:15:00
-9.8097105,-19.834482,2024-01-01 03:30:00
-11.235866,-11.656331,2024-01-01 03:45:00
11.625488,-17.870237,2024-01-01 04:00:00
-3.4784393,-5.825919,2024-01-01 04:15:00
-0.084947295,-11.038208,2024-01-01 04:30:00
5.906612,-12.354386,2024-01-01 04:45:00
2.0376983,-10.694752,2024-01-01 05:00:00
6.79302,-10.907587,2024-01-01 05:15:00
13.457446,-19.989042,2024-01-01 05:30:00
11.102809,-7.1490407,2024-01-01 05:45:00
10.723053,-11.386801,2024-01-01 06:00:00
11.765233,-5.3042593,2024-01-01 06:15:00
13.026976,-16.489435,2024-01-01 06:30:00
9.423324,-4.798906,2024-01-01 06:45:00
13.247147,-2.9632697,2024-01-01 07:00:00
17.21839,-5.229434,2024-01-01 07:15:00
19.525326,-12.643977,2024-01-01 07:30:00
17.712498,3.0235245,2024-01-01 07:45:00
24.840605,2.200311,2024-01-01 08:00:00
21.496202,8.144886,2024-01-01 08:15:00
37.893707,11.053502,2024-01-01 08:30:00
21.282288,-3.6315773,2024-01-01 08:45:00
30.011717,15.799676,2024-01-01 09:00:00
31.080824,3.7171102,2024-01-01 09:15:00
35.591766,7.9037004,2024-01-01 09:30:00
25.75191,15.488911,2024-01-01 09:45:00
34.18175,13.304407,2024-01-01 10:00:00
32.385014,15.90359,2024-01-01 10:15:00
42.391773,15.912884,2024-01-01 10:30:00
25.020594,13.91542,2024-01-01 10:45:00
46.555016,13.654319,2024-01-01 11:00:00
34.585293,16.096924,2024-01-01 11:15:00
35.14118,14.931081,2024-01-01 11:30:00
44.715073,12.707541,2024-01-01 11:45:00
17.3663,13.301622,2024-01-01 12:00:00
38.875877,4.3285084,2024-01-01 12:15:00
41.700867,-5.25108,2024-01-01 12:30:00
41.168674,-6.961244,2024-01-01 12:45:00
42.085167,-12.533086,2024-01-01 13:00:00
41.9413,-9.105067,2024-01-01 13:15:00
36.79437,-6.570003,2024-01-01 13:30:00
31.08899,-9.931451,2024-01-01 13:45:00
41.223827,-3.4103634,2024-01-01 14:00:00
48.390293,-12.561112,2024-01-01 14:15:00
38.049667,-15.3545265,2024-01-01 14:30:00
41.55734,-0.64752847,2024-01-01 14:45:00
-0.3645332,14.974946,2024-01-01 15:00:00
32.52759,-11.784072,2024-01-01 15:15:00
-5.3841004,6.394572,2024-01-01 15:30:00
27.978046,-11.938796,2024-01-01 15:45:00
4.307311,13.622217,2024-01-01 16:00:00
0.71477026,17.682959,2024-01-01 16:15:00
-11.148131,7.974232,2024-01-01 16:30:00
-10.711106,13.880681,2024-01-01 16:45:00
-5.349852,16.21779,2024-01-01 17:00:00
-9.412256,10.211248,2024-01-01 17:15:00
-14.318609,13.617494,2024-01-01 17:30:00
-19.579739,1.961402,2024-01-01 17:45:00
-25.469467,9.601709,2024-01-01 18:00:00
-30.23997,6.6136436,2024-01-01 18:15:00
-20.202936,12.865202,2024-01-01 18:30:00
-25.841751,1.7511141,2024-01-01 18:45:00
-26.164661,7.4673586,2024-01-01 19:00:00
-22.157349,0.518845,2024-01-01 19:15:00
-32.24214,-1.6329664,2024-01-01 19:30:00
-32.69984,-5.8615875,2024-01-01 19:45:00
-28.813383,1.4208928,2024-01-01 20:00:00
-37.675465,-8.291385,2024-01-01 20:15:00
-34.285946,0.36025846,2024-01-01 20:30:00
-42.94259,-8.019417,2024-01-01 20:45:00
-43.940907,-1.1180955,2024-01-01 21:00:00
-36.49804,4.7891936,2024-01-01 21:15:00
-36.59802,2.5138361,2024-01-01 21:30:00
-29.32687,-5.3444524,2024-01-01 21:45:00
-35.678017,8.3519,2024-01-01 22:00:00
-38.727154,4.8535976,2024-01-01 22:15:00
-23.953571,14.9719715,2024-01-01 22:30:00
-22.63848,-3.0853794,2024-01-01 22:45:00
-45.269638,-7.372747,2024-01-01 23:00:00
-39.7512,4.600652,2024-01-01 23:15:00
-46.32852,-0.3024774,2024-01-01 23:30:00
-31.031662,2.0524876,2024-01-01 23:45:00
-27.835373,-11.088244,2024-01-02 00:00:00
-22.503847,-6.874827,2024-01-02 00:15:00
-17.018162,-9.072795,2024-01-02 00:30:00
-12.835105,-9.621433,2024-01-02 00:45:00
-24.40382,-12.596546,2024-01-02 01:00:00
-15.791133,-19.371672,2024-01-02 01:15:00
-23.749828,-20.157621,2024-01-02 01:30:00
-13.281377,-13.252992,2024-01-02 01:45:00
-21.645613,-15.334661,2024-01-02 02:00:00
-13.538944,-4.1601114,2024-01-02 02:15:00
-19.09571,-19.580671,2024-01-02 02:30:00
-22.799053,-13.919463,2024-01-02 02:45:00
-9.740928,-16.012295,2024-01-02 03:00:00
-17.687134,-14.33227,2024-01-02 03:15:00
-10.399555,-22.39173,2024-01-02 03:30:00
-0.2900312,-8.015957,2024-01-02 03:45:00
-1.733638,-4.7398243,2024-01-02 04:00:00
0.9846452,-24.706457,2024-01-02 04:15:00
-5.854059,-9.182147,2024-01-02 04:30:00
10.038906,-22.976587,2024-01-02 04:45:00
9.271477,-13.036259,2024-01-02 05:00:00
16.25945,-20.630924,2024-01-02 05:15:00
13.401685,-5.5570955,2024-01-02 05:30:00
1.8096392,-19.240362,2024-01-02 05:45:00
8.864089,-12.181724,2024-01-02 06:00:00
9.917555,-7.35778,2024-01-02 06:15:00
11.925096,-3.02573,2024-01-02 06:30:00
15.987784,-17.103508,2024-01-02 06:45:00
14.443193,-16.348316,2024-01-02 07:00:00
14.423756,-18.62914,2024-01-02 07:15:00
18.922619,-12.590286,2024-01-02 07:30:00
21.476751,5.7531576,2024-01-02 07:45:00
18.20086,9.347897,2024-01-02 08:00:00
29.450346,5.2647114,2024-01-02 08:15:00
29.839293,7.5979924,2024-01-02 08:30:00
29.360456,12.1881895,2024-01-02 08:45:00
18.56189,12.748637,2024-01-02 09:00:00
26.624,-1.2574598,2024-01-02 09:15:00
33.924072,4.5281596,2024-01-02 09:30:00
36.1918,22.517206,2024-01-02 09:45:00
26.157595,16.107222,2024-01-02 10:00:00
42.88703,14.504462,2024-01-02 10:15:00
34.57639,17.664745,2024-01-02 10:30:00
29.167934,18.704279,2024-01-02 10:45:00
36.68699,15.633994,2024-01-02 11:00:00
51.662,-8.296108,2024-01-02 11:15:00
34.525864,4.042679,2024-01-02 11:30:00
28.988377,9.318866,2024-01-02 11:45:00
20.910742,12.829575,2024-01-02 12:00:00
31.409801,-5.319863,2024-01-02 12:15:00
48.25564,1.1134517,2024-01-02 12:30:00
38.42368,-7.108625,2024-01-02 12:45:00
42.583073,-4.681382,2024-01-02 13:00:00
46.06595,-3.302052,2024-01-02 13:15:00
44.386734,-8.445392,2024-01-02 13:30:00
38.74552,-13.003339,2024-01-02 13:45:00
32.385456,-12.024998,2024-01-02 14:00:00
43.337475,-11.805664,2024-01-02 14:15:00
44.16095,-17.343071,2024-01-02 14:30:00
39.26698,-11.516718,2024-01-02 14:45:00
33.910984,-8.508741,2024-01-02 15:00:00
35.609646,-17.901005,2024-01-02 15:15:00
41.59037,-15.941082,2024-01-02 15:30:00
-3.331301,17.887375,2024-01-02 15:45:00
-12.159599,8.195568,2024-01-02 16:00:00
2.7872403,19.547167,2024-01-02 16:15:00
14.946776,10.806086,2024-01-02 16:30:00
0.28214994,15.121909,2024-01-02 16:45:00
0.90375155,18.472855,2024-01-02 17:00:00
-19.237782,13.763394,2024-01-02 17:15:00
-16.587492,10.197325,2024-01-02 17:30:00
-8.8459015,-0.20508026,2024-01-02 17:45:00
-20.301147,3.2456355,2024-01-02 18:00:00
-17.960978,9.9809065,2024-01-02 18:15:00
-23.569576,4.602316,2024-01-02 18:30:00
-14.484582,1.1962502,2024-01-02 18:45:00
-28.926134,12.479748,2024-01-02 19:00:00
-29.835344,-4.730035,2024-01-02 19:15:00
-29.403265,-1.0897009,2024-01-02 19:30:00
-24.47935,1.0513753,2024-01-02 19:45:00
-31.753036,-4.7962956,2024-01-02 20:00:00
-33.773933,-3.9190454,2024-01-02 20:15:00
-50.221306,9.857548,2024-01-02 20:30:00
-50.28389,9.857294,2024-01-02 20:45:00
-50.84569,7.084176,2024-01-02 21:00:00
-51.995678,7.0155087,2024-01-02 21:15:00
-48.440083,10.439804,2024-01-02 21:30:00
-54.463593,11.001981,2024-01-02 21:45:00
-49.398994,6.1343927,2024-01-02 22:00:00
-49.542908,7.738916,2024-01-02 22:15:00
-49.17563,5.3503222,2024-01-02 22:30:00
-47.9974,10.576152,2024-01-02 22:45:00
-54.21355,4.462557,2024-01-02 23:00:00
-48.17588,7.5331006,2024-01-02 23:15:00
-49.20472,5.2352085,2024-01-02 23:30:00
-35.53977,11.566747,2024-01-02 23:45:00
-30.98373,-7.526804,2024-01-03 00:00:00
-14.087003,-13.538371,2024-01-03 00:15:00
-26.869675,-11.740963,2024-01-03 00:30:00
-27.84136,-17.119406,2024-01-03 00:45:00
-22.022848,-21.347282,2024-01-03 01:00:00
-23.418667,-13.003909,2024-01-03 01:15:00
-21.772436,-12.260179,2024-01-03 01:30:00
-17.777693,-12.389107,2024-01-03 01:45:00
-9.200637,-9.574958,2024-01-03 02:00:00
-7.777047,-6.8411107,2024-01-03 02:15:00
-2.4249527,-21.730782,2024-01-03 02:30:00
-3.5887568,-10.287009,2024-01-03 02:45:00
-16.301287,-12.772163,2024-01-03 03:00:00
-1.0954337,-13.34089,2024-01-03 03:15:00
-5.0332284,-12.266412,2024-01-03 03:30:00
-3.380036,-6.230902,2024-01-03 03:45:00
-6.8090606,-22.944056,2024-01-03 04:00:00
-0.28555328,-14.1226,2024-01-03 04:15:00
10.262966,-21.967558,2024-01-03 04:30:00
-2.6957874,-11.624126,2024-01-03 04:45:00
10.853082,-13.721054,2024-01-03 05:00:00
8.610439,-18.221703,2024-01-03 05:15:00
1.2304196,-9.735038,2024-01-03 05:30:00
15.46867,-19.978453,2024-01-03 05:45:00
11.02245,-8.69307,2024-01-03 06:00:00
7.8161306,-5.027774,2024-01-03 06:15:00
13.39162,-4.532381,2024-01-03 06:30:00
20.776096,6.9042945,2024-01-03 06:45:00
13.722955,-11.2657385,2024-01-03 07:00:00
23.93609,4.3990755,2024-01-03 07:15:00
25.524557,3.4241788,2024-01-03 07:30:00
21.395449,3.2775092,2024-01-03 07:45:00
52.13088,-0.23552506,2024-01-03 08:00:00
17.293798,12.369767,2024-01-03 08:15:00
33.14742,2.7230856,2024-01-03 08:30:00
26.239408,6.040746,2024-01-03 08:45:00
27.223265,-2.170073,2024-01-03 09:00:00
30.559303,6.574726,2024-01-03 09:15:00
26.930569,-0.49773392,2024-01-03 09:30:00
33.482937,13.49705,2024-01-03 09:45:00
35.734566,14.933511,2024-01-03 10:00:00
41.935192,13.588053,2024-01-03 10:15:00
41.300694,15.676228,2024-01-03 10:30:00
39.704975,15.743298,2024-01-03 10:45:00
40.69846,3.80003,2024-01-03 11:00:00
36.334812,11.055279,2024-01-03 11:15:00
34.364044,-1.2319257,2024-01-03 11:30:00
46.9049,6.8776083,2024-01-03 11:45:00
40.988083,-0.045505755,2024-01-03 12:00:00
41.015182,7.5317,2024-01-03 12:15:00
34.751972,-4.6254115,2024-01-03 12:30:00
33.780827,-5.0944324,2024-01-03 12:45:00
26.56536,-5.211693,2024-01-03 13:00:00
49.807262,-10.237739,2024-01-03 13:15:00
39.08855,-7.8789806,2024-01-03 13:30:00
43.18525,0.7057787,2024-01-03 13:45:00
44.78804,-1.0275308,2024-01-03 14:00:00
40.198376,-9.334707,2024-01-03 14:15:00
40.73232,-13.922518,2024-01-03 14:30:00
23.648586,18.333601,2024-01-03 14:45:00
28.103031,-2.9395409,2024-01-03 15:00:00
35.51734,-10.90448,2024-01-03 15:15:00
2.84798,15.357395,2024-01-03 15:30:00
-1.2191539,12.335675,2024-01-03 15:45:00
-0.17144118,16.983824,2024-01-03 16:00:00
-6.34795,14.585206,2024-01-03 16:15:00
-4.0328226,15.436703,2024-01-03 16:30:00
-13.700042,14.429792,2024-01-03 16:45:00
-9.797379,18.65671,2024-01-03 17:00:00
-14.497388,0.90712154,2024-01-03 17:15:00
-10.443117,10.4607525,2024-01-03 17:30:00
-22.362572,-0.5603743,2024-01-03 17:45:00
-12.870001,12.447495,2024-01-03 18:00:00
-14.141536,11.661792,2024-01-03 18:15:00
-27.686403,12.767299,2024-01-03 18:30:00
-26.08614,9.597805,2024-01-03 18:45:00
-18.632963,5.414722,2024-01-03 19:00:00
-27.566954,4.223499,2024-01-03 19:15:00
-30.033245,0.9146825,2024-01-03 19:30:00
-29.476345,18.053795,2024-01-03 19:45:00
-29.951622,9.024971,2024-01-03 20:00:00
-33.322697,19.632832,2024-01-03 20:15:00
-30.19295,18.83149,2024-01-03 20:30:00
-27.963757,4.761421,2024-01-03 20:45:00
-32.60163,15.103436,2024-01-03 21:00:00
-38.779182,10.859232,2024-01-03 21:15:00
-32.672344,20.229445,2024-01-03 21:30:00
-31.572706,17.507923,2024-01-03 21:45:00
-33.031136,23.76439,2024-01-03 22:00:00
-34.012352,24.412487,2024-01-03 22:15:00
-34.46999,22.634167,2024-01-03 22:30:00
-34.03225,24.09969,2024-01-03 22:45:00
-35.97377,21.981998,2024-01-03 23:00:00
-35.524536,22.188484,2024-01-03 23:15:00
-33.832947,23.236551,2024-01-03 23:30:00
-36.14653,21.674068,2024-01-03 23:45:00
-33.943645,21.913956,2024-01-04 00:00:00
-32.462822,22.21872,2024-01-04 00:15:00
-32.551365,22.653227,2024-01-04 00:30:00
-30.696926,23.25735,2024-01-04 00:45:00
-31.209682,23.526287,2024-01-04 01:00:00
-38.614315,-14.013217,2024-01-04 01:15:00
-51.62155,2.6675189,2024-01-04 01:30:00
-19.025003,-5.0175896,2024-01-04 01:45:00
-14.5369005,-11.038591,2024-01-04 02:00:00
-11.31719,-16.339592,2024-01-04 02:15:00
-19.40721,-12.498524,2024-01-04 02:30:00
-11.774619,-17.869957,2024-01-04 02:45:00
4.6689134,-20.32897,2024-01-04 03:00:00
-19.865377,-14.981806,2024-01-04 03:15:00
-9.507725,-13.753802,2024-01-04 03:30:00
-3.4230807,-11.002516,2024-01-04 03:45:00
-1.0105379,-8.446331,2024-01-04 04:00:00
-7.9156203,-14.040353,2024-01-04 04:15:00
-1.0603592,-22.58781,2024-01-04 04:30:00
10.948347,-17.431396,2024-01-04 04:45:00
13.580452,-23.0246,2024-01-04 05:00:00
12.798812,-16.598661,2024-01-04 05:15:00
2.9122255,-4.9794707,2024-01-04 05:30:00
8.424983,-7.56448,2024-01-04 05:45:00
17.288452,1.7604855,2024-01-04 06:00:00
13.554137,-17.749651,2024-01-04 06:15:00
16.164461,-0.516697,2024-01-04 06:30:00
5.9662333,-17.949142,2024-01-04 06:45:00
23.916368,-0.42256865,2024-01-04 07:00:00
11.166019,-6.79065,2024-01-04 07:15:00
19.618505,-3.791623,2024-01-04 07:30:00
18.776463,-0.11643862,2024-01-04 07:45:00
22.133991,0.84062606,2024-01-04 08:00:00
26.88112,4.1687055,2024-01-04 08:15:00
24.488512,5.9661756,2024-01-04 08:30:00
24.32437,15.150776,2024-01-04 08:45:00
27.2596,2.2560894,2024-01-04 09:00:00
37.890903,11.369021,2024-01-04 09:15:00
29.78662,1.933832,2024-01-04 09:30:00
41.376778,5.562423,2024-01-04 09:45:00
43.18894,15.855314,2024-01-04 10:00:00
41.19879,7.3638234,2024-01-04 10:15:00
31.751541,11.757952,2024-01-04 10:30:00
38.704643,17.776072,2024-01-04 10:45:00
39.752563,18.06477,2024-01-04 11:00:00
42.904785,7.0905766,2024-01-04 11:15:00
38.88548,9.411783,2024-01-04 11:30:00
22.828152,15.799671,2024-01-04 11:45:00
26.178736,-4.3443713,2024-01-04 12:00:00
38.8152,8.394867,2024-01-04 12:15:00
43.760742,1.9326489,2024-01-04 12:30:00
36.378136,-1.127729,2024-01-04 12:45:00
32.30964,-10.169867,2024-01-04 13:00:00
36.51846,-9.275743,2024-01-04 13:15:00
43.187572,-11.334516,2024-01-04 13:30:00
49.395393,-4.98721,2024-01-04 13:45:00
35.758804,-1.4575016,2024-01-04 14:00:00
32.376644,-14.665357,2024-01-04 14:15:00
48.1775,-7.356566,2024-01-04 14:30:00
51.78493,-8.278612,2024-01-04 14:45:00
42.07726,-15.775781,2024-01-04 15:00:00
29.53879,-8.313616,2024-01-04 15:15:00
2.5541906,17.504526,2024-01-04 15:30:00
30.19816,-9.819833,2024-01-04 15:45:00
-6.948076,13.519093,2024-01-04 16:00:00
-2.9555843,5.812239,2024-01-04 16:15:00
-4.3004327,-2.051307,2024-01-04 16:30:00
-3.5406382,12.073391,2024-01-04 16:45:00
-18.361904,11.780515,2024-01-04 17:00:00
-3.4255393,5.8747053,2024-01-04 17:15:00
-23.0411,9.501566,2024-01-04 17:30:00
-9.134968,23.188507,2024-01-04 17:45:00
-21.967892,2.7220237,2024-01-04 18:00:00
-42.964184,-10.555604,2024-01-04 18:15:00
-14.978002,12.883251,2024-01-04 18:30:00
-34.72588,-3.3784828,2024-01-04 18:45:00
-31.578382,2.4636784,2024-01-04 19:00:00
-31.783474,-10.296846,2024-01-04 19:15:00
-18.707827,-1.6939433,2024-01-04 19:30:00
-21.492798,-0.6860345,2024-01-04 19:45:00
-29.853415,-2.4500935,2024-01-04 20:00:00
-34.936092,-11.570588,2024-01-04 20:15:00
-20.006586,-0.86744964,2024-01-04 20:30:00
-33.741917,9.371401,2024-01-04 20:45:00
-35.102287,3.3905137,2024-01-04 21:00:00
-36.162666,4.5425434,2024-01-04 21:15:00
-34.572758,-6.125866,2024-01-04 21:30:00
-36.202362,7.3230414,2024-01-04 21:45:00
-22.863487,-1.0191708,2024-01-04 22:00:00
-40.577908,9.392987,2024-01-04 22:15:00
-36.109417,8.770238,2024-01-04 22:30:00
-40.241814,2.5134382,2024-01-04 22:45:00
-33.49715,2.4124107,2024-01-04 23:00:00
-26.662764,-2.2696674,2024-01-04 23:15:00
-40.41021,-1.0904009,2024-01-04 23:30:00
-29.602724,9.261922,2024-01-04 23:45:00
-42.753483,-4.9252105,2024-01-05 00:00:00
-33.784843,-14.731696,2024-01-05 00:15:00
-14.714602,-5.9243536,2024-01-05 00:30:00
-28.18178,-14.551304,2024-01-05 00:45:00
-30.085897,-10.831005,2024-01-05 01:00:00
-28.8946,-13.170189,2024-01-05 01:15:00
-22.920454,-6.6155014,2024-01-05 01:30:00
-18.6162,-8.247617,2024-01-05 01:45:00
-10.703694,-17.385662,2024-01-05 02:00:00
-16.284676,-15.726554,2024-01-05 02:15:00
-8.544029,-21.25979,2024-01-05 02:30:00
-4.735738,-13.426788,2024-01-05 02:45:00
-5.532351,-19.1907,2024-01-05 03:00:00
-9.362441,-17.359406,2024-01-05 03:15:00
-2.5220892,-17.850552,2024-01-05 03:30:00
-7.250211,-9.475855,2024-01-05 03:45:00
-1.8887848,-20.064873,2024-01-05 04:00:00
-0.8900573,-11.2445965,2024-01-05 04:15:00
0.09854417,-17.371063,2024-01-05 04:30:00
7.743632,-14.610679,2024-01-05 04:45:00
8.584843,-21.669981,2024-01-05 05:00:00
13.004339,-19.158998,2024-01-05 05:15:00
12.363916,-13.877264,2024-01-05 05:30:00
10.423614,-18.78332,2024-01-05 05:45:00
-1.4733075,-10.9432955,2024-01-05 06:00:00
21.465412,-8.986264,2024-01-05 06:15:00
14.560638,-3.2012057,2024-01-05 06:30:00
1.0756055,0.053602137,2024-01-05 06:45:00
20.862312,5.654498,2024-01-05 07:00:00
17.003462,-0.93806374,2024-01-05 07:15:00
14.049194,5.9165826,2024-01-05 07:30:00
32.410698,5.6195526,2024-01-05 07:45:00
21.781017,1.1547592,2024-01-05 08:00:00
31.852262,7.976203,2024-01-05 08:15:00
24.26002,2.6096795,2024-01-05 08:30:00
30.868423,13.028553,2024-01-05 08:45:00
29.006039,0.72950184,2024-01-05 09:00:00
26.20326,0.49532896,2024-01-05 09:15:00
34.148956,1.9864624,2024-01-05 09:30:00
37.646168,5.97563,2024-01-05 09:45:00
21.462334,12.690711,2024-01-05 10:00:00
29.171919,9.206321,2024-01-05 10:15:00
42.02576,13.735098,2024-01-05 10:30:00
31.729465,11.549826,2024-01-05 10:45:00
40.823715,4.510114,2024-01-05 11:00:00
37.68165,16.34512,2024-01-05 11:15:00
40.59877,4.389063,2024-01-05 11:30:00
36.531593,15.588425,2024-01-05 11:45:00
36.86981,1.0648483,2024-01-05 12:00:00
35.637238,-4.6137404,2024-01-05 12:15:00
26.099537,-4.4056015,2024-01-05 12:30:00
44.199093,-6.7297125,2024-01-05 12:45:00
38.36691,-14.041471,2024-01-05 13:00:00
45.327656,-8.387206,2024-01-05 13:15:00
31.457468,-2.6664498,2024-01-05 13:30:00
41.005135,-3.181644,2024-01-05 13:45:00
45.68191,-14.081943,2024-01-05 14:00:00
36.249237,-3.7296076,2024-01-05 14:15:00
39.756813,-8.810552,2024-01-05 14:30:00
39.903225,-0.69736147,2024-01-05 14:45:00
33.33158,-9.363557,2024-01-05 15:00:00
29.393913,-6.791924,2024-01-05 15:15:00
30.991325,-7.4806337,2024-01-05 15:30:00
0.16041689,7.9230876,2024-01-05 15:45:00
32.634594,-8.145747,2024-01-05 16:00:00
-1.344077,12.170173,2024-01-05 16:15:00
-5.867254,17.327826,2024-01-05 16:30:00
-3.908304,23.82563,2024-01-05 16:45:00
-9.177746,14.186311,2024-01-05 17:00:00
1.3965412,19.91661,2024-01-05 17:15:00
-13.508543,2.7107556,2024-01-05 17:30:00
-16.765854,11.487016,2024-01-05 17:45:00
-11.706592,6.2204595,2024-01-05 18:00:00
-13.209405,9.025004,2024-01-05 18:15:00
-34.635265,4.7263746,2024-01-05 18:30:00
-14.81789,12.31183,2024-01-05 18:45:00
-21.362652,-6.906737,2024-01-05 19:00:00
-29.332514,-4.912547,2024-01-05 19:15:00
-35.837875,-8.040141,2024-01-05 19:30:00
-30.666481,-0.28050172,2024-01-05 19:45:00
-25.065323,4.879322,2024-01-05 20:00:00
-23.281094,14.4477,2024-01-05 20:15:00
-30.767178,4.6025343,2024-01-05 20:30:00
-36.778305,1.8626148,2024-01-05 20:45:00
-35.695225,-5.9003615,2024-01-05 21:00:00
-38.117847,7.763862,2024-01-05 21:15:00
-22.449923,-3.1479237,2024-01-05 21:30:00
-41.253944,-2.9211626,2024-01-05 21:45:00
-26.54864,10.659085,2024-01-05 22:00:00
-41.620384,7.2407274,2024-01-05 22:15:00
-49.356247,6.7512813,2024-01-05 22:30:00
-52.07221,9.175269,2024-01-05 22:45:00
-51.678535,10.598891,2024-01-05 23:00:00
-54.385063,10.903722,2024-01-05 23:15:00
-57.517513,7.09263,2024-01-05 23:30:00
-58.755257,8.196179,2024-01-05 23:45:00
-56.385746,6.991559,2024-01-06 00:00:00
-57.842278,7.1619487,2024-01-06 00:15:00
-57.863285,5.463993,2024-01-06 00:30:00
-58.779106,5.797496,2024-01-06 00:45:00
-57.589634,4.7077026,2024-01-06 01:00:00
-59.173878,6.0487046,2024-01-06 01:15:00
-57.659534,3.6930125,2024-01-06 01:30:00
-59.23545,7.570686,2024-01-06 01:45:00
-14.424038,-18.87801,2024-01-06 02:00:00
-13.931247,-17.374136,2024-01-06 02:15:00
-11.540556,-5.9504967,2024-01-06 02:30:00
-9.912566,-20.55147,2024-01-06 02:45:00
-3.8238707,-15.5126505,2024-01-06 03:00:00
-1.6159784,-16.530388,2024-01-06 03:15:00
-6.989799,-9.615173,2024-01-06 03:30:00
-2.8210485,-18.143509,2024-01-06 03:45:00
-4.1254234,-13.00844,2024-01-06 04:00:00
0.6846314,-19.199102,2024-01-06 04:15:00
2.6097536,-17.149254,2024-01-06 04:30:00
-8.706092,-15.737617,2024-01-06 04:45:00
12.453608,-18.078566,2024-01-06 05:00:00
11.859468,-20.286848,2024-01-06 05:15:00
2.338069,-14.559713,2024-01-06 05:30:00
2.804521,-7.6031356,2024-01-06 05:45:00
-6.81034,-21.530592,2024-01-06 06:00:00
5.113689,-9.541218,2024-01-06 06:15:00
17.285534,-15.140708,2024-01-06 06:30:00
14.079762,-10.09665,2024-01-06 06:45:00
14.198239,-0.45270064,2024-01-06 07:00:00
19.279648,-2.5189645,2024-01-06 07:15:00
17.597494,-1.6125189,2024-01-06 07:30:00
23.398668,-1.5400481,2024-01-06 07:45:00
33.056824,8.532584,2024-01-06 08:00:00
25.398367,4.4417453,2024-01-06 08:15:00
24.347095,8.9761305,2024-01-06 08:30:00
21.618565,8.854959,2024-01-06 08:45:00
34.597847,11.413021,2024-01-06 09:00:00
33.223637,8.897404,2024-01-06 09:15:00
40.304672,6.0789013,2024-01-06 09:30:00
19.476707,14.065283,2024-01-06 09:45:00
34.537037,12.655282,2024-01-06 10:00:00
37.56448,8.052322,2024-01-06 10:15:00
31.956575,16.594126,2024-01-06 10:30:00
42.017746,10.114121,2024-01-06 10:45:00
43.433346,13.084573,2024-01-06 11:00:00
40.37493,14.32362,2024-01-06 11:15:00
29.732635,18.30743,2024-01-06 11:30:00
48.17124,-0.15021306,2024-01-06 11:45:00
36.847347,9.055972,2024-01-06 12:00:00
45.44864,12.671419,2024-01-06 12:15:00
39.717472,-5.6126575,2024-01-06 12:30:00
37.750095,-5.298521,2024-01-06 12:45:00
40.75172,-7.8101583,2024-01-06 13:00:00
42.981194,-8.684895,2024-01-06 13:15:00
47.659687,-9.672112,2024-01-06 13:30:00
36.156338,-3.3834438,2024-01-06 13:45:00
32.659386,-15.022786,2024-01-06 14:00:00
31.855408,-3.329676,2024-01-06 14:15:00
30.452324,-15.718109,2024-01-06 14:30:00
36.917942,-15.035013,2024-01-06 14:45:00
-0.74247056,13.820577,2024-01-06 15:00:00
2.1175442,7.6939306,2024-01-06 15:15:00
-6.984334,7.115456,2024-01-06 15:30:00
-0.028261282,8.884553,2024-01-06 15:45:00
-10.497264,18.048136,2024-01-06 16:00:00
-5.2941833,24.221056,2024-01-06 16:15:00
-5.8387446,21.05558,2024-01-06 16:30:00
-5.2003307,12.5011015,2024-01-06 16:45:00
-13.106517,11.526095,2024-01-06 17:00:00
-10.385547,3.0895433,2024-01-06 17:15:00
-7.7759056,6.619064,2024-01-06 17:30:00
0.94449604,12.749882,2024-01-06 17:45:00
-32.940006,-10.515838,2024-01-06 18:00:00
-9.354441,13.395141,2024-01-06 18:15:00
-30.56016,-5.9517064,2024-01-06 18:30:00
-20.170708,1.6597027,2024-01-06 18:45:00
-25.85218,-7.276548,2024-01-06 19:00:00
-24.857029,5.648357,2024-01-06 19:15:00
-28.608383,3.5881166,2024-01-06 19:30:00
-31.08818,-11.865452,2024-01-06 19:45:00
-27.63956,-5.8003006,2024-01-06 20:00:00
-34.08563,-2.594707,2024-01-06 20:15:00
-31.944086,-5.838762,2024-01-06 20:30:00
-34.897785,-2.9075842,2024-01-06 20:45:00
-26.119158,-2.538505,2024-01-06 21:00:00
-39.707745,-3.7168593,2024-01-06 21:15:00
-40.52745,-0.89370894,2024-01-06 21:30:00
-31.694656,12.875111,2024-01-06 21:45:00
-39.430233,3.051428,2024-01-06 22:00:00
-35.49914,2.1872108,2024-01-06 22:15:00
-45.174324,-4.803803,2024-01-06 22:30:00
-45.125057,5.5238376,2024-01-06 22:45:00
-42.320034,2.792686,2024-01-06 23:00:00
-42.957073,0.29226005,2024-01-06 23:15:00
-31.872753,6.2144213,2024-01-06 23:30:00
-35.560345,-12.877898,2024-01-06 23:45:00
-12.206084,-11.690727,2024-01-07 00:00:00
-24.287256,-15.084007,2024-01-07 00:15:00
-17.18833,-6.2860436,2024-01-07 00:30:00
-17.668234,-15.97891,2024-01-07 00:45:00
-15.270549,-4.0343895,2024-01-07 01:00:00
-23.75105,-18.422842,2024-01-07 01:15:00
-19.057182,-17.296026,2024-01-07 01:30:00
-25.991116,-15.955901,2024-01-07 01:45:00
-13.301004,-22.294405,2024-01-07 02:00:00
-10.561445,-6.4309535,2024-01-07 02:15:00
-29.273205,-14.736772,2024-01-07 02:30:00
-14.483541,-11.275896,2024-01-07 02:45:00
-7.5192995,-21.181448,2024-01-07 03:00:00
-1.6045345,-13.412111,2024-01-07 03:15:00
-0.17746027,-22.489904,2024-01-07 03:30:00
-3.1454449,-7.801205,2024-01-07 03:45:00
6.186077,-8.620655,2024-01-07 04:00:00
-5.3657556,-4.9151077,2024-01-07 04:15:00
2.2901044,-15.281155,2024-01-07 04:30:00
-0.6748926,-9.506853,2024-01-07 04:45:00
-59.560177,9.800696,2024-01-07 05:00:00
-59.6918,9.950038,2024-01-07 05:15:00
-59.93856,9.228566,2024-01-07 05:30:00
-58.840748,10.038608,2024-01-07 05:45:00
-60.202026,10.646809,2024-01-07 06:00:00
-60.225235,10.004404,2024-01-07 06:15:00
16.877703,-19.981218,2024-01-07 06:30:00
15.279163,-13.585151,2024-01-07 06:45:00
8.728682,-8.826172,2024-01-07 07:00:00
18.279985,0.60569966,2024-01-07 07:15:00
17.466232,1.9373995,2024-01-07 07:30:00
13.991698,5.982725,2024-01-07 07:45:00
16.206446,7.3201423,2024-01-07 08:00:00
26.941778,5.846178,2024-01-07 08:15:00
33.291267,2.2152262,2024-01-07 08:30:00
27.56028,6.6594386,2024-01-07 08:45:00
33.70392,10.984544,2024-01-07 09:00:00
25.076174,6.6729226,2024-01-07 09:15:00
24.7551,13.42646,2024-01-07 09:30:00
34.765427,-0.30495083,2024-01-07 09:45:00
31.493835,9.690066,2024-01-07 10:00:00
36.383755,16.77693,2024-01-07 10:15:00
29.965263,13.696016,2024-01-07 10:30:00
26.813976,16.699987,2024-01-07 10:45:00
35.19533,9.186435,2024-01-07 11:00:00
40.51931,12.923523,2024-01-07 11:15:00
39.695686,4.9951606,2024-01-07 11:30:00
35.351093,1.6089479,2024-01-07 11:45:00
32.274525,0.89222,2024-01-07 12:00:00
35.280163,-2.7937105,2024-01-07 12:15:00
42.986877,-7.433944,2024-01-07 12:30:00
46.61588,-4.995683,2024-01-07 12:45:00
44.054375,2.115732,2024-01-07 13:00:00
43.81553,-16.128096,2024-01-07 13:15:00
45.56816,-5.2696714,2024-01-07 13:30:00
46.204075,-3.2724583,2024-01-07 13:45:00
36.439415,-15.702507,2024-01-07 14:00:00
40.549522,-15.106707,2024-01-07 14:15:00
47.36253,-17.207314,2024-01-07 14:30:00
38.283344,-9.2797,2024-01-07 14:45:00
43.290295,-14.11449,2024-01-07 15:00:00
-0.8660942,15.257807,2024-01-07 15:15:00
9.543955,17.10984,2024-01-07 15:30:00
3.481214,9.350506,2024-01-07 15:45:00
-5.976391,17.08711,2024-01-07 16:00:00
2.4856107,15.969144,2024-01-07 16:15:00
29.110744,-9.093863,2024-01-07 16:30:00
-17.654943,1.3104384,2024-01-07 16:45:00
-11.347196,10.227201,2024-01-07 17:00:00
2.3655667,16.801672,2024-01-07 17:15:00
-15.543766,10.147109,2024-01-07 17:30:00
-20.268839,6.8766346,2024-01-07 17:45:00
-14.023382,2.1397295,2024-01-07 18:00:00
-25.310514,4.246952,2024-01-07 18:15:00
-16.644094,5.9229164,2024-01-07 18:30:00
-21.231127,1.6899308,2024-01-07 18:45:00
-17.83819,6.2690916,2024-01-07 19:00:00
-28.860172,1.5323802,2024-01-07 19:15:00
-27.903992,-4.0651007,2024-01-07 19:30:00
-42.97941,-10.369507,2024-01-07 19:45:00
-26.624273,9.34722,2024-01-07 20:00:00
-28.603127,-1.0227315,2024-01-07 20:15:00
-33.69793,1.5118943,2024-01-07 20:30:00
-23.400202,-1.4355074,2024-01-07 20:45:00
-40.96752,0.23743908,2024-01-07 21:00:00
-30.717585,4.1292872,2024-01-07 21:15:00
-31.256918,5.1039853,2024-01-07 21:30:00
-42.48655,3.1985848,2024-01-07 21:45:00
-42.722893,-5.968979,2024-01-07 22:00:00
-45.122475,-3.5827036,2024-01-07 22:15:00
-43.027122,-3.1387901,2024-01-07 22:30:00
-45.32431,4.574224,2024-01-07 22:45:00
-39.247383,-0.3666255,2024-01-07 23:00:00
-36.687172,-0.81977135,2024-01-07 23:15:00
-42.95797,3.950005,2024-01-07 23:30:00
-39.668568,-5.143704,2024-01-07 23:45:00
-46.957268,-5.6552243,2024-01-08 00:00:00
-47.35467,-4.9451766,2024-01-08 00:15:00
-13.738183,-16.124361,2024-01-08 00:30:00
-13.591972,-12.304712,2024-01-08 00:45:00
-8.080548,-17.854525,2024-01-08 01:00:00
-8.311201,-12.171439,2024-01-08 01:15:00
-21.39229,-19.070457,2024-01-08 01:30:00
-20.483309,-11.463703,2024-01-08 01:45:00
-17.601088,-10.722625,2024-01-08 02:00:00
-11.7302685,-13.589277,2024-01-08 02:15:00
-10.439937,-18.289562,2024-01-08 02:30:00
-16.843302,-18.890734,2024-01-08 02:45:00
-4.760614,-5.1741557,2024-01-08 03:00:00
4.396608,-11.2029,2024-01-08 03:15:00
0.8531594,-12.52469,2024-01-08 03:30:00
4.096957,-12.45565,2024-01-08 03:45:00
-5.7388477,-14.095504,2024-01-08 04:00:00
-5.684988,-22.130333,2024-01-08 04:15:00
-0.4934966,-21.343676,2024-01-08 04:30:00
2.6812317,-7.5847535,2024-01-08 04:45:00
13.793709,-22.327843,2024-01-08 05:00:00
5.8802214,-3.4817688,2024-01-08 05:15:00
9.847845,-12.383366,2024-01-08 05:30:00
12.7296,-21.695417,2024-01-08 05:45:00
12.615913,0.4547646,2024-01-08 06:00:00
16.053492,-7.0173483,2024-01-08 06:15:00
6.2443385,-3.5800412,2024-01-08 06:30:00
16.228786,-18.205988,2024-01-08 06:45:00
13.7373705,0.5301371,2024-01-08 07:00:00
16.961744,-8.181484,2024-01-08 07:15:00
24.71898,-2.3955686,2024-01-08 07:30:00
26.43771,19.856285,2024-01-08 07:45:00
26.467539,19.863253,2024-01-08 08:00:00
24.314274,1.5456889,2024-01-08 08:15:00
25.346584,-0.010544512,2024-01-08 08:30:00
25.10014,12.0415325,2024-01-08 08:45:00
30.155474,14.744255,2024-01-08 09:00:00
28.785133,8.516821,2024-01-08 09:15:00
37.208897,14.086743,2024-01-08 09:30:00
35.67241,17.536734,2024-01-08 09:45:00
22.153805,9.350659,2024-01-08 10:00:00
32.37056,12.716975,2024-01-08 10:15:00
37.93742,10.210228,2024-01-08 10:30:00
28.457922,13.757623,2024-01-08 10:45:00
41.032097,1.2330816,2024-01-08 11:00:00
38.71369,21.672876,2024-01-08 11:15:00
40.121796,8.424709,2024-01-08 11:30:00
49.94712,-4.871421,2024-01-08 11:45:00
34.672256,5.7644157,2024-01-08 12:00:00
28.972715,11.389851,2024-01-08 12:15:00
43.279778,-17.207037,2024-01-08 12:30:00
39.60651,-2.0236297,2024-01-08 12:45:00
32.21709,-6.863568,2024-01-08 13:00:00
44.030384,-2.2172723,2024-01-08 13:15:00
46.939217,-2.786427,2024-01-08 13:30:00
49.685127,-8.876162,2024-01-08 13:45:00
31.497662,-15.235057,2024-01-08 14:00:00
38.10384,-14.385307,2024-01-08 14:15:00
33.629814,-7.4353566,2024-01-08 14:30:00
45.82585,-11.911534,2024-01-08 14:45:00
37.20539,-12.313806,2024-01-08 15:00:00
-0.4314476,18.576092,2024-01-08 15:15:00
4.5387244,16.449701,2024-01-08 15:30:00
4.1590986,12.912708,2024-01-08 15:45:00
40.145435,-19.586126,2024-01-08 16:00:00
-3.0337448,11.074518,2024-01-08 16:15:00
-6.7311826,10.37344,2024-01-08 16:30:00
-17.197763,9.005121,2024-01-08 16:45:00
-17.443268,0.48623464,2024-01-08 17:00:00
-11.394185,4.132227,2024-01-08 17:15:00
-11.676221,10.91312,2024-01-08 17:30:00
-20.68306,4.5286355,2024-01-08 17:45:00
-18.840784,7.441078,2024-01-08 18:00:00
-19.578022,9.54655,2024-01-08 18:15:00
-9.970331,12.145407,2024-01-08 18:30:00
-28.258284,14.867897,2024-01-08 18:45:00
-21.443417,5.136479,2024-01-08 19:00:00
-27.386019,3.884858,2024-01-08 19:15:00
-34.283485,-3.9236848,2024-01-08 19:30:00
-35.07677,-8.8544235,2024-01-08 19:45:00
-37.12525,-8.663536,2024-01-08 20:00:00
-21.790686,7.9644313,2024-01-08 20:15:00
-23.421854,12.032739,2024-01-08 20:30:00
-36.473118,3.2864053,2024-01-08 20:45:00
-35.647533,-2.13308,2024-01-08 21:00:00
-32.009045,8.832754,2024-01-08 21:15:00
-43.816128,11.582655,2024-01-08 21:30:00
-43.80204,11.767256,2024-01-08 21:45:00
-34.08986,7.0959554,2024-01-08 22:00:00
-19.924274,-1.1148278,2024-01-08 22:15:00
-41.596844,7.132701,2024-01-08 22:30:00
-38.286167,-1.7401569,2024-01-08 22:45:00
-21.608322,-2.8984997,2024-01-08 23:00:00
-39.43827,-8.317679,2024-01-08 23:15:00
-20.641287,-2.9730558,2024-01-08 23:30:00
-39.094593,9.787208,2024-01-08 23:45:00
-27.017017,-0.039960444,2024-01-09 00:00:00
-22.935589,-11.333394,2024-01-09 00:15:00
-10.834871,-13.392288,2024-01-09 00:30:00
-19.287252,-21.85067,2024-01-09 00:45:00
-12.883934,-12.2956705,2024-01-09 01:00:00
-11.298079,-8.8782015,2024-01-09 01:15:00
-19.426159,-14.435815,2024-01-09 01:30:00
-12.022738,-15.231926,2024-01-09 01:45:00
-24.177164,-8.71674,2024-01-09 02:00:00
-19.205278,-9.368674,2024-01-09 02:15:00
-21.034988,-9.711528,2024-01-09 02:30:00
-5.8855133,-15.539544,2024-01-09 02:45:00
-10.508865,-11.468221,2024-01-09 03:00:00
-2.167204,-10.936133,2024-01-09 03:15:00
9.567371,-16.833961,2024-01-09 03:30:00
-0.26327497,-2.8444505,2024-01-09 03:45:00
-4.2183104,-16.328545,2024-01-09 04:00:00
2.6136403,-22.517427,2024-01-09 04:15:00
0.55770046,-19.326674,2024-01-09 04:30:00
0.792866,-8.906124,2024-01-09 04:45:00
3.5642157,-13.411745,2024-01-09 05:00:00
2.593567,-12.841055,2024-01-09 05:15:00
-8.233297,-14.867015,2024-01-09 05:30:00
11.446762,-19.647585,2024-01-09 05:45:00
11.712919,-10.767872,2024-01-09 06:00:00
17.38547,-3.1288514,2024-01-09 06:15:00
15.510815,-3.1087255,2024-01-09 06:30:00
16.240812,-16.730001,2024-01-09 06:45:00
19.68581,4.138729,2024-01-09 07:00:00
15.957001,-13.599266,2024-01-09 07:15:00
21.35537,-2.535259,2024-01-09 07:30:00
32.80232,4.521982,2024-01-09 07:45:00
23.571512,4.631763,2024-01-09 08:00:00
17.65275,10.077222,2024-01-09 08:15:00
23.183542,17.79627,2024-01-09 08:30:00
26.224417,15.181713,2024-01-09 08:45:00
28.257063,3.9988923,2024-01-09 09:00:00
40.49598,18.981228,2024-01-09 09:15:00
26.132927,10.790755,2024-01-09 09:30:00
34.037807,7.348515,2024-01-09 09:45:00
43.111626,11.866525,2024-01-09 10:00:00
49.773506,8.667929,2024-01-09 10:15:00
47.715336,9.715376,2024-01-09 10:30:00
51.43878,9.741772,2024-01-09 10:45:00
46.50103,9.290102,2024-01-09 11:00:00
51.891308,6.4801683,2024-01-09 11:15:00
52.658348,6.5149474,2024-01-09 11:30:00
52.932278,8.871068,2024-01-09 11:45:00
52.15251,8.411247,2024-01-09 12:00:00
52.63423,7.897924,2024-01-09 12:15:00
52.08307,6.71879,2024-01-09 12:30:00
54.166004,6.0551167,2024-01-09 12:45:00
54.372017,5.6669946,2024-01-09 13:00:00
53.258957,7.893906,2024-01-09 13:15:00
39.155888,-8.653955,2024-01-09 13:30:00
42.29332,-14.620601,2024-01-09 13:45:00
39.5916,-10.299205,2024-01-09 14:00:00
31.603367,-12.900694,2024-01-09 14:15:00
37.916218,-7.410747,2024-01-09 14:30:00
33.22916,-9.446384,2024-01-09 14:45:00
31.302855,-9.604812,2024-01-09 15:00:00
-1.5813653,11.085369,2024-01-09 15:15:00
1.3739641,11.217647,2024-01-09 15:30:00
25.356125,-9.566029,2024-01-09 15:45:00
-6.180432,11.1357975,2024-01-09 16:00:00
-4.2164063,15.317305,2024-01-09 16:15:00
4.5800295,15.955649,2024-01-09 16:30:00
-7.1092944,16.788822,2024-01-09 16:45:00
-17.596292,1.6042831,2024-01-09 17:00:00
-5.30601,5.702778,2024-01-09 17:15:00
-12.080927,16.86578,2024-01-09 17:30:00
-23.211664,10.408343,2024-01-09 17:45:00
-18.79926,11.900383,2024-01-09 18:00:00
-15.961014,14.009927,2024-01-09 18:15:00
-14.59428,7.1336203,2024-01-09 18:30:00
-29.592308,1.3372574,2024-01-09 18:45:00
-30.222593,-6.5296607,2024-01-09 19:00:00
-31.369839,-3.4068902,2024-01-09 19:15:00
-10.712455,-13.040451,2024-01-09 19:30:00
-20.399841,6.881236,2024-01-09 19:45:00
-34.195778,-7.6324315,2024-01-09 20:00:00
-51.865963,3.209713,2024-01-09 20:15:00
-52.244347,4.0233192,2024-01-09 20:30:00
-52.385128,9.149977,2024-01-09 20:45:00
-51.60248,7.45291,2024-01-09 21:00:00
-31.890842,5.1380777,2024-01-09 21:15:00
-37.861675,2.4455402,2024-01-09 21:30:00
-43.320156,-1.283828,2024-01-09 21:45:00
-40.0173,9.342259,2024-01-09 22:00:00
-38.452972,7.717453,2024-01-09 22:15:00
-36.74989,-6.966467,2024-01-09 22:30:00
-20.550997,-1.5852062,2024-01-09 22:45:00
-40.05631,12.3303,2024-01-09 23:00:00
-36.16904,11.9484625,2024-01-09 23:15:00
-45.02088,3.8253295,2024-01-09 23:30:00
-31.4255,7.882204,2024-01-09 23:45:00
-16.826668,-3.4135575,2024-01-10 00:00:00
-15.117995,-11.656849,2024-01-10 00:15:00
-29.78894,-9.780039,2024-01-10 00:30:00
-26.540329,-11.1896515,2024-01-10 00:45:00
-24.747097,-19.157421,2024-01-10 01:00:00
-19.86532,-4.4013386,2024-01-10 01:15:00
-28.724638,-9.551104,2024-01-10 01:30:00
-16.92627,-8.913855,2024-01-10 01:45:00
-21.336134,-13.223285,2024-01-10 02:00:00
-17.644999,-15.737014,2024-01-10 02:15:00
-19.899698,-12.48733,2024-01-10 02:30:00
-21.852217,-10.221364,2024-01-10 02:45:00
-12.830497,-22.116674,2024-01-10 03:00:00
-13.89015,-19.047256,2024-01-10 03:15:00
-11.233574,-4.8682394,2024-01-10 03:30:00
-1.806396,-20.02023,2024-01-10 03:45:00
2.8480263,-21.86369,2024-01-10 04:00:00
5.002854,-17.193048,2024-01-10 04:15:00
-4.4428544,-8.093209,2024-01-10 04:30:00
-1.0973358,-9.746704,2024-01-10 04:45:00
-1.5310869,-7.5894017,2024-01-10 05:00:00
11.4990635,-4.767331,2024-01-10 05:15:00
11.626378,-15.880004,2024-01-10 05:30:00
8.300415,-15.0717945,2024-01-10 05:45:00
-3.587957,-15.0777235,2024-01-10 06:00:00
2.3186357,-5.4096394,2024-01-10 06:15:00
14.877272,-4.880516,2024-01-10 06:30:00
14.917309,3.2103436,2024-01-10 06:45:00
15.397194,6.169346,2024-01-10 07:00:00
20.583382,2.5152287,2024-01-10 07:15:00
19.767273,-6.010981,2024-01-10 07:30:00
17.791435,-15.400908,2024-01-10 07:45:00
13.377894,5.922604,2024-01-10 08:00:00
19.520546,-0.2857797,2024-01-10 08:15:00
31.896421,14.385827,2024-01-10 08:30:00
29.551336,2.0670774,2024-01-10 08:45:00
36.00335,5.812617,2024-01-10 09:00:00
36.69002,6.1700473,2024-01-10 09:15:00
35.605915,12.885815,2024-01-10 09:30:00
24.140676,17.731606,2024-01-10 09:45:00
33.965523,6.688901,2024-01-10 10:00:00
38.50821,13.992811,2024-01-10 10:15:00
18.194344,12.386083,2024-01-10 10:30:00
44.434,5.338779,2024-01-10 10:45:00
37.60055,18.012417,2024-01-10 11:00:00
19.363981,13.701176,2024-01-10 11:15:00
39.46943,12.427768,2024-01-10 11:30:00
29.433678,3.9855003,2024-01-10 11:45:00
32.612698,11.36848,2024-01-10 12:00:00
42.75653,-4.8676405,2024-01-10 12:15:00
38.826157,2.36382,2024-01-10 12:30:00
42.836388,-6.791586,2024-01-10 12:45:00
46.358105,-4.108034,2024-01-10 13:00:00
36.876244,-4.61962,2024-01-10 13:15:00
37.089493,0.626339,2024-01-10 13:30:00
46.077343,-8.044106,2024-01-10 13:45:00
37.001503,-2.8933342,2024-01-10 14:00:00
47.95774,-9.179415,2024-01-10 14:15:00
35.12547,-12.21487,2024-01-10 14:30:00
35.040455,-13.657658,2024-01-10 14:45:00
30.865725,-11.4573765,2024-01-10 15:00:00
48.22742,9.333363,2024-01-10 15:15:00
2.0550184,7.7483068,2024-01-10 15:30:00
26.000088,-8.3161955,2024-01-10 15:45:00
40.35356,-17.857508,2024-01-10 16:00:00
5.8610067,10.505354,2024-01-10 16:15:00
1.2643982,15.221991,2024-01-10 16:30:00
-3.1335013,13.69698,2024-01-10 16:45:00
-8.517819,18.873512,2024-01-10 17:00:00
-2.0481484,18.475061,2024-01-10 17:15:00
-11.395053,13.88835,2024-01-10 17:30:00
-20.723124,9.590338,2024-01-10 17:45:00
-27.32437,13.418916,2024-01-10 18:00:00
-35.49459,-3.8358421,2024-01-10 18:15:00
-11.492971,15.994704,2024-01-10 18:30:00
-17.651709,7.8032737,2024-01-10 18:45:00
-27.812504,14.228318,2024-01-10 19:00:00
-22.19269,13.46685,2024-01-10 19:15:00
-23.622158,1.501037,2024-01-10 19:30:00
-28.965212,-3.6274035,2024-01-10 19:45:00
-34.98064,4.405792,2024-01-10 20:00:00
-31.998621,-6.806843,2024-01-10 20:15:00
-33.612247,3.181817,2024-01-10 20:30:00
-32.548805,4.6901674,2024-01-10 20:45:00
-39.189457,1.612422,2024-01-10 21:00:00
-39.1955,-10.210881,2024-01-10 21:15:00
-35.347137,0.31026518,2024-01-10 21:30:00
-42.348217,8.037255,2024-01-10 21:45:00
-42.822994,10.36369,2024-01-10 22:00:00
-37.37126,0.13276088,2024-01-10 22:15:00
-42.336338,-2.2976205,2024-01-10 22:30:00
-40.32599,6.3118377,2024-01-10 22:45:00
-44.198814,2.37761,2024-01-10 23:00:00
-11.823279,-1.0133991,2024-01-10 23:15:00
-32.14159,0.32435876,2024-01-10 23:30:00
-40.648266,-4.3782744,2024-01-10 23:45:00
-14.615144,-9.207649,2024-01-11 00:00:00
-24.92531,-5.1951966,2024-01-11 00:15:00
-33.602726,-15.015467,2024-01-11 00:30:00
-20.596687,-16.253046,2024-01-11 00:45:00
-24.765982,-12.721086,2024-01-11 01:00:00
-15.977013,-3.1588113,2024-01-11 01:15:00
-25.236397,-15.015492,2024-01-11 01:30:00
-12.348294,-6.108227,2024-01-11 01:45:00
-21.338797,-17.15516,2024-01-11 02:00:00
-24.309153,-16.676445,2024-01-11 02:15:00
-12.022997,-19.517002,2024-01-11 02:30:00
-13.345438,-17.775537,2024-01-11 02:45:00
-7.894175,-12.352018,2024-01-11 03:00:00
-6.2264905,-22.294077,2024-01-11 03:15:00
-8.356854,-9.5564165,2024-01-11 03:30:00
-5.805774,-18.860968,2024-01-11 03:45:00
-1.684674,-16.266968,2024-01-11 04:00:00
2.1782956,-5.563258,2024-01-11 04:15:00
-2.2109504,-14.315278,2024-01-11 04:30:00
6.406266,-17.661646,2024-01-11 04:45:00
3.5245504,-23.077694,2024-01-11 05:00:00
-2.7558947,-24.521482,2024-01-11 05:15:00
2.0653245,-11.081007,2024-01-11 05:30:00
12.888347,-14.504811,2024-01-11 05:45:00
9.606956,-10.73978,2024-01-11 06:00:00
9.776978,-10.097138,2024-01-11 06:15:00
8.094759,-10.01247,2024-01-11 06:30:00
13.746231,-7.0371814,2024-01-11 06:45:00
12.509908,-12.542728,2024-01-11 07:00:00
12.773791,-7.7212486,2024-01-11 07:15:00
19.11135,-2.531659,2024-01-11 07:30:00
17.973576,-13.152578,2024-01-11 07:45:00
23.574783,11.439629,2024-01-11 08:00:00
22.40354,-4.7627788,2024-01-11 08:15:00
32.3731,1.1740582,2024-01-11 08:30:00
34.631165,10.719644,2024-01-11 08:45:00
29.514883,17.729752,2024-01-11 09:00:00
40.710247,19.527279,2024-01-11 09:15:00
42.654724,18.37774,2024-01-11 09:30:00
40.174423,14.359541,2024-01-11 09:45:00
30.636335,6.858137,2024-01-11 10:00:00
50.812683,11.4550085,2024-01-11 10:15:00
33.713306,6.519327,2024-01-11 10:30:00
26.946434,7.672403,2024-01-11 10:45:00
34.047104,19.559147,2024-01-11 11:00:00
38.742046,18.986782,2024-01-11 11:15:00
37.10613,3.2697883,2024-01-11 11:30:00
46.992996,5.667762,2024-01-11 11:45:00
46.130043,-0.4395016,2024-01-11 12:00:00
36.08201,10.836205,2024-01-11 12:15:00
41.579075,-10.668054,2024-01-11 12:30:00
44.741905,2.9229655,2024-01-11 12:45:00
35.28636,-6.9858937,2024-01-11 13:00:00
36.637142,-11.217225,2024-01-11 13:15:00
41.563713,-12.033236,2024-01-11 13:30:00
36.04155,-6.6162276,2024-01-11 13:45:00
43.6295,-9.451203,2024-01-11 14:00:00
34.718887,-10.151598,2024-01-11 14:15:00
44.204605,-11.217381,2024-01-11 14:30:00
13.6417265,12.423874,2024-01-11 14:45:00
37.13869,-12.168106,2024-01-11 15:00:00
4.0418434,18.362303,2024-01-11 15:15:00
0.37519377,17.78032,2024-01-11 15:30:00
29.788065,-10.921178,2024-01-11 15:45:00
-6.0764847,9.198214,2024-01-11 16:00:00
0.17298983,7.790172,2024-01-11 16:15:00
-10.271019,8.326611,2024-01-11 16:30:00
-8.708296,9.648781,2024-01-11 16:45:00
-19.137365,14.135853,2024-01-11 17:00:00
0.47962657,12.479305,2024-01-11 17:15:00
-8.049935,5.8057733,2024-01-11 17:30:00
-13.130959,7.845421,2024-01-11 17:45:00
-28.949776,21.082636,2024-01-11 18:00:00
-26.23709,16.27069,2024-01-11 18:15:00
-34.062195,18.984474,2024-01-11 18:30:00
-30.324259,18.25037,2024-01-11 18:45:00
-30.008976,21.058489,2024-01-11 19:00:00
-31.361898,20.766977,2024-01-11 19:15:00
-30.016287,21.09963,2024-01-11 19:30:00
-33.18598,19.644037,2024-01-11 19:45:00
-31.321327,19.404247,2024-01-11 20:00:00
-31.648222,21.751385,2024-01-11 20:15:00
-34.619457,20.709242,2024-01-11 20:30:00
-36.41992,-4.278263,2024-01-11 20:45:00
-38.453487,-8.374591,2024-01-11 21:00:00
-46.801426,-5.670712,2024-01-11 21:15:00
-33.886963,6.5081525,2024-01-11 21:30:00
-45.10723,2.6500542,2024-01-11 21:45:00
-38.45788,-0.9540263,2024-01-11 22:00:00
-38.392223,-5.506185,2024-01-11 22:15:00
-44.033245,1.5271143,2024-01-11 22:30:00
-31.071188,6.3381457,2024-01-11 22:45:00
-44.782307,1.2532583,2024-01-11 23:00:00
-21.474318,18.099707,2024-01-11 23:15:00
-36.447517,12.109978,2024-01-11 23:30:00
-38.06959,-5.286732,2024-01-11 23:45:00
-20.219412,-8.179987,2024-01-12 00:00:00
-28.833094,-14.212384,2024-01-12 00:15:00
-8.2536125,-6.8429103,2024-01-12 00:30:00
-23.627117,-12.255028,2024-01-12 00:45:00
-16.456518,-21.391445,2024-01-12 01:00:00
-15.153266,-8.594992,2024-01-12 01:15:00
-21.112064,-15.184806,2024-01-12 01:30:00
-23.619652,-15.346036,2024-01-12 01:45:00
-17.571861,-12.873929,2024-01-12 02:00:00
-14.61191,-6.5232296,2024-01-12 02:15:00
-22.90458,-18.627092,2024-01-12 02:30:00
-9.940021,-15.908158,2024-01-12 02:45:00
-0.09403308,-14.487723,2024-01-12 03:00:00
-3.190623,-23.371391,2024-01-12 03:15:00
-10.381467,-22.156145,2024-01-12 03:30:00
-5.8255143,-10.656987,2024-01-12 03:45:00
0.39197764,-14.400267,2024-01-12 04:00:00
-10.150008,-21.201286,2024-01-12 04:15:00
7.7468596,-7.3195276,2024-01-12 04:30:00
6.789193,-12.228124,2024-01-12 04:45:00
11.207266,-19.096178,2024-01-12 05:00:00
10.797961,-15.135988,2024-01-12 05:15:00
11.545667,-7.9707084,2024-01-12 05:30:00
14.303823,-22.293552,2024-01-12 05:45:00
8.580314,-4.9543457,2024-01-12 06:00:00
11.978437,-6.436743,2024-01-12 06:15:00
14.069548,-0.72822773,2024-01-12 06:30:00
15.714171,-5.2013454,2024-01-12 06:45:00
13.007522,6.691319,2024-01-12 07:00:00
17.784346,-3.124101,2024-01-12 07:15:00
10.523644,-1.4508938,2024-01-12 07:30:00
18.075403,-5.0100145,2024-01-12 07:45:00
28.149418,6.442299,2024-01-12 08:00:00
24.10343,2.64214,2024-01-12 08:15:00
19.390348,8.977735,2024-01-12 08:30:00
26.707726,1.6888323,2024-01-12 08:45:00
44.002518,9.259661,2024-01-12 09:00:00
32.500042,14.96295,2024-01-12 09:15:00
19.13589,11.974923,2024-01-12 09:30:00
38.406445,19.894337,2024-01-12 09:45:00
31.492416,9.905648,2024-01-12 10:00:00
27.224596,15.636181,2024-01-12 10:15:00
25.173672,17.185097,2024-01-12 10:30:00
36.403927,19.487867,2024-01-12 10:45:00
37.379757,5.162181,2024-01-12 11:00:00
46.74154,3.8721344,2024-01-12 11:15:00
37.620533,18.691158,2024-01-12 11:30:00
39.416523,4.849807,2024-01-12 11:45:00
31.403069,-6.665996,2024-01-12 12:00:00
38.009567,-1.2100229,2024-01-12 12:15:00
47.481274,-1.5133528,2024-01-12 12:30:00
44.980537,-11.332053,2024-01-12 12:45:00
36.17277,22.5949,2024-01-12 13:00:00
48.23828,1.3376697,2024-01-12 13:15:00
40.019154,-5.018145,2024-01-12 13:30:00
42.958824,-13.234215,2024-01-12 13:45:00
38.43093,-18.782812,2024-01-12 14:00:00
31.956821,-7.43825,2024-01-12 14:15:00
44.24701,-13.266905,2024-01-12 14:30:00
47.72282,-14.389743,2024-01-12 14:45:00
37.9212,-1.7791847,2024-01-12 15:00:00
6.132968,16.31697,2024-01-12 15:15:00
-2.2749093,10.589119,2024-01-12 15:30:00
3.0549686,19.98082,2024-01-12 15:45:00
-4.492147,13.508207,2024-01-12 16:00:00
-5.60524,6.827168,2024-01-12 16:15:00
-8.3059225,13.167607,2024-01-12 16:30:00
-8.050695,12.689382,2024-01-12 16:45:00
-8.148846,17.472439,2024-01-12 17:00:00
-5.966462,21.287077,2024-01-12 17:15:00
-3.9533238,23.76351,2024-01-12 17:30:00
-17.212074,10.37619,2024-01-12 17:45:00
-17.09011,6.1132264,2024-01-12 18:00:00
-34.916286,0.009979174,2024-01-12 18:15:00
-26.440481,6.225194,2024-01-12 18:30:00
-24.49939,11.252724,2024-01-12 18:45:00
-24.393366,6.7084494,2024-01-12 19:00:00
-27.23147,-7.6077785,2024-01-12 19:15:00
-22.808775,1.7357924,2024-01-12 19:30:00
-22.59847,1.6882044,2024-01-12 19:45:00
-31.664917,-5.3049006,2024-01-12 20:00:00
-31.560936,12.512203,2024-01-12 20:15:00
-19.81874,0.3412957,2024-01-12 20:30:00
-30.097858,-9.163596,2024-01-12 20:45:00
-31.98865,9.194135,2024-01-12 21:00:00
-39.871983,11.4559965,2024-01-12 21:15:00
-44.498375,-6.636964,2024-01-12 21:30:00
-34.461704,-5.799298,2024-01-12 21:45:00
-37.53655,6.0576453,2024-01-12 22:00:00
-45.297596,0.794799,2024-01-12 22:15:00
-42.011368,13.758619,2024-01-12 22:30:00
-53.91034,8.596397,2024-01-12 22:45:00
-57.51702,7.6802335,2024-01-12 23:00:00
-57.07968,6.4810567,2024-01-12 23:15:00
-57.29385,6.339751,2024-01-12 23:30:00
-55.58537,5.227246,2024-01-12 23:45:00
-56.132668,8.694037,2024-01-13 00:00:00
-55.873154,3.918034,2024-01-13 00:15:00
-58.010662,6.4794655,2024-01-13 00:30:00
-59.11141,4.517639,2024-01-13 00:45:00
-56.832947,5.2182903,2024-01-13 01:00:00
-57.059326,7.9770765,2024-01-13 01:15:00
-59.105255,4.4589353,2024-01-13 01:30:00
-58.17564,2.835555,2024-01-13 01:45:00
-58.098694,4.2017355,2024-01-13 02:00:00
-14.247332,-14.948442,2024-01-13 02:15:00
-16.84178,-10.555098,2024-01-13 02:30:00
-3.0677588,-23.959015,2024-01-13 02:45:00
-29.432135,-20.368654,2024-01-13 03:00:00
-4.9847655,-12.576011,2024-01-13 03:15:00
4.914072,-9.525277,2024-01-13 03:30:00
-1.5894642,-12.886443,2024-01-13 03:45:00
-2.1940582,-21.610163,2024-01-13 04:00:00
-0.06266731,-16.124151,2024-01-13 04:15:00
-3.068959,-13.691314,2024-01-13 04:30:00
-2.8958883,-12.912984,2024-01-13 04:45:00
10.100101,-20.053297,2024-01-13 05:00:00
11.901055,-13.508757,2024-01-13 05:15:00
5.661909,-14.341617,2024-01-13 05:30:00
-7.6142635,-18.02113,2024-01-13 05:45:00
8.798158,-14.392338,2024-01-13 06:00:00
17.06099,2.5654335,2024-01-13 06:15:00
12.288394,-10.198723,2024-01-13 06:30:00
17.592413,5.6457586,2024-01-13 06:45:00
15.758188,-1.9993613,2024-01-13 07:00:00
15.892009,6.3941064,2024-01-13 07:15:00
12.989808,-2.3397927,2024-01-13 07:30:00
23.273705,10.71192,2024-01-13 07:45:00
21.934996,5.579523,2024-01-13 08:00:00
16.276243,8.445863,2024-01-13 08:15:00
17.313986,11.182322,2024-01-13 08:30:00
28.766483,6.7975073,2024-01-13 08:45:00
32.773445,19.007282,2024-01-13 09:00:00
28.209827,4.01707,2024-01-13 09:15:00
42.102566,10.261598,2024-01-13 09:30:00
29.415216,17.629671,2024-01-13 09:45:00
30.518408,16.081139,2024-01-13 10:00:00
31.605131,0.34569195,2024-01-13 10:15:00
45.008514,16.497517,2024-01-13 10:30:00
36.938976,12.487633,2024-01-13 10:45:00
37.0468,9.226194,2024-01-13 11:00:00
41.804646,4.405444,2024-01-13 11:15:00
34.760605,17.563534,2024-01-13 11:30:00
46.866863,6.8987517,2024-01-13 11:45:00
31.46687,-5.75129,2024-01-13 12:00:00
37.5312,0.27370015,2024-01-13 12:15:00
46.5576,4.1196847,2024-01-13 12:30:00
32.226948,-3.4790468,2024-01-13 12:45:00
47.624836,2.986328,2024-01-13 13:00:00
40.6387,-12.987394,2024-01-13 13:15:00
49.840626,-7.788452,2024-01-13 13:30:00
38.978607,-3.2433386,2024-01-13 13:45:00
43.321728,-2.3927248,2024-01-13 14:00:00
37.734924,-5.476505,2024-01-13 14:15:00
34.29409,-2.3334954,2024-01-13 14:30:00
34.29269,-13.034686,2024-01-13 14:45:00
34.63689,-9.222018,2024-01-13 15:00:00
33.754337,-13.08704,2024-01-13 15:15:00
-2.5807915,9.384708,2024-01-13 15:30:00
-6.4911656,14.489787,2024-01-13 15:45:00
-9.9334955,7.986028,2024-01-13 16:00:00
-20.992085,10.258542,2024-01-13 16:15:00
-10.958253,17.902386,2024-01-13 16:30:00
-3.1570787,11.193467,2024-01-13 16:45:00
-4.262619,9.603427,2024-01-13 17:00:00
-4.947533,12.557605,2024-01-13 17:15:00
-10.819174,3.4783745,2024-01-13 17:30:00
-19.91444,9.4437065,2024-01-13 17:45:00
-34.368404,-10.555311,2024-01-13 18:00:00
-13.369977,16.571926,2024-01-13 18:15:00
-15.570969,16.680155,2024-01-13 18:30:00
-31.782251,-2.7905703,2024-01-13 18:45:00
-25.895834,7.3182054,2024-01-13 19:00:00
-26.421303,13.745298,2024-01-13 19:15:00
-32.871338,-8.007803,2024-01-13 19:30:00
-34.007286,-8.028553,2024-01-13 19:45:00
-34.155853,-1.2982131,2024-01-13 20:00:00
-27.82646,-0.68070775,2024-01-13 20:15:00
-25.208353,-4.7982163,2024-01-13 20:30:00
-30.656876,0.31754935,2024-01-13 20:45:00
-40.438896,-3.85488,2024-01-13 21:00:00
-37.107613,-4.827791,2024-01-13 21:15:00
-43.10181,-7.941318,2024-01-13 21:30:00
-38.610638,3.365613,2024-01-13 21:45:00
-40.22737,12.890801,2024-01-13 22:00:00
-45.00706,-3.076342,2024-01-13 22:15:00
-41.718315,5.34958,2024-01-13 22:30:00
-39.1232,-1.9874703,2024-01-13 22:45:00
-36.012295,5.7489314,2024-01-13 23:00:00
-30.875742,8.786725,2024-01-13 23:15:00
-37.754395,-2.56753,2024-01-13 23:30:00
-36.917625,-11.820647,2024-01-13 23:45:00
-19.238876,-19.11508,2024-01-14 00:00:00
-26.054056,-12.977015,2024-01-14 00:15:00
-24.05216,-11.262099,2024-01-14 00:30:00
-19.273169,-21.519434,2024-01-14 00:45:00
-24.180622,-9.50329,2024-01-14 01:00:00
-19.686285,-17.47423,2024-01-14 01:15:00
-23.359905,-19.697891,2024-01-14 01:30:00
-22.213297,-8.160548,2024-01-14 01:45:00
-20.362656,-18.054482,2024-01-14 02:00:00
-16.801525,-10.467664,2024-01-14 02:15:00
-15.499455,-15.800273,2024-01-14 02:30:00
-6.4766192,-12.972635,2024-01-14 02:45:00
-13.13441,-16.19411,2024-01-14 03:00:00
-17.052465,-16.819284,2024-01-14 03:15:00
-0.012073166,-16.49137,2024-01-14 03:30:00
-16.364506,-14.486401,2024-01-14 03:45:00
4.926011,-16.243528,2024-01-14 04:00:00
0.92314816,-22.589611,2024-01-14 04:15:00
2.6043637,-16.894062,2024-01-14 04:30:00
10.9344,-21.729673,2024-01-14 04:45:00
10.893623,-16.940731,2024-01-14 05:00:00
9.271577,-11.734865,2024-01-14 05:15:00
11.791584,-18.77731,2024-01-14 05:30:00
12.974273,-18.14242,2024-01-14 05:45:00
14.189986,-9.039263,2024-01-14 06:00:00
5.2281613,-6.7381816,2024-01-14 06:15:00
14.529905,-4.760527,2024-01-14 06:30:00
21.498587,-8.910439,2024-01-14 06:45:00
18.881939,-10.369377,2024-01-14 07:00:00
19.179081,-14.149869,2024-01-14 07:15:00
20.982023,-3.3074746,2024-01-14 07:30:00
28.662561,0.8543147,2024-01-14 07:45:00
18.491425,-12.732294,2024-01-14 08:00:00
26.02969,-1.6959083,2024-01-14 08:15:00
35.206596,12.052494,2024-01-14 08:30:00
45.76929,16.993488,2024-01-14 08:45:00
35.36249,6.995817,2024-01-14 09:00:00
38.21747,7.635007,2024-01-14 09:15:00
23.192268,15.606188,2024-01-14 09:30:00
33.01362,18.904652,2024-01-14 09:45:00
37.976086,16.563915,2024-01-14 10:00:00
40.1281,11.074436,2024-01-14 10:15:00
28.881912,10.988219,2024-01-14 10:30:00
37.645218,12.746242,2024-01-14 10:45:00
35.330353,13.476421,2024-01-14 11:00:00
39.56814,0.22401676,2024-01-14 11:15:00
43.52663,-1.061224,2024-01-14 11:30:00
38.107765,12.681298,2024-01-14 11:45:00
42.297672,7.203938,2024-01-14 12:00:00
44.720303,-1.0691341,2024-01-14 12:15:00
42.01779,-9.602235,2024-01-14 12:30:00
48.1998,-13.606271,2024-01-14 12:45:00
50.060272,-10.05143,2024-01-14 13:00:00
29.690722,-15.5746565,2024-01-14 13:15:00
36.59101,-9.300176,2024-01-14 13:30:00
29.735678,-4.149414,2024-01-14 13:45:00
42.226845,-13.376637,2024-01-14 14:00:00
34.98108,-14.357496,2024-01-14 14:15:00
48.453564,-13.58331,2024-01-14 14:30:00
37.25724,-0.09880368,2024-01-14 14:45:00
39.687584,-16.701357,2024-01-14 15:00:00
-2.138182,18.470068,2024-01-14 15:15:00
-6.2568345,7.6308894,2024-01-14 15:30:00
-9.025125,15.110894,2024-01-14 15:45:00
-0.014134325,10.856412,2024-01-14 16:00:00
28.205517,-9.70551,2024-01-14 16:15:00
-9.104266,18.21346,2024-01-14 16:30:00
13.29409,12.021889,2024-01-14 16:45:00
-12.5725975,12.912501,2024-01-14 17:00:00
-10.323438,10.405104,2024-01-14 17:15:00
-15.490736,15.296585,2024-01-14 17:30:00
5.5756927,13.947534,2024-01-14 17:45:00
-19.649027,1.3745669,2024-01-14 18:00:00
-24.324371,7.4359636,2024-01-14 18:15:00
-24.364454,7.7856445,2024-01-14 18:30:00
-29.179697,11.538744,2024-01-14 18:45:00
-21.688543,13.477073,2024-01-14 19:00:00
-26.18904,-9.0813265,2024-01-14 19:15:00
-14.894822,13.856356,2024-01-14 19:30:00
-28.061136,7.7657585,2024-01-14 19:45:00
-28.913227,-4.765168,2024-01-14 20:00:00
-29.649307,-2.8410912,2024-01-14 20:15:00
-40.436317,-8.12851,2024-01-14 20:30:00
-40.97628,1.6986184,2024-01-14 20:45:00
-40.330837,0.91608757,2024-01-14 21:00:00
-45.501106,0.5353455,2024-01-14 21:15:00
-40.186974,5.0856476,2024-01-14 21:30:00
-37.79855,3.8699384,2024-01-14 21:45:00
-39.889023,3.7920542,2024-01-14 22:00:00
-47.440502,0.6102163,2024-01-14 22:15:00
-43.11158,7.197558,2024-01-14 22:30:00
-33.64174,9.198779,2024-01-14 22:45:00
-41.312782,2.1159608,2024-01-14 23:00:00
-27.130732,-0.7278959,2024-01-14 23:15:00
-33.032887,6.793612,2024-01-14 23:30:00
-32.18714,11.833082,2024-01-14 23:45:00
