timestamp,fault_flag,zscore,prediction
2024-01-01 00:00:00+00:00,0,0.0,0
2024-01-01 00:15:00+00:00,0,0.0,0
2024-01-01 00:30:00+00:00,0,0.0,0
2024-01-01 00:45:00+00:00,0,0.0,0
2024-01-01 01:00:00+00:00,0,0.0,0
2024-01-01 01:15:00+00:00,0,0.0,0
2024-01-01 01:30:00+00:00,0,0.0,0
2024-01-01 01:45:00+00:00,0,0.0,0
2024-01-01 02:00:00+00:00,0,0.0,0
2024-01-01 02:15:00+00:00,0,0.0,0
2024-01-01 02:30:00+00:00,0,0.0,0
2024-01-01 02:45:00+00:00,0,1.6846526712227385,0
2024-01-01 03:00:00+00:00,0,1.2707987639794682,0
2024-01-01 03:15:00+00:00,0,1.826700458184143,0
2024-01-01 03:30:00+00:00,0,1.4620056120343465,0
2024-01-01 03:45:00+00:00,0,0.9602833579282981,0
2024-01-01 04:00:00+00:00,0,1.5209748960048668,0
2024-01-01 04:15:00+00:00,0,0.9160337325097496,0
2024-01-01 04:30:00+00:00,0,1.7878549415462375,0
2024-01-01 04:45:00+00:00,0,1.317207332336868,0
2024-01-01 05:00:00+00:00,0,1.6217430397781547,0
2024-01-01 05:15:00+00:00,0,1.217293672901388,0
2024-01-01 05:30:00+00:00,0,2.0906761859242073,0
2024-01-01 05:45:00+00:00,0,1.40155414791444,0
2024-01-01 06:00:00+00:00,0,1.3135606509131093,0
2024-01-01 06:15:00+00:00,0,1.9717929728662282,0
2024-01-01 06:30:00+00:00,0,1.8452877373654697,0
2024-01-01 06:45:00+00:00,0,1.6724997098852046,0
2024-01-01 07:00:00+00:00,0,1.794436976858743,0
2024-01-01 07:15:00+00:00,0,1.5729209497267846,0
2024-01-01 07:30:00+00:00,0,2.1511637301379882,0
2024-01-01 07:45:00+00:00,0,1.9209253906121906,0
2024-01-01 08:00:00+00:00,0,1.0308476171882823,0
2024-01-01 08:15:00+00:00,0,2.1812019397013698,0
2024-01-01 08:30:00+00:00,0,1.5899707512193946,0
2024-01-01 08:45:00+00:00,0,1.7235680436215883,0
2024-01-01 09:00:00+00:00,0,1.1743364255412112,0
2024-01-01 09:15:00+00:00,0,0.8959152676135874,0
2024-01-01 09:30:00+00:00,0,0.9446359007826367,0
2024-01-01 09:45:00+00:00,0,1.6808757128110061,0
2024-01-01 10:00:00+00:00,0,1.6938033775433667,0
2024-01-01 10:15:00+00:00,0,1.5781221263617784,0
2024-01-01 10:30:00+00:00,0,1.4728214822432946,0
2024-01-01 10:45:00+00:00,0,1.4356535807870545,0
2024-01-01 11:00:00+00:00,0,1.343597257783846,0
2024-01-01 11:15:00+00:00,0,1.3707316552760727,0
2024-01-01 11:30:00+00:00,0,1.6103391764739285,0
2024-01-01 11:45:00+00:00,0,1.227044592802021,0
2024-01-01 12:00:00+00:00,0,1.4631958672985002,0
2024-01-01 12:15:00+00:00,0,1.1230119294863248,0
2024-01-01 12:30:00+00:00,0,1.2355978699853414,0
2024-01-01 12:45:00+00:00,0,1.3732698950354685,0
2024-01-01 13:00:00+00:00,0,2.854126965604213,0
2024-01-01 13:15:00+00:00,0,1.5478197049994817,0
2024-01-01 13:30:00+00:00,0,1.6857279076008267,0
2024-01-01 13:45:00+00:00,0,1.7325521462637956,0
2024-01-01 14:00:00+00:00,0,1.3976215041517082,0
2024-01-01 14:15:00+00:00,0,2.4241093054187073,0
2024-01-01 14:30:00+00:00,0,1.9372626130074362,0
2024-01-01 14:45:00+00:00,0,1.960435823392445,0
2024-01-01 15:00:00+00:00,0,2.263192055437093,0
2024-01-01 15:15:00+00:00,0,2.798425647872278,0
2024-01-01 15:30:00+00:00,0,2.1462090763128563,0
2024-01-01 15:45:00+00:00,0,1.4997164992263992,0
2024-01-01 16:00:00+00:00,0,1.4719620423893909,0
2024-01-01 16:15:00+00:00,0,1.409034480667836,0
2024-01-01 16:30:00+00:00,0,1.7322564190515735,0
2024-01-01 16:45:00+00:00,0,1.8130711004138105,0
2024-01-01 17:00:00+00:00,0,1.5060004662753208,0
2024-01-01 17:15:00+00:00,0,1.6662373714067067,0
2024-01-01 17:30:00+00:00,0,2.0689467420886185,0
2024-01-01 17:45:00+00:00,0,1.7616234291985409,0
2024-01-01 18:00:00+00:00,0,1.5162324342974882,0
2024-01-01 18:15:00+00:00,0,1.6222001075595607,0
2024-01-01 18:30:00+00:00,0,1.2626310695895755,0
2024-01-01 18:45:00+00:00,0,1.72703750640199,0
2024-01-01 19:00:00+00:00,0,1.4201297855667654,0
2024-01-01 19:15:00+00:00,0,1.4775741723559017,0
2024-01-01 19:30:00+00:00,0,1.8538746799683257,0
2024-01-01 19:45:00+00:00,0,1.3515237200698416,0
2024-01-01 20:00:00+00:00,0,1.6602248754533881,0
2024-01-01 20:15:00+00:00,0,1.7618890600449255,0
2024-01-01 20:30:00+00:00,0,2.143855959017283,0
2024-01-01 20:45:00+00:00,0,1.319433013753959,0
2024-01-01 21:00:00+00:00,0,2.0343406932711567,0
2024-01-01 21:15:00+00:00,0,1.959817412105647,0
2024-01-01 21:30:00+00:00,0,1.327316550544524,0
2024-01-01 21:45:00+00:00,0,1.8439048843949557,0
2024-01-01 22:00:00+00:00,0,2.2120695304507256,0
2024-01-01 22:15:00+00:00,0,1.9896601641089084,0
2024-01-01 22:30:00+00:00,0,1.9755844769652977,0
2024-01-01 22:45:00+00:00,0,1.4619445122751256,0
2024-01-01 23:00:00+00:00,0,1.3359767140813148,0
2024-01-01 23:15:00+00:00,0,1.5633488756290874,0
2024-01-01 23:30:00+00:00,0,2.231747060405182,0
2024-01-01 23:45:00+00:00,0,1.4315619929870682,0
2024-01-02 00:00:00+00:00,0,3.631689918037224,0
2024-01-02 00:15:00+00:00,0,2.4966917308597845,0
2024-01-02 00:30:00+00:00,0,1.8833149897078603,0
2024-01-02 00:45:00+00:00,0,2.1361608527682834,0
2024-01-02 01:00:00+00:00,0,1.3737969677760198,0
2024-01-02 01:15:00+00:00,0,2.6239089154871134,0
2024-01-02 01:30:00+00:00,0,1.1600621454724067,0
2024-01-02 01:45:00+00:00,0,1.869802793348614,0
2024-01-02 02:00:00+00:00,0,0.8259427850053335,0
2024-01-02 02:15:00+00:00,0,1.2310663279983827,0
2024-01-02 02:30:00+00:00,0,1.048667345086641,0
2024-01-02 02:45:00+00:00,0,1.2608892762534853,0
2024-01-02 03:00:00+00:00,0,1.906661094213808,0
2024-01-02 03:15:00+00:00,0,0.29095636094436383,0
2024-01-02 03:30:00+00:00,0,1.707414080399849,0
2024-01-02 03:45:00+00:00,0,1.6849509878690334,0
2024-01-02 04:00:00+00:00,0,1.5840792919939615,0
2024-01-02 04:15:00+00:00,0,1.2871461187914577,0
2024-01-02 04:30:00+00:00,0,1.8087732356495236,0
2024-01-02 04:45:00+00:00,0,2.4098866053228822,0
2024-01-02 05:00:00+00:00,0,1.8968171371184803,0
2024-01-02 05:15:00+00:00,0,1.6757489084851043,0
2024-01-02 05:30:00+00:00,0,2.228824785882284,0
2024-01-02 05:45:00+00:00,0,1.3036915178933226,0
2024-01-02 06:00:00+00:00,0,1.019717934511464,0
2024-01-02 06:15:00+00:00,0,1.539465252092048,0
2024-01-02 06:30:00+00:00,0,1.5475356529477815,0
2024-01-02 06:45:00+00:00,0,1.8907722787645813,0
2024-01-02 07:00:00+00:00,0,1.5586668804623747,0
2024-01-02 07:15:00+00:00,0,1.4025624784977941,0
2024-01-02 07:30:00+00:00,0,1.720199739924206,0
2024-01-02 07:45:00+00:00,0,0.7073747064409684,0
2024-01-02 08:00:00+00:00,0,0.9774175884628074,0
2024-01-02 08:15:00+00:00,0,1.4887302986044026,0
2024-01-02 08:30:00+00:00,0,1.242377494577299,0
2024-01-02 08:45:00+00:00,0,0.8265993633546446,0
2024-01-02 09:00:00+00:00,0,1.8784396848128873,0
2024-01-02 09:15:00+00:00,0,1.421982973287562,0
2024-01-02 09:30:00+00:00,0,0.7720100613858035,0
2024-01-02 09:45:00+00:00,0,1.4948108508447233,0
2024-01-02 10:00:00+00:00,0,1.9851934054423268,0
2024-01-02 10:15:00+00:00,0,2.1009554434213764,0
2024-01-02 10:30:00+00:00,0,2.330273553937808,0
2024-01-02 10:45:00+00:00,0,2.306668697958328,0
2024-01-02 11:00:00+00:00,0,1.0837452265178484,0
2024-01-02 11:15:00+00:00,0,2.1234135716612936,0
2024-01-02 11:30:00+00:00,0,1.4189546975572855,0
2024-01-02 11:45:00+00:00,0,1.0887563418626252,0
2024-01-02 12:00:00+00:00,0,0.7520134295945969,0
2024-01-02 12:15:00+00:00,0,0.7638226112928485,0
2024-01-02 12:30:00+00:00,0,0.7854441057340332,0
2024-01-02 12:45:00+00:00,0,0.9276020438375375,0
2024-01-02 13:00:00+00:00,0,1.523041089900653,0
2024-01-02 13:15:00+00:00,0,0.9451781200499889,0
2024-01-02 13:30:00+00:00,0,0.9372753959215562,0
2024-01-02 13:45:00+00:00,0,1.5092475530685197,0
2024-01-02 14:00:00+00:00,0,1.719138893702364,0
2024-01-02 14:15:00+00:00,0,1.1020126484420072,0
2024-01-02 14:30:00+00:00,0,1.109501991991353,0
2024-01-02 14:45:00+00:00,0,2.2840743267510035,0
2024-01-02 15:00:00+00:00,0,1.1044751376760233,0
2024-01-02 15:15:00+00:00,0,2.331445033479697,0
2024-01-02 15:30:00+00:00,0,1.8339429610428284,0
2024-01-02 15:45:00+00:00,0,2.1455207463825734,0
2024-01-02 16:00:00+00:00,0,1.996294579954171,0
2024-01-02 16:15:00+00:00,0,1.5347630972541713,0
2024-01-02 16:30:00+00:00,0,2.433774050078781,0
2024-01-02 16:45:00+00:00,0,1.6396822453520612,0
2024-01-02 17:00:00+00:00,0,1.3479559659096543,0
2024-01-02 17:15:00+00:00,0,1.763943178237843,0
2024-01-02 17:30:00+00:00,0,1.3657842445321622,0
2024-01-02 17:45:00+00:00,0,1.0186624458969014,0
2024-01-02 18:00:00+00:00,0,1.3434454196715389,0
2024-01-02 18:15:00+00:00,0,1.2311390163244271,0
2024-01-02 18:30:00+00:00,0,1.4962288946926374,0
2024-01-02 18:45:00+00:00,0,1.2880638222274043,0
2024-01-02 19:00:00+00:00,0,1.464252765447694,0
2024-01-02 19:15:00+00:00,0,1.897104008552065,0
2024-01-02 19:30:00+00:00,0,1.7211736608157027,0
2024-01-02 19:45:00+00:00,0,1.50865667980839,0
2024-01-02 20:00:00+00:00,0,2.4305453025501786,0
2024-01-02 20:15:00+00:00,0,1.261313270106976,0
2024-01-02 20:30:00+00:00,1,3.7362469848391116,0
2024-01-02 20:45:00+00:00,1,2.5763908001069513,0
2024-01-02 21:00:00+00:00,1,2.2280604272045457,0
2024-01-02 21:15:00+00:00,1,1.8287519368684078,0
2024-01-02 21:30:00+00:00,1,1.4316407006559126,0
2024-01-02 21:45:00+00:00,1,1.9101449932455044,0
2024-01-02 22:00:00+00:00,1,1.1326094402565827,0
2024-01-02 22:15:00+00:00,1,1.3602540033136716,0
2024-01-02 22:30:00+00:00,1,0.8900133014143692,0
2024-01-02 22:45:00+00:00,1,1.9076312804097357,0
2024-01-02 23:00:00+00:00,1,1.7867116527424685,0
2024-01-02 23:15:00+00:00,1,1.9913039641489423,0
2024-01-02 23:30:00+00:00,1,1.2789697268961049,0
2024-01-02 23:45:00+00:00,0,1.9780093562294547,0
2024-01-03 00:00:00+00:00,0,2.600847281408416,0
2024-01-03 00:15:00+00:00,0,2.238552003185111,0
2024-01-03 00:30:00+00:00,0,1.8794980903344454,0
2024-01-03 00:45:00+00:00,0,1.5738243739866,0
2024-01-03 01:00:00+00:00,0,1.3378515645317588,0
2024-01-03 01:15:00+00:00,0,1.172539832057648,0
2024-01-03 01:30:00+00:00,0,1.0174137565397408,0
2024-01-03 01:45:00+00:00,0,0.8951404519021259,0
2024-01-03 02:00:00+00:00,0,0.8670899375593515,0
2024-01-03 02:15:00+00:00,0,0.7411560289256188,0
2024-01-03 02:30:00+00:00,0,0.6347410440216925,0
2024-01-03 02:45:00+00:00,0,1.2125508276794845,0
2024-01-03 03:00:00+00:00,0,0.5697174321632384,0
2024-01-03 03:15:00+00:00,0,0.5974385570998731,0
2024-01-03 03:30:00+00:00,0,0.7677523599040369,0
2024-01-03 03:45:00+00:00,0,0.9185551282609317,0
2024-01-03 04:00:00+00:00,0,2.432138701136983,0
2024-01-03 04:15:00+00:00,0,1.6473080284486206,0
2024-01-03 04:30:00+00:00,0,2.252346153047892,0
2024-01-03 04:45:00+00:00,0,1.3694022220645292,0
2024-01-03 05:00:00+00:00,0,1.8092022824910643,0
2024-01-03 05:15:00+00:00,0,1.5357974819974363,0
2024-01-03 05:30:00+00:00,0,1.612717517303435,0
2024-01-03 05:45:00+00:00,0,2.112612965319328,0
2024-01-03 06:00:00+00:00,0,1.7385890743159302,0
2024-01-03 06:15:00+00:00,0,1.867248471654656,0
2024-01-03 06:30:00+00:00,0,1.2410537844832514,0
2024-01-03 06:45:00+00:00,0,1.6690695365805226,0
2024-01-03 07:00:00+00:00,0,1.2849206600469136,0
2024-01-03 07:15:00+00:00,0,1.4417489962128074,0
2024-01-03 07:30:00+00:00,0,1.4061355407410672,0
2024-01-03 07:45:00+00:00,0,0.9349367891309743,0
2024-01-03 08:00:00+00:00,0,1.513665851830424,0
2024-01-03 08:15:00+00:00,0,1.5655569513025565,0
2024-01-03 08:30:00+00:00,0,2.3898123120538046,0
2024-01-03 08:45:00+00:00,0,1.8527285544810694,0
2024-01-03 09:00:00+00:00,0,0.7379249923996193,0
2024-01-03 09:15:00+00:00,0,1.02756206653869,0
2024-01-03 09:30:00+00:00,0,0.6868088738993265,0
2024-01-03 09:45:00+00:00,0,1.0083897376707203,0
2024-01-03 10:00:00+00:00,0,1.439347506640093,0
2024-01-03 10:15:00+00:00,0,1.708724899866025,0
2024-01-03 10:30:00+00:00,0,1.212580352011576,0
2024-01-03 10:45:00+00:00,0,0.8742848646295266,0
2024-01-03 11:00:00+00:00,0,1.6107497231280992,0
2024-01-03 11:15:00+00:00,0,1.2749605245822502,0
2024-01-03 11:30:00+00:00,0,0.8141402965048066,0
2024-01-03 11:45:00+00:00,0,1.3983132629471349,0
2024-01-03 12:00:00+00:00,0,1.321471074331513,0
2024-01-03 12:15:00+00:00,0,1.549017730463608,0
2024-01-03 12:30:00+00:00,0,1.6915394427774573,0
2024-01-03 12:45:00+00:00,0,1.5068358894429292,0
2024-01-03 13:00:00+00:00,0,2.6808078834472324,0
2024-01-03 13:15:00+00:00,0,1.4068487239181269,0
2024-01-03 13:30:00+00:00,0,1.281572480933888,0
2024-01-03 13:45:00+00:00,0,2.2630538496835775,0
2024-01-03 14:00:00+00:00,0,2.264248044594662,0
2024-01-03 14:15:00+00:00,0,1.6197878877628802,0
2024-01-03 14:30:00+00:00,0,1.0518301349115777,0
2024-01-03 14:45:00+00:00,0,0.8799562938304853,0
2024-01-03 15:00:00+00:00,0,1.5022167227689884,0
2024-01-03 15:15:00+00:00,0,1.7016068206916402,0
2024-01-03 15:30:00+00:00,0,1.2096569687815473,0
2024-01-03 15:45:00+00:00,0,0.9301933121138173,0
2024-01-03 16:00:00+00:00,0,1.2954537459341413,0
2024-01-03 16:15:00+00:00,0,1.3659315828563696,0
2024-01-03 16:30:00+00:00,0,1.229027169143506,0
2024-01-03 16:45:00+00:00,0,1.723558318892123,0
2024-01-03 17:00:00+00:00,0,1.1856358287729865,0
2024-01-03 17:15:00+00:00,0,1.175880974022298,0
2024-01-03 17:30:00+00:00,1,2.0825090086268654,0
2024-01-03 17:45:00+00:00,1,1.317821175621034,0
2024-01-03 18:00:00+00:00,1,1.530734374712053,0
2024-01-03 18:15:00+00:00,1,2.001777511469987,0
2024-01-03 18:30:00+00:00,1,2.058038135991089,0
2024-01-03 18:45:00+00:00,1,1.9313352805201018,0
2024-01-03 19:00:00+00:00,1,1.7217387782314055,0
2024-01-03 19:15:00+00:00,1,1.4222072206966745,0
2024-01-03 19:30:00+00:00,1,1.8335444988747853,0
2024-01-03 19:45:00+00:00,1,2.2646632440976426,0
2024-01-03 20:00:00+00:00,1,1.488187298264825,0
2024-01-03 20:15:00+00:00,1,2.58844398719068,0
2024-01-03 20:30:00+00:00,1,1.9254094121978413,0
2024-01-03 20:45:00+00:00,1,1.2216249114722402,0
2024-01-03 21:00:00+00:00,1,2.086885458185855,0
2024-01-03 21:15:00+00:00,1,1.9950712746971249,0
2024-01-03 21:30:00+00:00,1,1.9982395481584696,0
2024-01-03 21:45:00+00:00,1,1.3928004962960197,0
2024-01-03 22:00:00+00:00,1,3.7321563450749977,0
2024-01-03 22:15:00+00:00,1,2.5012436482164344,0
2024-01-03 22:30:00+00:00,1,2.381690699941815,0
2024-01-03 22:45:00+00:00,1,1.7423097338294227,0
2024-01-03 23:00:00+00:00,1,1.4279577136661796,0
2024-01-03 23:15:00+00:00,1,1.2769824857357266,0
2024-01-03 23:30:00+00:00,1,1.3158120817126542,0
2024-01-03 23:45:00+00:00,1,1.107570372135667,0
2024-01-04 00:00:00+00:00,1,0.875190159962311,0
2024-01-04 00:15:00+00:00,1,1.1772196650588096,0
2024-01-04 00:30:00+00:00,1,1.046877034063982,0
2024-01-04 00:45:00+00:00,1,0.9987148675353729,0
2024-01-04 01:00:00+00:00,1,1.5904343649260038,0
2024-01-04 01:15:00+00:00,1,2.9400786556546166,0
2024-01-04 01:30:00+00:00,1,2.3089604373552426,0
2024-01-04 01:45:00+00:00,0,2.999518590298512,0
2024-01-04 02:00:00+00:00,0,2.2433268726090625,0
2024-01-04 02:15:00+00:00,0,1.8397443051846898,0
2024-01-04 02:30:00+00:00,0,1.8385661947499266,0
2024-01-04 02:45:00+00:00,0,1.3115790847127362,0
2024-01-04 03:00:00+00:00,0,1.1035312123951466,0
2024-01-04 03:15:00+00:00,0,1.1835361179878365,0
2024-01-04 03:30:00+00:00,0,0.8663830745172507,0
2024-01-04 03:45:00+00:00,0,0.8066827664375924,0
2024-01-04 04:00:00+00:00,0,0.6817251413861257,0
2024-01-04 04:15:00+00:00,0,0.6119127527480651,0
2024-01-04 04:30:00+00:00,0,1.2164483365443695,0
2024-01-04 04:45:00+00:00,0,1.1150708573374868,0
2024-01-04 05:00:00+00:00,0,1.3118265195227288,0
2024-01-04 05:15:00+00:00,0,1.6991248815162645,0
2024-01-04 05:30:00+00:00,0,2.2603198452507747,0
2024-01-04 05:45:00+00:00,0,1.312315092018069,0
2024-01-04 06:00:00+00:00,0,1.698088481996493,0
2024-01-04 06:15:00+00:00,0,1.199523193173965,0
2024-01-04 06:30:00+00:00,0,1.3914037560577328,0
2024-01-04 06:45:00+00:00,0,1.067338805388345,0
2024-01-04 07:00:00+00:00,0,1.3629026518892076,0
2024-01-04 07:15:00+00:00,0,0.9076666425820391,0
2024-01-04 07:30:00+00:00,0,1.6149311112348317,0
2024-01-04 07:45:00+00:00,0,0.715633427892675,0
2024-01-04 08:00:00+00:00,0,1.6571846877188796,0
2024-01-04 08:15:00+00:00,0,1.3146657719848516,0
2024-01-04 08:30:00+00:00,0,2.088337240495834,0
2024-01-04 08:45:00+00:00,0,2.252574399220444,0
2024-01-04 09:00:00+00:00,0,2.169286894511997,0
2024-01-04 09:15:00+00:00,0,1.4584336852208637,0
2024-01-04 09:30:00+00:00,0,0.9633266080776997,0
2024-01-04 09:45:00+00:00,0,1.1816446596666814,0
2024-01-04 10:00:00+00:00,0,0.6458962733396124,0
2024-01-04 10:15:00+00:00,0,1.028095521806734,0
2024-01-04 10:30:00+00:00,0,1.9047283720185428,0
2024-01-04 10:45:00+00:00,0,1.4181091460331325,0
2024-01-04 11:00:00+00:00,0,0.7429178868525029,0
2024-01-04 11:15:00+00:00,0,1.053284891568448,0
2024-01-04 11:30:00+00:00,0,1.2306172563274564,0
2024-01-04 11:45:00+00:00,0,1.4539352403879156,0
2024-01-04 12:00:00+00:00,0,0.947053092550109,0
2024-01-04 12:15:00+00:00,0,1.6953941013745961,0
2024-01-04 12:30:00+00:00,0,2.0081166037599574,0
2024-01-04 12:45:00+00:00,0,1.4838537212479803,0
2024-01-04 13:00:00+00:00,0,2.4720356354255952,0
2024-01-04 13:15:00+00:00,0,1.7871087871566957,0
2024-01-04 13:30:00+00:00,0,1.1478622517572976,0
2024-01-04 13:45:00+00:00,0,1.3000519914861006,0
2024-01-04 14:00:00+00:00,0,1.9530469245137938,0
2024-01-04 14:15:00+00:00,0,2.3532000677965463,0
2024-01-04 14:30:00+00:00,0,1.8681731602593852,0
2024-01-04 14:45:00+00:00,0,1.3472050107530746,0
2024-01-04 15:00:00+00:00,0,1.9651319970209167,0
2024-01-04 15:15:00+00:00,0,1.7790542358801014,0
2024-01-04 15:30:00+00:00,0,0.9348265753018207,0
2024-01-04 15:45:00+00:00,0,1.2053606712441327,0
2024-01-04 16:00:00+00:00,0,1.5121925260096505,0
2024-01-04 16:15:00+00:00,0,1.144950934309877,0
2024-01-04 16:30:00+00:00,0,1.2532871311094407,0
2024-01-04 16:45:00+00:00,0,1.264917566828906,0
2024-01-04 17:00:00+00:00,0,1.3129706468803355,0
2024-01-04 17:15:00+00:00,0,1.2928802127573102,0
2024-01-04 17:30:00+00:00,0,1.8704375984900221,0
2024-01-04 17:45:00+00:00,0,1.3782856058008053,0
2024-01-04 18:00:00+00:00,0,1.804876925421747,0
2024-01-04 18:15:00+00:00,0,1.5567118217115241,0
2024-01-04 18:30:00+00:00,0,1.7634278560150851,0
2024-01-04 18:45:00+00:00,0,1.943792053308633,0
2024-01-04 19:00:00+00:00,0,1.2790952664860298,0
2024-01-04 19:15:00+00:00,0,2.5546914500062794,0
2024-01-04 19:30:00+00:00,0,1.7202786647775814,0
2024-01-04 19:45:00+00:00,0,1.6684237919484255,0
2024-01-04 20:00:00+00:00,0,1.5731606688079445,0
2024-01-04 20:15:00+00:00,0,2.030551876719186,0
2024-01-04 20:30:00+00:00,0,1.282017518762336,0
2024-01-04 20:45:00+00:00,0,2.121178605533892,0
2024-01-04 21:00:00+00:00,0,1.6504919044710615,0
2024-01-04 21:15:00+00:00,0,1.5637976801122473,0
2024-01-04 21:30:00+00:00,0,1.4053984395670003,0
2024-01-04 21:45:00+00:00,0,2.197151351972384,0
2024-01-04 22:00:00+00:00,0,1.3666597913598781,0
2024-01-04 22:15:00+00:00,0,2.426578826380288,0
2024-01-04 22:30:00+00:00,0,1.9435531654812979,0
2024-01-04 22:45:00+00:00,0,1.5077154723192132,0
2024-01-04 23:00:00+00:00,0,1.2756351665948678,0
2024-01-04 23:15:00+00:00,0,1.8103201630300696,0
2024-01-04 23:30:00+00:00,0,1.5968007833660762,0
2024-01-04 23:45:00+00:00,0,2.3882069083969433,0
2024-01-05 00:00:00+00:00,0,3.648489075606873,0
2024-01-05 00:15:00+00:00,0,2.46735837271261,0
2024-01-05 00:30:00+00:00,0,2.2680157289400533,0
2024-01-05 00:45:00+00:00,0,1.552467007910552,0
2024-01-05 01:00:00+00:00,0,1.345657859835401,0
2024-01-05 01:15:00+00:00,0,1.2848373354881688,0
2024-01-05 01:30:00+00:00,0,1.1737167740492238,0
2024-01-05 01:45:00+00:00,0,1.5268925217544336,0
2024-01-05 02:00:00+00:00,0,0.9917992488404647,0
2024-01-05 02:15:00+00:00,0,1.7105149777957602,0
2024-01-05 02:30:00+00:00,0,1.817124157699527,0
2024-01-05 02:45:00+00:00,0,1.3682206434089992,0
2024-01-05 03:00:00+00:00,0,1.6467528040639081,0
2024-01-05 03:15:00+00:00,0,1.3137610580464927,0
2024-01-05 03:30:00+00:00,0,1.4509426910606789,0
2024-01-05 03:45:00+00:00,0,1.125552735501967,0
2024-01-05 04:00:00+00:00,0,1.3367237914631027,0
2024-01-05 04:15:00+00:00,0,1.5487963874946618,0
2024-01-05 04:30:00+00:00,0,1.7536138507815087,0
2024-01-05 04:45:00+00:00,0,1.1743911791602737,0
2024-01-05 05:00:00+00:00,0,1.5526246324106583,0
2024-01-05 05:15:00+00:00,0,1.2549583102267965,0
2024-01-05 05:30:00+00:00,0,2.1898615860538793,0
2024-01-05 05:45:00+00:00,0,1.9433336623356943,0
2024-01-05 06:00:00+00:00,0,0.5312483307195676,0
2024-01-05 06:15:00+00:00,0,2.3955669187819404,0
2024-01-05 06:30:00+00:00,0,1.0808642879323083,0
2024-01-05 06:45:00+00:00,0,0.798512499706484,0
2024-01-05 07:00:00+00:00,0,1.8043667351215276,0
2024-01-05 07:15:00+00:00,0,2.3745435291798107,0
2024-01-05 07:30:00+00:00,0,1.668122498817948,0
2024-01-05 07:45:00+00:00,0,1.8531520227348621,0
2024-01-05 08:00:00+00:00,0,2.0607682236757547,0
2024-01-05 08:15:00+00:00,0,1.9263186719437944,0
2024-01-05 08:30:00+00:00,0,1.2817263551190072,0
2024-01-05 08:45:00+00:00,0,1.7185156474467598,0
2024-01-05 09:00:00+00:00,0,1.1817680181377987,0
2024-01-05 09:15:00+00:00,0,0.8340207131851779,0
2024-01-05 09:30:00+00:00,0,1.2904349698391386,0
2024-01-05 09:45:00+00:00,0,0.6071983075416829,0
2024-01-05 10:00:00+00:00,0,0.8801877673450926,0
2024-01-05 10:15:00+00:00,0,1.136538499961511,0
2024-01-05 10:30:00+00:00,0,1.6678218114271346,0
2024-01-05 10:45:00+00:00,0,2.157481086061986,0
2024-01-05 11:00:00+00:00,0,1.4005834831179467,0
2024-01-05 11:15:00+00:00,0,1.5176425293344087,0
2024-01-05 11:30:00+00:00,0,1.2031500734200726,0
2024-01-05 11:45:00+00:00,0,1.6357280020855032,0
2024-01-05 12:00:00+00:00,0,1.1793511647666792,0
2024-01-05 12:15:00+00:00,0,1.9472498307658153,0
2024-01-05 12:30:00+00:00,0,1.78826390620617,0
2024-01-05 12:45:00+00:00,0,0.9958789520439628,0
2024-01-05 13:00:00+00:00,0,0.9747379128929392,0
2024-01-05 13:15:00+00:00,0,1.4543371024076526,0
2024-01-05 13:30:00+00:00,0,2.9047347171457054,0
2024-01-05 13:45:00+00:00,0,1.5683184223306499,0
2024-01-05 14:00:00+00:00,0,1.073703171236844,0
2024-01-05 14:15:00+00:00,0,1.4591466499192813,0
2024-01-05 14:30:00+00:00,0,1.3687745505173592,0
2024-01-05 14:45:00+00:00,0,1.8827864692567526,0
2024-01-05 15:00:00+00:00,0,1.7667006451315403,0
2024-01-05 15:15:00+00:00,0,2.4256659900143758,0
2024-01-05 15:30:00+00:00,0,1.739874398554427,0
2024-01-05 15:45:00+00:00,0,1.6261334625190622,0
2024-01-05 16:00:00+00:00,0,1.5793207663016113,0
2024-01-05 16:15:00+00:00,0,1.2618512048556636,0
2024-01-05 16:30:00+00:00,0,1.7657995180528778,0
2024-01-05 16:45:00+00:00,0,1.3594113271998813,0
2024-01-05 17:00:00+00:00,0,2.0928483980604726,0
2024-01-05 17:15:00+00:00,0,1.9609481128966,0
2024-01-05 17:30:00+00:00,0,1.8140267317653025,0
2024-01-05 17:45:00+00:00,0,1.6724883990613901,0
2024-01-05 18:00:00+00:00,0,1.3441040121816565,0
2024-01-05 18:15:00+00:00,0,2.13003960321598,0
2024-01-05 18:30:00+00:00,0,1.2948579311656854,0
2024-01-05 18:45:00+00:00,0,1.5390011870589122,0
2024-01-05 19:00:00+00:00,0,2.3279244526142713,0
2024-01-05 19:15:00+00:00,0,1.7911171797808416,0
2024-01-05 19:30:00+00:00,0,1.972824790442998,0
2024-01-05 19:45:00+00:00,0,1.8891489667289607,0
2024-01-05 20:00:00+00:00,0,1.5281856297841172,0
2024-01-05 20:15:00+00:00,0,1.3330423928019244,0
2024-01-05 20:30:00+00:00,0,1.4195600164560036,0
2024-01-05 20:45:00+00:00,0,2.7827474442961493,0
2024-01-05 21:00:00+00:00,0,1.9328063331872973,0
2024-01-05 21:15:00+00:00,0,1.2569962712912384,0
2024-01-05 21:30:00+00:00,0,1.5357644375733652,0
2024-01-05 21:45:00+00:00,0,1.598282907845356,0
2024-01-05 22:00:00+00:00,0,1.4370503159782113,0
2024-01-05 22:15:00+00:00,0,1.4937673434523169,0
2024-01-05 22:30:00+00:00,1,3.720614263160918,0
2024-01-05 22:45:00+00:00,1,2.535190783429697,0
2024-01-05 23:00:00+00:00,1,2.2411910840952385,0
2024-01-05 23:15:00+00:00,1,1.648057950910419,0
2024-01-05 23:30:00+00:00,1,2.6262129466602335,0
2024-01-05 23:45:00+00:00,1,1.9236735438248456,0
2024-01-06 00:00:00+00:00,1,1.9144625917224363,0
2024-01-06 00:15:00+00:00,1,1.4448303440139565,0
2024-01-06 00:30:00+00:00,1,1.3439577160225478,0
2024-01-06 00:45:00+00:00,1,1.1350645247275855,0
2024-01-06 01:00:00+00:00,1,1.034495715691753,0
2024-01-06 01:15:00+00:00,1,1.0779398210967162,0
2024-01-06 01:30:00+00:00,1,0.9735453931573342,0
2024-01-06 01:45:00+00:00,1,0.8204503378378923,0
2024-01-06 02:00:00+00:00,0,2.9235518956907485,0
2024-01-06 02:15:00+00:00,0,2.4921203590844434,0
2024-01-06 02:30:00+00:00,0,1.9645646000196002,0
2024-01-06 02:45:00+00:00,0,1.6544938011078667,0
2024-01-06 03:00:00+00:00,0,1.4279406398866359,0
2024-01-06 03:15:00+00:00,0,1.3931763416848524,0
2024-01-06 03:30:00+00:00,0,1.618412767928498,0
2024-01-06 03:45:00+00:00,0,1.2267035286653607,0
2024-01-06 04:00:00+00:00,0,1.0987694651872635,0
2024-01-06 04:15:00+00:00,0,0.8873615032634875,0
2024-01-06 04:30:00+00:00,0,0.7001260386636153,0
2024-01-06 04:45:00+00:00,0,1.2840943094041728,0
2024-01-06 05:00:00+00:00,0,1.080002652310081,0
2024-01-06 05:15:00+00:00,0,1.1151922375412862,0
2024-01-06 05:30:00+00:00,0,0.5957683572632634,0
2024-01-06 05:45:00+00:00,0,0.9080318737203151,0
2024-01-06 06:00:00+00:00,0,1.527284388866206,0
2024-01-06 06:15:00+00:00,0,1.6847235078834661,0
2024-01-06 06:30:00+00:00,0,2.581166379500437,0
2024-01-06 06:45:00+00:00,0,1.56642372869301,0
2024-01-06 07:00:00+00:00,0,1.1645787446214058,0
2024-01-06 07:15:00+00:00,0,1.4953628025818175,0
2024-01-06 07:30:00+00:00,0,0.7513813860270312,0
2024-01-06 07:45:00+00:00,0,1.2282933858273595,0
2024-01-06 08:00:00+00:00,0,1.3743431263126356,0
2024-01-06 08:15:00+00:00,0,1.269137687306637,0
2024-01-06 08:30:00+00:00,0,2.0126228859179576,0
2024-01-06 08:45:00+00:00,0,1.62494505697181,0
2024-01-06 09:00:00+00:00,0,1.8644189285862323,0
2024-01-06 09:15:00+00:00,0,0.9060923964131301,0
2024-01-06 09:30:00+00:00,0,1.4630303173177681,0
2024-01-06 09:45:00+00:00,0,1.659572212591982,0
2024-01-06 10:00:00+00:00,0,0.6814855485929204,0
2024-01-06 10:15:00+00:00,0,0.7752691462585084,0
2024-01-06 10:30:00+00:00,0,1.786719546784597,0
2024-01-06 10:45:00+00:00,0,1.401992925468869,0
2024-01-06 11:00:00+00:00,0,1.7035727627044948,0
2024-01-06 11:15:00+00:00,0,0.7840077429768559,0
2024-01-06 11:30:00+00:00,0,1.7463293393152206,0
2024-01-06 11:45:00+00:00,0,1.0300210705623227,0
2024-01-06 12:00:00+00:00,0,1.0878525620948516,0
2024-01-06 12:15:00+00:00,0,1.76336436356185,0
2024-01-06 12:30:00+00:00,0,1.4353104991632768,0
2024-01-06 12:45:00+00:00,0,1.8286153372657616,0
2024-01-06 13:00:00+00:00,0,1.329234408367993,0
2024-01-06 13:15:00+00:00,0,1.4717477613377077,0
2024-01-06 13:30:00+00:00,0,2.0711217292595028,0
2024-01-06 13:45:00+00:00,0,1.3725080390304814,0
2024-01-06 14:00:00+00:00,0,1.4293195294678127,0
2024-01-06 14:15:00+00:00,0,1.9627377538619712,0
2024-01-06 14:30:00+00:00,0,2.3990351889020505,0
2024-01-06 14:45:00+00:00,0,1.5327006831666017,0
2024-01-06 15:00:00+00:00,0,1.7341615326727433,0
2024-01-06 15:15:00+00:00,0,1.2130074210856254,0
2024-01-06 15:30:00+00:00,0,1.4281627606642422,0
2024-01-06 15:45:00+00:00,0,0.96989654098631,0
2024-01-06 16:00:00+00:00,0,1.027890927356615,0
2024-01-06 16:15:00+00:00,0,1.0754015183524164,0
2024-01-06 16:30:00+00:00,0,1.2864466127222733,0
2024-01-06 16:45:00+00:00,0,1.6435019767941563,0
2024-01-06 17:00:00+00:00,0,1.6377842641124922,0
2024-01-06 17:15:00+00:00,0,1.4654580736090044,0
2024-01-06 17:30:00+00:00,0,1.2092920997186487,0
2024-01-06 17:45:00+00:00,0,1.8741458854604707,0
2024-01-06 18:00:00+00:00,0,1.2431236052797114,0
2024-01-06 18:15:00+00:00,0,2.0418926498783234,0
2024-01-06 18:30:00+00:00,0,2.193546358328126,0
2024-01-06 18:45:00+00:00,0,2.1299563938745774,0
2024-01-06 19:00:00+00:00,0,2.1315645982460847,0
2024-01-06 19:15:00+00:00,0,1.996818222298206,0
2024-01-06 19:30:00+00:00,0,1.9044690887963134,0
2024-01-06 19:45:00+00:00,0,1.5205773972828223,0
2024-01-06 20:00:00+00:00,0,1.4619101004271842,0
2024-01-06 20:15:00+00:00,0,1.8471700010756866,0
2024-01-06 20:30:00+00:00,0,1.5386781034794463,0
2024-01-06 20:45:00+00:00,0,1.2660185297519473,0
2024-01-06 21:00:00+00:00,0,2.358839009472418,0
2024-01-06 21:15:00+00:00,0,1.970415977330546,0
2024-01-06 21:30:00+00:00,0,1.2937694580751982,0
2024-01-06 21:45:00+00:00,0,2.3128675786683774,0
2024-01-06 22:00:00+00:00,0,1.7932032527026964,0
2024-01-06 22:15:00+00:00,0,1.5537674048433017,0
2024-01-06 22:30:00+00:00,0,2.287324461135678,0
2024-01-06 22:45:00+00:00,0,1.5368720732661154,0
2024-01-06 23:00:00+00:00,0,1.6860640670570906,0
2024-01-06 23:15:00+00:00,0,1.1268048659717314,0
2024-01-06 23:30:00+00:00,0,1.8251907425262377,0
2024-01-06 23:45:00+00:00,0,1.5114395787234305,0
2024-01-07 00:00:00+00:00,0,3.6276394974884862,0
2024-01-07 00:15:00+00:00,0,2.5175547904012276,0
2024-01-07 00:30:00+00:00,0,2.097430283418065,0
2024-01-07 00:45:00+00:00,0,1.6738207379552827,0
2024-01-07 01:00:00+00:00,0,1.6259750775498223,0
2024-01-07 01:15:00+00:00,0,1.2897038805965721,0
2024-01-07 01:30:00+00:00,0,1.048507482892967,0
2024-01-07 01:45:00+00:00,0,1.4197993909931417,0
2024-01-07 02:00:00+00:00,0,1.9037688341585624,0
2024-01-07 02:15:00+00:00,0,2.330076228699251,0
2024-01-07 02:30:00+00:00,0,0.630418369545029,0
2024-01-07 02:45:00+00:00,0,0.6269674334875662,0
2024-01-07 03:00:00+00:00,0,1.355844514439217,0
2024-01-07 03:15:00+00:00,0,1.9899632704428636,0
2024-01-07 03:30:00+00:00,0,1.2440458970805348,0
2024-01-07 03:45:00+00:00,0,1.4642269104080838,0
2024-01-07 04:00:00+00:00,0,2.01264948490714,0
2024-01-07 04:15:00+00:00,0,0.5810628639924332,0
2024-01-07 04:30:00+00:00,0,0.75790831271202,0
2024-01-07 04:45:00+00:00,0,1.1853938101559298,0
2024-01-07 05:00:00+00:00,1,3.734506327708657,0
2024-01-07 05:15:00+00:00,1,2.557232266059344,0
2024-01-07 05:30:00+00:00,1,2.01336801473459,0
2024-01-07 05:45:00+00:00,1,1.6872984964602782,0
2024-01-07 06:00:00+00:00,1,1.8964855939847436,0
2024-01-07 06:15:00+00:00,1,1.249398898143612,0
2024-01-07 06:30:00+00:00,0,1.3183278717450557,0
2024-01-07 06:45:00+00:00,0,1.2013841656381459,0
2024-01-07 07:00:00+00:00,0,1.1277961063675332,0
2024-01-07 07:15:00+00:00,0,1.106828490226117,0
2024-01-07 07:30:00+00:00,0,1.0696957855210754,0
2024-01-07 07:45:00+00:00,0,0.9872800645289608,0
2024-01-07 08:00:00+00:00,0,0.7193056727884168,0
2024-01-07 08:15:00+00:00,0,1.2006488086422695,0
2024-01-07 08:30:00+00:00,0,0.7247961711764158,0
2024-01-07 08:45:00+00:00,0,0.946674207209971,0
2024-01-07 09:00:00+00:00,0,0.6379280788984042,0
2024-01-07 09:15:00+00:00,0,0.7200937465043267,0
2024-01-07 09:30:00+00:00,0,0.4533932147552178,0
2024-01-07 09:45:00+00:00,0,0.6083947077713807,0
2024-01-07 10:00:00+00:00,0,0.6026090691788317,0
2024-01-07 10:15:00+00:00,0,1.6367639179794522,0
2024-01-07 10:30:00+00:00,0,1.1315287023552254,0
2024-01-07 10:45:00+00:00,0,2.0581485261869097,0
2024-01-07 11:00:00+00:00,0,1.0657718956804243,0
2024-01-07 11:15:00+00:00,0,2.2069100775856616,0
2024-01-07 11:30:00+00:00,0,1.3311077106145073,0
2024-01-07 11:45:00+00:00,0,1.9368849650632896,0
2024-01-07 12:00:00+00:00,0,1.453256927230416,0
2024-01-07 12:15:00+00:00,0,1.7826710653892885,0
2024-01-07 12:30:00+00:00,0,1.0588851615756012,0
2024-01-07 12:45:00+00:00,0,2.032950057826691,0
2024-01-07 13:00:00+00:00,0,2.0033085681600737,0
2024-01-07 13:15:00+00:00,0,2.569420046192749,0
2024-01-07 13:30:00+00:00,0,2.11937573620123,0
2024-01-07 13:45:00+00:00,0,2.3698928585083916,0
2024-01-07 14:00:00+00:00,0,1.3385851260936963,0
2024-01-07 14:15:00+00:00,0,2.093250023666602,0
2024-01-07 14:30:00+00:00,0,1.198217089380566,0
2024-01-07 14:45:00+00:00,0,1.0799007699474745,0
2024-01-07 15:00:00+00:00,0,1.0422907312188496,0
2024-01-07 15:15:00+00:00,0,1.5213062302196005,0
2024-01-07 15:30:00+00:00,0,1.1575207781047303,0
2024-01-07 15:45:00+00:00,0,1.394653712727686,0
2024-01-07 16:00:00+00:00,0,1.7409337571226269,0
2024-01-07 16:15:00+00:00,0,1.1523517178569074,0
2024-01-07 16:30:00+00:00,0,1.7961072327984213,0
2024-01-07 16:45:00+00:00,0,1.043528531622281,0
2024-01-07 17:00:00+00:00,0,1.321343012834916,0
2024-01-07 17:15:00+00:00,0,1.2275357586640747,0
2024-01-07 17:30:00+00:00,0,1.0375953718196242,0
2024-01-07 17:45:00+00:00,0,2.426985109481861,0
2024-01-07 18:00:00+00:00,0,1.1018995697008453,0
2024-01-07 18:15:00+00:00,0,1.5252422636668885,0
2024-01-07 18:30:00+00:00,0,2.177590707432729,0
2024-01-07 18:45:00+00:00,0,1.3560157338597272,0
2024-01-07 19:00:00+00:00,0,1.8353895573469134,0
2024-01-07 19:15:00+00:00,0,1.8271879865945573,0
2024-01-07 19:30:00+00:00,0,1.81790877395619,0
2024-01-07 19:45:00+00:00,0,1.0796453789379876,0
2024-01-07 20:00:00+00:00,0,1.5922803873425102,0
2024-01-07 20:15:00+00:00,0,1.1295528035597835,0
2024-01-07 20:30:00+00:00,0,1.8677283830607316,0
2024-01-07 20:45:00+00:00,0,1.3298627085902517,0
2024-01-07 21:00:00+00:00,0,2.018314396513195,0
2024-01-07 21:15:00+00:00,0,1.275996351523103,0
2024-01-07 21:30:00+00:00,0,1.2751520866055774,0
2024-01-07 21:45:00+00:00,0,1.3950100041420195,0
2024-01-07 22:00:00+00:00,0,1.6336188856886138,0
2024-01-07 22:15:00+00:00,0,1.504091394846959,0
2024-01-07 22:30:00+00:00,0,1.3542662576438687,0
2024-01-07 22:45:00+00:00,0,2.3472989448299635,0
2024-01-07 23:00:00+00:00,0,1.59743871764786,0
2024-01-07 23:15:00+00:00,0,1.8420716005384181,0
2024-01-07 23:30:00+00:00,0,2.408422304135335,0
2024-01-07 23:45:00+00:00,0,1.9056154428810752,0
2024-01-08 00:00:00+00:00,0,3.5864942169792116,0
2024-01-08 00:15:00+00:00,0,2.534312646021868,0
2024-01-08 00:30:00+00:00,0,1.8712013874734006,0
2024-01-08 00:45:00+00:00,0,1.5702878424826245,0
2024-01-08 01:00:00+00:00,0,2.41660311232769,0
2024-01-08 01:15:00+00:00,0,1.1815127914991304,0
2024-01-08 01:30:00+00:00,0,1.567354524421509,0
2024-01-08 01:45:00+00:00,0,0.9285700724593029,0
2024-01-08 02:00:00+00:00,0,1.3068837598929262,0
2024-01-08 02:15:00+00:00,0,1.186037854226508,0
2024-01-08 02:30:00+00:00,0,1.517353802537172,0
2024-01-08 02:45:00+00:00,0,1.2239886929757302,0
2024-01-08 03:00:00+00:00,0,0.6250011227360457,0
2024-01-08 03:15:00+00:00,0,0.7236668245069847,0
2024-01-08 03:30:00+00:00,0,1.651023705626611,0
2024-01-08 03:45:00+00:00,0,2.0050521799651735,0
2024-01-08 04:00:00+00:00,0,0.9915312292897248,0
2024-01-08 04:15:00+00:00,0,2.2874162587039173,0
2024-01-08 04:30:00+00:00,0,1.7172935525964377,0
2024-01-08 04:45:00+00:00,0,1.426335934727557,0
2024-01-08 05:00:00+00:00,1,3.727841254495743,0
2024-01-08 05:15:00+00:00,1,2.4749547143240775,0
2024-01-08 05:30:00+00:00,1,2.0251229479849964,0
2024-01-08 05:45:00+00:00,1,1.7099742587834683,0
2024-01-08 06:00:00+00:00,1,1.7505242656724742,0
2024-01-08 06:15:00+00:00,1,1.4188694157352133,0
2024-01-08 06:30:00+00:00,1,1.6181619252995547,0
2024-01-08 06:45:00+00:00,1,1.4031152345867015,0
2024-01-08 07:00:00+00:00,1,1.6193397849947893,0
2024-01-08 07:15:00+00:00,1,1.1181642877483695,0
2024-01-08 07:30:00+00:00,1,1.0990133619496918,0
2024-01-08 07:45:00+00:00,1,1.0426907902274887,0
2024-01-08 08:00:00+00:00,1,1.3148188055909102,0
2024-01-08 08:15:00+00:00,0,1.8513481454352365,0
2024-01-08 08:30:00+00:00,0,1.9086666110008013,0
2024-01-08 08:45:00+00:00,0,1.933199782463096,0
2024-01-08 09:00:00+00:00,0,1.6372244253732158,0
2024-01-08 09:15:00+00:00,0,1.3652234005161372,0
2024-01-08 09:30:00+00:00,0,1.2063794190030883,0
2024-01-08 09:45:00+00:00,0,1.1434594918165166,0
2024-01-08 10:00:00+00:00,0,1.3783585379044105,0
2024-01-08 10:15:00+00:00,0,0.7980510576968469,0
2024-01-08 10:30:00+00:00,0,0.7871695246678146,0
2024-01-08 10:45:00+00:00,0,1.4040542949106611,0
2024-01-08 11:00:00+00:00,0,0.9037736127623324,0
2024-01-08 11:15:00+00:00,0,0.3592684263388134,0
2024-01-08 11:30:00+00:00,0,0.4332459961450219,0
2024-01-08 11:45:00+00:00,0,1.9073723537937095,0
2024-01-08 12:00:00+00:00,0,1.4429618708883143,0
2024-01-08 12:15:00+00:00,0,2.116715280372894,0
2024-01-08 12:30:00+00:00,0,2.5465872945606285,0
2024-01-08 12:45:00+00:00,0,1.633385295363062,0
2024-01-08 13:00:00+00:00,0,1.1284313520456712,0
2024-01-08 13:15:00+00:00,0,2.3309265323913246,0
2024-01-08 13:30:00+00:00,0,1.373702760636467,0
2024-01-08 13:45:00+00:00,0,2.424185766278929,0
2024-01-08 14:00:00+00:00,0,1.7286049409934523,0
2024-01-08 14:15:00+00:00,0,1.6148659211167118,0
2024-01-08 14:30:00+00:00,0,1.2968458474570106,0
2024-01-08 14:45:00+00:00,0,0.9887826708619719,0
2024-01-08 15:00:00+00:00,0,1.2965859122998407,0
2024-01-08 15:15:00+00:00,0,1.5370400271684024,0
2024-01-08 15:30:00+00:00,0,1.1895959238542142,0
2024-01-08 15:45:00+00:00,0,1.142128779492468,0
2024-01-08 16:00:00+00:00,0,1.2642166343920496,0
2024-01-08 16:15:00+00:00,0,1.2171495722683483,0
2024-01-08 16:30:00+00:00,0,2.4903390419238898,0
2024-01-08 16:45:00+00:00,0,2.308779941192883,0
2024-01-08 17:00:00+00:00,0,1.7106589374012129,0
2024-01-08 17:15:00+00:00,0,1.7236654327304972,0
2024-01-08 17:30:00+00:00,0,1.7572852794700689,0
2024-01-08 17:45:00+00:00,0,2.032960802640409,0
2024-01-08 18:00:00+00:00,0,0.9962319953784833,0
2024-01-08 18:15:00+00:00,0,1.6475821075505601,0
2024-01-08 18:30:00+00:00,0,2.017241824025162,0
2024-01-08 18:45:00+00:00,0,1.0279698538170576,0
2024-01-08 19:00:00+00:00,0,1.3447798297747313,0
2024-01-08 19:15:00+00:00,0,1.5357830919957367,0
2024-01-08 19:30:00+00:00,0,0.9666603160402699,0
2024-01-08 19:45:00+00:00,0,1.8405957548616672,0
2024-01-08 20:00:00+00:00,0,1.4918132227031493,0
2024-01-08 20:15:00+00:00,0,2.10334977727973,0
2024-01-08 20:30:00+00:00,0,2.151594078617935,0
2024-01-08 20:45:00+00:00,0,1.4615446856533343,0
2024-01-08 21:00:00+00:00,0,1.6359600329551733,0
2024-01-08 21:15:00+00:00,0,1.3863324226702924,0
2024-01-08 21:30:00+00:00,0,1.2812705334317631,0
2024-01-08 21:45:00+00:00,0,1.2849447574959816,0
2024-01-08 22:00:00+00:00,0,1.7253281122369837,0
2024-01-08 22:15:00+00:00,0,1.3474643527424637,0
2024-01-08 22:30:00+00:00,0,1.403069910037331,0
2024-01-08 22:45:00+00:00,0,1.346197663569471,0
2024-01-08 23:00:00+00:00,0,1.4435038910153348,0
2024-01-08 23:15:00+00:00,0,2.2273679078082393,0
2024-01-08 23:30:00+00:00,0,1.418131783131806,0
2024-01-08 23:45:00+00:00,0,1.2638031264095582,0
2024-01-09 00:00:00+00:00,0,3.6794736225444615,0
2024-01-09 00:15:00+00:00,0,2.3241150372655817,0
2024-01-09 00:30:00+00:00,0,1.8597633511192864,0
2024-01-09 00:45:00+00:00,0,1.5851413574237887,0
2024-01-09 01:00:00+00:00,0,1.4407926860717206,0
2024-01-09 01:15:00+00:00,0,1.523721581643889,0
2024-01-09 01:30:00+00:00,0,1.2236213088206274,0
2024-01-09 01:45:00+00:00,0,0.9363261596352012,0
2024-01-09 02:00:00+00:00,0,1.0798760961229223,0
2024-01-09 02:15:00+00:00,0,1.1558896478870628,0
2024-01-09 02:30:00+00:00,0,0.9629915349033512,0
2024-01-09 02:45:00+00:00,0,1.1249148490887122,0
2024-01-09 03:00:00+00:00,0,1.312269710841432,0
2024-01-09 03:15:00+00:00,0,1.2150658159856405,0
2024-01-09 03:30:00+00:00,0,2.3270380982858936,0
2024-01-09 03:45:00+00:00,0,1.8134472929227354,0
2024-01-09 04:00:00+00:00,0,1.3941332497242838,0
2024-01-09 04:15:00+00:00,0,1.5803090900035077,0
2024-01-09 04:30:00+00:00,0,1.433232329024629,0
2024-01-09 04:45:00+00:00,0,1.3199961259469775,0
2024-01-09 05:00:00+00:00,0,1.4244223182926188,0
2024-01-09 05:15:00+00:00,0,1.4591025479318818,0
2024-01-09 05:30:00+00:00,0,1.2050897456104592,0
2024-01-09 05:45:00+00:00,0,1.0238184919658522,0
2024-01-09 06:00:00+00:00,0,1.9805244907832187,0
2024-01-09 06:15:00+00:00,0,1.7989088141335134,0
2024-01-09 06:30:00+00:00,0,0.7686710490978014,0
2024-01-09 06:45:00+00:00,0,1.7914037398361913,0
2024-01-09 07:00:00+00:00,0,2.2776988323131855,0
2024-01-09 07:15:00+00:00,0,2.056950741010078,0
2024-01-09 07:30:00+00:00,0,1.812807727283004,0
2024-01-09 07:45:00+00:00,0,1.335691154993477,0
2024-01-09 08:00:00+00:00,0,0.9878896823398242,0
2024-01-09 08:15:00+00:00,0,0.9221823080383823,0
2024-01-09 08:30:00+00:00,1,1.6216631795859557,0
2024-01-09 08:45:00+00:00,1,1.754013719377954,0
2024-01-09 09:00:00+00:00,1,1.7556188199707268,0
2024-01-09 09:15:00+00:00,1,1.572114183770081,0
2024-01-09 09:30:00+00:00,1,1.068038771287212,0
2024-01-09 09:45:00+00:00,1,0.6336437108157746,0
2024-01-09 10:00:00+00:00,1,2.434424100265594,0
2024-01-09 10:15:00+00:00,1,1.8724757045688012,0
2024-01-09 10:30:00+00:00,1,1.2508272859475507,0
2024-01-09 10:45:00+00:00,1,1.08292230740505,0
2024-01-09 11:00:00+00:00,1,1.5692562181170757,0
2024-01-09 11:15:00+00:00,1,1.811895827354968,0
2024-01-09 11:30:00+00:00,1,1.5139306722936965,0
2024-01-09 11:45:00+00:00,1,1.5411802553820568,0
2024-01-09 12:00:00+00:00,1,1.4570728017708072,0
2024-01-09 12:15:00+00:00,1,1.728613339305373,0
2024-01-09 12:30:00+00:00,1,1.6644819190481037,0
2024-01-09 12:45:00+00:00,1,2.185305540592676,0
2024-01-09 13:00:00+00:00,1,1.4394463073886545,0
2024-01-09 13:15:00+00:00,1,2.218995033058981,0
2024-01-09 13:30:00+00:00,0,2.427678203761674,0
2024-01-09 13:45:00+00:00,0,2.6241882316020693,0
2024-01-09 14:00:00+00:00,0,2.035871491654666,0
2024-01-09 14:15:00+00:00,0,1.6456676592080373,0
2024-01-09 14:30:00+00:00,0,1.4056322560871355,0
2024-01-09 14:45:00+00:00,0,1.220145559077879,0
2024-01-09 15:00:00+00:00,0,2.050810468086102,0
2024-01-09 15:15:00+00:00,0,2.3881607493390056,0
2024-01-09 15:30:00+00:00,0,1.3797216639536938,0
2024-01-09 15:45:00+00:00,0,1.907100937127644,0
2024-01-09 16:00:00+00:00,0,1.587765740553539,0
2024-01-09 16:15:00+00:00,0,1.1488330162898868,0
2024-01-09 16:30:00+00:00,0,1.3645915137371567,0
2024-01-09 16:45:00+00:00,0,1.388072803643957,0
2024-01-09 17:00:00+00:00,0,1.062170695446784,0
2024-01-09 17:15:00+00:00,0,2.7428522230555266,0
2024-01-09 17:30:00+00:00,0,1.7743679614615053,0
2024-01-09 17:45:00+00:00,0,1.434001150659514,0
2024-01-09 18:00:00+00:00,0,1.7882489678598026,0
2024-01-09 18:15:00+00:00,0,1.301293504537502,0
2024-01-09 18:30:00+00:00,0,1.5361201878835764,0
2024-01-09 18:45:00+00:00,0,1.4419275479465155,0
2024-01-09 19:00:00+00:00,0,1.332276391319167,0
2024-01-09 19:15:00+00:00,0,1.209338723064484,0
2024-01-09 19:30:00+00:00,0,2.331898881031682,0
2024-01-09 19:45:00+00:00,0,1.064806508052427,0
2024-01-09 20:00:00+00:00,0,2.0605574281166614,0
2024-01-09 20:15:00+00:00,1,3.726627849662899,0
2024-01-09 20:30:00+00:00,1,2.5233267385025435,0
2024-01-09 20:45:00+00:00,1,1.9990251848084404,0
2024-01-09 21:00:00+00:00,1,1.7211859275578565,0
2024-01-09 21:15:00+00:00,0,1.337600359185441,0
2024-01-09 21:30:00+00:00,0,1.0917319190418244,0
2024-01-09 21:45:00+00:00,0,1.122243506894865,0
2024-01-09 22:00:00+00:00,0,1.2956261542033451,0
2024-01-09 22:15:00+00:00,0,1.2224704163665683,0
2024-01-09 22:30:00+00:00,0,1.4975593241194065,0
2024-01-09 22:45:00+00:00,0,0.45883044441736803,0
2024-01-09 23:00:00+00:00,0,2.2759362684967623,0
2024-01-09 23:15:00+00:00,0,1.0281115697007528,0
2024-01-09 23:30:00+00:00,0,0.8066247473234561,0
2024-01-09 23:45:00+00:00,0,0.43969011165489086,0
2024-01-10 00:00:00+00:00,0,1.4567066029930629,0
2024-01-10 00:15:00+00:00,0,1.252692256651317,0
2024-01-10 00:30:00+00:00,0,1.2431358864126343,0
2024-01-10 00:45:00+00:00,0,1.1571612846152248,0
2024-01-10 01:00:00+00:00,0,1.4075451734896909,0
2024-01-10 01:15:00+00:00,0,1.3447166824354058,0
2024-01-10 01:30:00+00:00,0,1.64746161024431,0
2024-01-10 01:45:00+00:00,0,1.26883176860044,0
2024-01-10 02:00:00+00:00,0,1.9744644961735287,0
2024-01-10 02:15:00+00:00,0,1.3987569248247222,0
2024-01-10 02:30:00+00:00,0,0.6694972273923382,0
2024-01-10 02:45:00+00:00,0,0.5519775275394803,0
2024-01-10 03:00:00+00:00,0,1.7811480987040151,0
2024-01-10 03:15:00+00:00,0,1.9521636969378042,0
2024-01-10 03:30:00+00:00,0,1.6702527655786523,0
2024-01-10 03:45:00+00:00,0,1.7599104153353176,0
2024-01-10 04:00:00+00:00,0,1.8257797562913596,0
2024-01-10 04:15:00+00:00,0,1.981149597093115,0
2024-01-10 04:30:00+00:00,0,1.552984548381947,0
2024-01-10 04:45:00+00:00,0,1.1125717261105794,0
2024-01-10 05:00:00+00:00,0,1.184502214243054,0
2024-01-10 05:15:00+00:00,0,1.8308319669789441,0
2024-01-10 05:30:00+00:00,0,2.024669053972121,0
2024-01-10 05:45:00+00:00,0,1.2922920007073666,0
2024-01-10 06:00:00+00:00,0,0.8295928302326057,0
2024-01-10 06:15:00+00:00,0,1.960937671772402,0
2024-01-10 06:30:00+00:00,0,1.397533863292519,0
2024-01-10 06:45:00+00:00,0,1.9757170243396383,0
2024-01-10 07:00:00+00:00,0,1.699617250993803,0
2024-01-10 07:15:00+00:00,0,1.8371351247409522,0
2024-01-10 07:30:00+00:00,0,1.6059449791643743,0
2024-01-10 07:45:00+00:00,0,2.0248554414331426,0
2024-01-10 08:00:00+00:00,0,1.231858917375322,0
2024-01-10 08:15:00+00:00,0,1.148085030581257,0
2024-01-10 08:30:00+00:00,0,1.6538026147924048,0
2024-01-10 08:45:00+00:00,0,0.8311684897129351,0
2024-01-10 09:00:00+00:00,0,1.6677572907500817,0
2024-01-10 09:15:00+00:00,0,1.453321069074502,0
2024-01-10 09:30:00+00:00,0,1.284522664307881,0
2024-01-10 09:45:00+00:00,0,1.8039163356199623,0
2024-01-10 10:00:00+00:00,0,0.9666244995062953,0
2024-01-10 10:15:00+00:00,0,2.0866442225488324,0
2024-01-10 10:30:00+00:00,0,0.9984584840133094,0
2024-01-10 10:45:00+00:00,0,0.9022379808742347,0
2024-01-10 11:00:00+00:00,0,1.208758520918246,0
2024-01-10 11:15:00+00:00,0,0.9353148905166825,0
2024-01-10 11:30:00+00:00,0,0.8233374738680533,0
2024-01-10 11:45:00+00:00,0,2.7656736101872488,0
2024-01-10 12:00:00+00:00,0,1.4537384679529572,0
2024-01-10 12:15:00+00:00,0,1.0345100712017785,0
2024-01-10 12:30:00+00:00,0,1.6569235318915845,0
2024-01-10 12:45:00+00:00,0,1.7684017182703875,0
2024-01-10 13:00:00+00:00,0,1.739028719947307,0
2024-01-10 13:15:00+00:00,0,1.106521021488716,0
2024-01-10 13:30:00+00:00,0,1.5260467259206838,0
2024-01-10 13:45:00+00:00,0,2.6566379885634093,0
2024-01-10 14:00:00+00:00,0,1.828639638187435,0
2024-01-10 14:15:00+00:00,0,1.799793747508239,0
2024-01-10 14:30:00+00:00,0,1.0407282284330708,0
2024-01-10 14:45:00+00:00,0,1.5487082431798975,0
2024-01-10 15:00:00+00:00,0,1.25017969689046,0
2024-01-10 15:15:00+00:00,0,2.147514337890623,0
2024-01-10 15:30:00+00:00,0,1.3949224607608162,0
2024-01-10 15:45:00+00:00,0,1.0419040592791877,0
2024-01-10 16:00:00+00:00,0,1.4245616295731331,0
2024-01-10 16:15:00+00:00,0,1.218793354052595,0
2024-01-10 16:30:00+00:00,0,1.809033757143924,0
2024-01-10 16:45:00+00:00,0,1.0667958952471372,0
2024-01-10 17:00:00+00:00,0,2.0821408229274665,0
2024-01-10 17:15:00+00:00,0,1.7704195826144171,0
2024-01-10 17:30:00+00:00,0,1.7935670915072195,0
2024-01-10 17:45:00+00:00,0,1.511743832098482,0
2024-01-10 18:00:00+00:00,0,2.4761840938090107,0
2024-01-10 18:15:00+00:00,0,1.551791944505977,0
2024-01-10 18:30:00+00:00,0,1.5535232538835309,0
2024-01-10 18:45:00+00:00,0,1.4771057156095178,0
2024-01-10 19:00:00+00:00,0,1.342564155743557,0
2024-01-10 19:15:00+00:00,0,1.6055626112957497,0
2024-01-10 19:30:00+00:00,0,1.2702613400242229,0
2024-01-10 19:45:00+00:00,0,1.8088802705126192,0
2024-01-10 20:00:00+00:00,0,1.4279319494531544,0
2024-01-10 20:15:00+00:00,0,1.7556012833073718,0
2024-01-10 20:30:00+00:00,0,1.3624014826086945,0
2024-01-10 20:45:00+00:00,0,2.635897927762725,0
2024-01-10 21:00:00+00:00,0,1.6047149055005474,0
2024-01-10 21:15:00+00:00,0,2.5105875902071846,0
2024-01-10 21:30:00+00:00,0,1.5723144479404663,0
2024-01-10 21:45:00+00:00,0,1.9049257473075103,0
2024-01-10 22:00:00+00:00,0,1.8787804000113173,0
2024-01-10 22:15:00+00:00,0,1.7824389119336186,0
2024-01-10 22:30:00+00:00,0,1.2519763467768539,0
2024-01-10 22:45:00+00:00,0,2.2183337513400683,0
2024-01-10 23:00:00+00:00,0,1.2225838515955132,0
2024-01-10 23:15:00+00:00,0,2.200074939981878,0
2024-01-10 23:30:00+00:00,0,1.2202051956995907,0
2024-01-10 23:45:00+00:00,0,1.4911002994035967,0
2024-01-11 00:00:00+00:00,0,3.3504591897712985,0
2024-01-11 00:15:00+00:00,0,2.510573472261633,0
2024-01-11 00:30:00+00:00,0,2.060766794529442,0
2024-01-11 00:45:00+00:00,0,1.6395405036237938,0
2024-01-11 01:00:00+00:00,0,1.3878535549597932,0
2024-01-11 01:15:00+00:00,0,1.7769215662679638,0
2024-01-11 01:30:00+00:00,0,1.5579069526999683,0
2024-01-11 01:45:00+00:00,0,0.9404575011241252,0
2024-01-11 02:00:00+00:00,0,1.8763831037608711,0
2024-01-11 02:15:00+00:00,0,1.1814010939111745,0
2024-01-11 02:30:00+00:00,0,0.9997420224535396,0
2024-01-11 02:45:00+00:00,0,1.275587206496628,0
2024-01-11 03:00:00+00:00,0,1.6054860804855524,0
2024-01-11 03:15:00+00:00,0,1.900324124371542,0
2024-01-11 03:30:00+00:00,0,0.6597710410204423,0
2024-01-11 03:45:00+00:00,0,1.0415726918143575,0
2024-01-11 04:00:00+00:00,0,2.184987790148133,0
2024-01-11 04:15:00+00:00,0,1.6747300271597243,0
2024-01-11 04:30:00+00:00,0,0.8780511208470871,0
2024-01-11 04:45:00+00:00,0,1.8678148048279681,0
2024-01-11 05:00:00+00:00,0,1.764150058409232,0
2024-01-11 05:15:00+00:00,0,0.8588925641723848,0
2024-01-11 05:30:00+00:00,0,1.8019701893420417,0
2024-01-11 05:45:00+00:00,0,2.2578220314150457,0
2024-01-11 06:00:00+00:00,0,1.6729630011955219,0
2024-01-11 06:15:00+00:00,0,1.6979824197699036,0
2024-01-11 06:30:00+00:00,0,1.2342657657845546,0
2024-01-11 06:45:00+00:00,0,1.6182704446491383,0
2024-01-11 07:00:00+00:00,0,1.3217760485843535,0
2024-01-11 07:15:00+00:00,0,1.241989853031102,0
2024-01-11 07:30:00+00:00,0,1.7782530525491431,0
2024-01-11 07:45:00+00:00,0,1.9217809784816395,0
2024-01-11 08:00:00+00:00,0,2.1828406610695703,0
2024-01-11 08:15:00+00:00,0,1.547523362405587,0
2024-01-11 08:30:00+00:00,0,1.7116557186207741,0
2024-01-11 08:45:00+00:00,0,1.5683931513243337,0
2024-01-11 09:00:00+00:00,0,1.3410356979071336,0
2024-01-11 09:15:00+00:00,0,1.1333022068284897,0
2024-01-11 09:30:00+00:00,0,1.149094437348381,0
2024-01-11 09:45:00+00:00,0,1.423364870277499,0
2024-01-11 10:00:00+00:00,0,1.0152436758548158,0
2024-01-11 10:15:00+00:00,0,0.7746899770415494,0
2024-01-11 10:30:00+00:00,0,1.0586267880092688,0
2024-01-11 10:45:00+00:00,0,1.6102598901120146,0
2024-01-11 11:00:00+00:00,0,1.2978078123582428,0
2024-01-11 11:15:00+00:00,0,1.7278513200158514,0
2024-01-11 11:30:00+00:00,0,1.9148752128112354,0
2024-01-11 11:45:00+00:00,0,1.5932804831079972,0
2024-01-11 12:00:00+00:00,0,1.802618123034222,0
2024-01-11 12:15:00+00:00,0,1.4205908575659871,0
2024-01-11 12:30:00+00:00,0,2.8417102503527905,0
2024-01-11 12:45:00+00:00,0,2.1490974881047227,0
2024-01-11 13:00:00+00:00,0,1.8613074195709909,0
2024-01-11 13:15:00+00:00,0,2.4999326475731087,0
2024-01-11 13:30:00+00:00,0,1.7393121855025193,0
2024-01-11 13:45:00+00:00,0,1.6239205803008954,0
2024-01-11 14:00:00+00:00,0,1.3342259941837045,0
2024-01-11 14:15:00+00:00,0,1.1302519033093843,0
2024-01-11 14:30:00+00:00,0,1.1925363508381241,0
2024-01-11 14:45:00+00:00,0,1.8565966551708402,0
2024-01-11 15:00:00+00:00,0,1.4507682259631964,0
2024-01-11 15:15:00+00:00,0,1.3228481607297293,0
2024-01-11 15:30:00+00:00,1,1.310817605420797,0
2024-01-11 15:45:00+00:00,1,1.392294134698311,0
2024-01-11 16:00:00+00:00,1,2.6181963868948404,0
2024-01-11 16:15:00+00:00,1,1.384558382338475,0
2024-01-11 16:30:00+00:00,1,2.1976533960554328,0
2024-01-11 16:45:00+00:00,1,2.457951036700173,0
2024-01-11 17:00:00+00:00,1,2.1403478319053266,0
2024-01-11 17:15:00+00:00,1,1.8694864498838333,0
2024-01-11 17:30:00+00:00,1,1.794467326148461,0
2024-01-11 17:45:00+00:00,1,1.4191076731237875,0
2024-01-11 18:00:00+00:00,1,1.5271837463153113,0
2024-01-11 18:15:00+00:00,1,1.495025158796326,0
2024-01-11 18:30:00+00:00,1,1.486713807769825,0
2024-01-11 18:45:00+00:00,1,2.0180062295465584,0
2024-01-11 19:00:00+00:00,1,1.6295809847497698,0
2024-01-11 19:15:00+00:00,1,1.6005118924944601,0
2024-01-11 19:30:00+00:00,1,1.4773924430229257,0
2024-01-11 19:45:00+00:00,1,1.3379767882576488,0
2024-01-11 20:00:00+00:00,1,2.026642473191129,0
2024-01-11 20:15:00+00:00,1,1.7207893412451876,0
2024-01-11 20:30:00+00:00,1,1.7388396237293242,0
2024-01-11 20:45:00+00:00,0,1.7303842355584145,0
2024-01-11 21:00:00+00:00,0,1.7226496688522674,0
2024-01-11 21:15:00+00:00,0,2.0147000862706865,0
2024-01-11 21:30:00+00:00,0,1.8084496149671088,0
2024-01-11 21:45:00+00:00,0,2.000563159732891,0
2024-01-11 22:00:00+00:00,0,1.522160764990003,0
2024-01-11 22:15:00+00:00,0,1.9940643438761432,0
2024-01-11 22:30:00+00:00,0,1.52764988412314,0
2024-01-11 22:45:00+00:00,0,1.7742811827733285,0
2024-01-11 23:00:00+00:00,0,1.893742056098417,0
2024-01-11 23:15:00+00:00,0,2.7141299181868095,0
2024-01-11 23:30:00+00:00,0,1.1388719124488982,0
2024-01-11 23:45:00+00:00,0,2.0155129985409976,0
2024-01-12 00:00:00+00:00,0,3.539264180018109,0
2024-01-12 00:15:00+00:00,0,2.4566618573028993,0
2024-01-12 00:30:00+00:00,0,2.563206439449226,0
2024-01-12 00:45:00+00:00,0,1.6072290872054993,0
2024-01-12 01:00:00+00:00,0,1.4167060477880917,0
2024-01-12 01:15:00+00:00,0,2.343600382132829,0
2024-01-12 01:30:00+00:00,0,1.0979495102226704,0
2024-01-12 01:45:00+00:00,0,1.5620821416852346,0
2024-01-12 02:00:00+00:00,0,0.9628056280627117,0
2024-01-12 02:15:00+00:00,0,1.0675441285161937,0
2024-01-12 02:30:00+00:00,0,1.1882414762784137,0
2024-01-12 02:45:00+00:00,0,1.5260029314854555,0
2024-01-12 03:00:00+00:00,0,2.099207672752446,0
2024-01-12 03:15:00+00:00,0,1.0516660150242847,0
2024-01-12 03:30:00+00:00,0,1.2303052534449874,0
2024-01-12 03:45:00+00:00,0,0.8321786549587454,0
2024-01-12 04:00:00+00:00,0,1.5445117566514737,0
2024-01-12 04:15:00+00:00,0,1.0931854529879843,0
2024-01-12 04:30:00+00:00,0,1.362388241540903,0
2024-01-12 04:45:00+00:00,0,2.0339185875971455,0
2024-01-12 05:00:00+00:00,0,2.37337883520292,0
2024-01-12 05:15:00+00:00,0,2.523630313369984,0
2024-01-12 05:30:00+00:00,0,1.008681110333951,0
2024-01-12 05:45:00+00:00,0,1.8853883044343804,0
2024-01-12 06:00:00+00:00,0,1.2611290393564376,0
2024-01-12 06:15:00+00:00,0,1.120030432862138,0
2024-01-12 06:30:00+00:00,0,1.3768390731959308,0
2024-01-12 06:45:00+00:00,0,1.2213285028296115,0
2024-01-12 07:00:00+00:00,0,1.3872648136669021,0
2024-01-12 07:15:00+00:00,0,1.0451660807624061,0
2024-01-12 07:30:00+00:00,0,1.174867237901806,0
2024-01-12 07:45:00+00:00,0,0.7097991392244687,0
2024-01-12 08:00:00+00:00,0,1.7151745834830503,0
2024-01-12 08:15:00+00:00,0,1.401207710312818,0
2024-01-12 08:30:00+00:00,0,1.385595932052814,0
2024-01-12 08:45:00+00:00,0,1.7917773680550622,0
2024-01-12 09:00:00+00:00,0,2.0376474313923154,0
2024-01-12 09:15:00+00:00,0,1.5778986058071174,0
2024-01-12 09:30:00+00:00,0,1.1973138686367757,0
2024-01-12 09:45:00+00:00,0,2.0393903182242497,0
2024-01-12 10:00:00+00:00,0,1.9348983559887043,0
2024-01-12 10:15:00+00:00,0,1.3450208591342903,0
2024-01-12 10:30:00+00:00,0,1.4607117761392738,0
2024-01-12 10:45:00+00:00,0,1.469980175148258,0
2024-01-12 11:00:00+00:00,0,1.3337212401579321,0
2024-01-12 11:15:00+00:00,0,1.0771739370089068,0
2024-01-12 11:30:00+00:00,0,1.073882255695233,0
2024-01-12 11:45:00+00:00,0,1.0796148876037384,0
2024-01-12 12:00:00+00:00,0,2.120305993613618,0
2024-01-12 12:15:00+00:00,0,1.2547963056987288,0
2024-01-12 12:30:00+00:00,0,2.353022533169846,0
2024-01-12 12:45:00+00:00,0,1.6782036459371985,0
2024-01-12 13:00:00+00:00,0,1.9418211812681185,0
2024-01-12 13:15:00+00:00,0,1.5125959122461072,0
2024-01-12 13:30:00+00:00,0,2.0762244936099363,0
2024-01-12 13:45:00+00:00,0,1.617540800112581,0
2024-01-12 14:00:00+00:00,0,2.075049259824877,0
2024-01-12 14:15:00+00:00,0,1.344705446442231,0
2024-01-12 14:30:00+00:00,0,1.3515059515979357,0
2024-01-12 14:45:00+00:00,0,1.1745095230786637,0
2024-01-12 15:00:00+00:00,0,1.7024759253257553,0
2024-01-12 15:15:00+00:00,0,1.631741139032197,0
2024-01-12 15:30:00+00:00,0,1.1392113875522014,0
2024-01-12 15:45:00+00:00,0,1.9942862895514328,0
2024-01-12 16:00:00+00:00,0,1.9820103585735782,0
2024-01-12 16:15:00+00:00,0,1.9752147643351865,0
2024-01-12 16:30:00+00:00,0,1.7229619726458978,0
2024-01-12 16:45:00+00:00,0,1.347065978856418,0
2024-01-12 17:00:00+00:00,0,2.207198547591799,0
2024-01-12 17:15:00+00:00,0,1.7304670142272514,0
2024-01-12 17:30:00+00:00,0,2.618165422112104,0
2024-01-12 17:45:00+00:00,0,1.557066894806757,0
2024-01-12 18:00:00+00:00,0,1.5659674332855162,0
2024-01-12 18:15:00+00:00,0,2.3240818040123075,0
2024-01-12 18:30:00+00:00,0,1.4996638525670654,0
2024-01-12 18:45:00+00:00,0,1.5393691635938809,0
2024-01-12 19:00:00+00:00,0,1.3623459898189794,0
2024-01-12 19:15:00+00:00,0,2.416213430561804,0
2024-01-12 19:30:00+00:00,0,1.1109089648436834,0
2024-01-12 19:45:00+00:00,0,2.0610354781924296,0
2024-01-12 20:00:00+00:00,0,1.1006577055612328,0
2024-01-12 20:15:00+00:00,0,1.4682027560077868,0
2024-01-12 20:30:00+00:00,0,1.066779648150192,0
2024-01-12 20:45:00+00:00,0,1.1752891681026092,0
2024-01-12 21:00:00+00:00,0,2.1046332434068824,0
2024-01-12 21:15:00+00:00,0,2.286562043620886,0
2024-01-12 21:30:00+00:00,0,1.9528648981978507,0
2024-01-12 21:45:00+00:00,0,1.0999868074839854,0
2024-01-12 22:00:00+00:00,0,1.4514168840871966,0
2024-01-12 22:15:00+00:00,0,1.9078005967538763,0
2024-01-12 22:30:00+00:00,0,1.7392184006275662,0
2024-01-12 22:45:00+00:00,1,3.7338161460697075,0
2024-01-12 23:00:00+00:00,1,2.556856467875065,0
2024-01-12 23:15:00+00:00,1,2.012811590781027,0
2024-01-12 23:30:00+00:00,1,1.9243715227759128,0
2024-01-12 23:45:00+00:00,1,1.6247113644908895,0
2024-01-13 00:00:00+00:00,1,1.2484859401789812,0
2024-01-13 00:15:00+00:00,1,1.0781408555745782,0
2024-01-13 00:30:00+00:00,1,0.9754340532329754,0
2024-01-13 00:45:00+00:00,1,1.1160485608783417,0
2024-01-13 01:00:00+00:00,1,0.7518918028024577,0
2024-01-13 01:15:00+00:00,1,0.6547863144580872,0
2024-01-13 01:30:00+00:00,1,0.8616096334096812,0
2024-01-13 01:45:00+00:00,1,0.4648461851268196,0
2024-01-13 02:00:00+00:00,1,0.7088152221280021,0
2024-01-13 02:15:00+00:00,0,2.9631463663495383,0
2024-01-13 02:30:00+00:00,0,2.60848926347223,0
2024-01-13 02:45:00+00:00,0,2.029818401531063,0
2024-01-13 03:00:00+00:00,0,1.710023882795734,0
2024-01-13 03:15:00+00:00,0,1.5194850606363595,0
2024-01-13 03:30:00+00:00,0,1.8132721808731607,0
2024-01-13 03:45:00+00:00,0,1.4880116419702556,0
2024-01-13 04:00:00+00:00,0,1.0413930586950138,0
2024-01-13 04:15:00+00:00,0,0.9531035769978001,0
2024-01-13 04:30:00+00:00,0,0.9377416093781418,0
2024-01-13 04:45:00+00:00,0,0.8299770708750187,0
2024-01-13 05:00:00+00:00,0,0.8329892067294926,0
2024-01-13 05:15:00+00:00,0,1.5816487641951955,0
2024-01-13 05:30:00+00:00,0,0.778425092180741,0
2024-01-13 05:45:00+00:00,0,0.4011536910326501,0
2024-01-13 06:00:00+00:00,0,1.3674712668188564,0
2024-01-13 06:15:00+00:00,0,1.7449603337552888,0
2024-01-13 06:30:00+00:00,0,1.738721702205146,0
2024-01-13 06:45:00+00:00,0,1.741726395470948,0
2024-01-13 07:00:00+00:00,0,1.008807210085486,0
2024-01-13 07:15:00+00:00,0,1.9935970068659852,0
2024-01-13 07:30:00+00:00,0,1.2036304785600738,0
2024-01-13 07:45:00+00:00,0,1.7016076323262945,0
2024-01-13 08:00:00+00:00,0,1.3884104367184313,0
2024-01-13 08:15:00+00:00,0,1.0852962308093717,0
2024-01-13 08:30:00+00:00,0,1.3119425193186756,0
2024-01-13 08:45:00+00:00,0,1.6203486888561802,0
2024-01-13 09:00:00+00:00,0,1.625784642872719,0
2024-01-13 09:15:00+00:00,0,1.29662674123895,0
2024-01-13 09:30:00+00:00,0,1.9188972451562358,0
2024-01-13 09:45:00+00:00,0,1.6129972486046167,0
2024-01-13 10:00:00+00:00,0,1.0586973397610295,0
2024-01-13 10:15:00+00:00,0,1.480754483729473,0
2024-01-13 10:30:00+00:00,0,1.8248816986133078,0
2024-01-13 10:45:00+00:00,0,1.6541051427034368,0
2024-01-13 11:00:00+00:00,0,1.249187627513653,0
2024-01-13 11:15:00+00:00,0,0.965045052980893,0
2024-01-13 11:30:00+00:00,0,1.595487562559934,0
2024-01-13 11:45:00+00:00,0,1.294518635160162,0
2024-01-13 12:00:00+00:00,0,1.443261081235268,0
2024-01-13 12:15:00+00:00,0,0.970853165467129,0
2024-01-13 12:30:00+00:00,0,1.3407726351517055,0
2024-01-13 12:45:00+00:00,0,2.0564115524015243,0
2024-01-13 13:00:00+00:00,0,1.2411996737842657,0
2024-01-13 13:15:00+00:00,0,1.242419893698123,0
2024-01-13 13:30:00+00:00,0,2.698997442533223,0
2024-01-13 13:45:00+00:00,0,1.3208136572674303,0
2024-01-13 14:00:00+00:00,0,2.6110545728605277,0
2024-01-13 14:15:00+00:00,0,1.3500263044035385,0
2024-01-13 14:30:00+00:00,0,1.3839225350004696,0
2024-01-13 14:45:00+00:00,0,1.6654014912746602,0
2024-01-13 15:00:00+00:00,0,1.4031069562422627,0
2024-01-13 15:15:00+00:00,0,1.7187315103300358,0
2024-01-13 15:30:00+00:00,0,2.6621661678217468,0
2024-01-13 15:45:00+00:00,0,1.6556218333895945,0
2024-01-13 16:00:00+00:00,0,1.718213570774667,0
2024-01-13 16:15:00+00:00,0,1.7371176798381265,0
2024-01-13 16:30:00+00:00,0,1.1928255962617658,0
2024-01-13 16:45:00+00:00,0,2.0956942358815804,0
2024-01-13 17:00:00+00:00,0,0.9639501724719312,0
2024-01-13 17:15:00+00:00,0,1.7380861825446703,0
2024-01-13 17:30:00+00:00,0,1.0534849969178337,0
2024-01-13 17:45:00+00:00,0,1.2484408242972551,0
2024-01-13 18:00:00+00:00,0,1.4987813361941695,0
2024-01-13 18:15:00+00:00,0,1.208257759320296,0
2024-01-13 18:30:00+00:00,0,2.569451158300343,0
2024-01-13 18:45:00+00:00,0,2.059221271934647,0
2024-01-13 19:00:00+00:00,0,1.174879367486465,0
2024-01-13 19:15:00+00:00,0,1.4891079020044216,0
2024-01-13 19:30:00+00:00,0,1.7733625941315148,0
2024-01-13 19:45:00+00:00,0,1.935152855808438,0
2024-01-13 20:00:00+00:00,0,1.7321927584617314,0
2024-01-13 20:15:00+00:00,0,1.520168084560725,0
2024-01-13 20:30:00+00:00,0,1.9924351478198392,0
2024-01-13 20:45:00+00:00,0,1.3897175609263528,0
2024-01-13 21:00:00+00:00,0,1.8388160504661026,0
2024-01-13 21:15:00+00:00,0,2.1436962690919,0
2024-01-13 21:30:00+00:00,0,1.9720124204032772,0
2024-01-13 21:45:00+00:00,0,2.237459126406557,0
2024-01-13 22:00:00+00:00,0,1.9218251654817362,0
2024-01-13 22:15:00+00:00,0,1.6736867893557679,0
2024-01-13 22:30:00+00:00,0,1.9995517029850256,0
2024-01-13 22:45:00+00:00,0,1.0136855303482346,0
2024-01-13 23:00:00+00:00,0,1.6619852639167574,0
2024-01-13 23:15:00+00:00,0,1.6801224579868803,0
2024-01-13 23:30:00+00:00,0,1.0467425910349841,0
2024-01-13 23:45:00+00:00,0,1.8181043988192136,0
2024-01-14 00:00:00+00:00,0,3.614449154648228,0
2024-01-14 00:15:00+00:00,0,2.5979541211941197,0
2024-01-14 00:30:00+00:00,0,1.8419759332880468,0
2024-01-14 00:45:00+00:00,0,1.785811617579602,0
2024-01-14 01:00:00+00:00,0,1.4667327096905254,0
2024-01-14 01:15:00+00:00,0,1.1774978511471597,0
2024-01-14 01:30:00+00:00,0,1.2977974116988806,0
2024-01-14 01:45:00+00:00,0,1.587423385612264,0
2024-01-14 02:00:00+00:00,0,1.682690562748728,0
2024-01-14 02:15:00+00:00,0,1.7167305759591784,0
2024-01-14 02:30:00+00:00,0,2.168244125327839,0
2024-01-14 02:45:00+00:00,0,0.7186882380223099,0
2024-01-14 03:00:00+00:00,0,1.624383064339944,0
2024-01-14 03:15:00+00:00,0,2.1627779645615166,0
2024-01-14 03:30:00+00:00,0,1.4304653866921677,0
2024-01-14 03:45:00+00:00,0,1.0029519291655828,0
2024-01-14 04:00:00+00:00,0,1.2763177215375685,0
2024-01-14 04:15:00+00:00,0,1.3807078092300358,0
2024-01-14 04:30:00+00:00,0,1.0341093278139648,0
2024-01-14 04:45:00+00:00,0,1.8131357358841824,0
2024-01-14 05:00:00+00:00,0,1.7811387722519203,0
2024-01-14 05:15:00+00:00,0,1.6782068400654333,0
2024-01-14 05:30:00+00:00,0,2.0366944073935396,0
2024-01-14 05:45:00+00:00,0,1.8877698716755464,0
2024-01-14 06:00:00+00:00,0,1.0653670663048564,0
2024-01-14 06:15:00+00:00,0,1.4427295227266466,0
2024-01-14 06:30:00+00:00,0,1.0162581726092665,0
2024-01-14 06:45:00+00:00,0,2.2894281904440503,0
2024-01-14 07:00:00+00:00,0,1.11534522545745,0
2024-01-14 07:15:00+00:00,0,2.0420433899726813,0
2024-01-14 07:30:00+00:00,0,1.398840474439803,0
2024-01-14 07:45:00+00:00,0,1.1873324178718243,0
2024-01-14 08:00:00+00:00,0,1.7669205757268722,0
2024-01-14 08:15:00+00:00,0,0.8184916241219407,0
2024-01-14 08:30:00+00:00,0,2.035510394016711,0
2024-01-14 08:45:00+00:00,0,1.9964016977149266,0
2024-01-14 09:00:00+00:00,0,1.5431032487016492,0
2024-01-14 09:15:00+00:00,0,1.5953000596758342,0
2024-01-14 09:30:00+00:00,0,1.7768040919324355,0
2024-01-14 09:45:00+00:00,0,1.439103893440672,0
2024-01-14 10:00:00+00:00,0,2.167259247095998,0
2024-01-14 10:15:00+00:00,0,1.4964763861210593,0
2024-01-14 10:30:00+00:00,0,1.1844563928053704,0
2024-01-14 10:45:00+00:00,0,0.8971760761155636,0
2024-01-14 11:00:00+00:00,0,1.0358558802660478,0
2024-01-14 11:15:00+00:00,0,1.5305135611508778,0
2024-01-14 11:30:00+00:00,0,1.304213443187625,0
2024-01-14 11:45:00+00:00,0,1.4970099039123368,0
2024-01-14 12:00:00+00:00,0,1.2377669793610895,0
2024-01-14 12:15:00+00:00,0,0.8001022526791157,0
2024-01-14 12:30:00+00:00,0,1.400478756328793,0
2024-01-14 12:45:00+00:00,0,1.1647385705089295,0
2024-01-14 13:00:00+00:00,0,2.3210707514386737,0
2024-01-14 13:15:00+00:00,0,1.8867394405404232,0
2024-01-14 13:30:00+00:00,0,2.4599494869896033,0
2024-01-14 13:45:00+00:00,0,1.8777831171594521,0
2024-01-14 14:00:00+00:00,0,1.0648011254132035,0
2024-01-14 14:15:00+00:00,0,2.390745311779442,0
2024-01-14 14:30:00+00:00,0,1.2894263672428035,0
2024-01-14 14:45:00+00:00,0,1.9596052556231567,0
2024-01-14 15:00:00+00:00,0,2.2637423733601723,0
2024-01-14 15:15:00+00:00,0,0.959535539494826,0
2024-01-14 15:30:00+00:00,0,1.3246536491749548,0
2024-01-14 15:45:00+00:00,0,1.6462455553507893,0
2024-01-14 16:00:00+00:00,0,1.195105786078581,0
2024-01-14 16:15:00+00:00,0,1.2666259597176412,0
2024-01-14 16:30:00+00:00,0,1.2745406161461943,0
2024-01-14 16:45:00+00:00,0,1.8480341912319667,0
2024-01-14 17:00:00+00:00,0,1.2486087315120284,0
2024-01-14 17:15:00+00:00,0,1.8928373679778774,0
2024-01-14 17:30:00+00:00,0,1.9895704442484543,0
2024-01-14 17:45:00+00:00,0,1.7849890634698653,0
2024-01-14 18:00:00+00:00,0,1.6567228334906992,0
2024-01-14 18:15:00+00:00,0,1.4592276314356167,0
2024-01-14 18:30:00+00:00,0,1.0961176572121931,0
2024-01-14 18:45:00+00:00,0,1.9645305666968114,0
2024-01-14 19:00:00+00:00,0,1.2843383086159215,0
2024-01-14 19:15:00+00:00,0,1.8088744975652642,0
2024-01-14 19:30:00+00:00,0,1.2675168818312548,0
2024-01-14 19:45:00+00:00,0,1.8627607765459744,0
2024-01-14 20:00:00+00:00,0,1.1510317028602925,0
2024-01-14 20:15:00+00:00,0,1.8192672307031448,0
2024-01-14 20:30:00+00:00,0,1.817676233622934,0
2024-01-14 20:45:00+00:00,0,1.3421004809528307,0
2024-01-14 21:00:00+00:00,0,2.0747766023535448,0
2024-01-14 21:15:00+00:00,0,1.5538677498966726,0
2024-01-14 21:30:00+00:00,0,1.6531583584154281,0
2024-01-14 21:45:00+00:00,0,2.1906992729220827,0
2024-01-14 22:00:00+00:00,0,1.3913186273032425,0
2024-01-14 22:15:00+00:00,0,1.4608515703632687,0
2024-01-14 22:30:00+00:00,0,2.13462845498084,0
2024-01-14 22:45:00+00:00,0,0.8836173771713399,0
2024-01-14 23:00:00+00:00,0,1.0063708727881504,0
2024-01-14 23:15:00+00:00,0,1.294014925433923,0
2024-01-14 23:30:00+00:00,0,1.2986362104672016,0
2024-01-14 23:45:00+00:00,0,2.237753902317095,0
