timestamp,fault_flag,fault_type,score,prediction
2024-01-01 00:00:00+00:00,0,normal,0.14692037946885295,0
2024-01-01 00:15:00+00:00,0,normal,1.3323566458640586,0
2024-01-01 00:30:00+00:00,0,normal,1.660396975544821,0
2024-01-01 00:45:00+00:00,0,normal,0.26618094333553977,0
2024-01-01 01:00:00+00:00,0,normal,-0.16615687502244736,1
2024-01-01 01:15:00+00:00,0,normal,0.4196637231712401,0
2024-01-01 01:30:00+00:00,0,normal,0.0001672465042097393,0
2024-01-01 01:45:00+00:00,0,normal,1.2320142103374363,0
2024-01-01 02:00:00+00:00,0,normal,1.3631544400536701,0
2024-01-01 02:15:00+00:00,0,normal,1.4560032284888842,0
2024-01-01 02:30:00+00:00,0,normal,1.2776647493357314,0
2024-01-01 02:45:00+00:00,0,normal,0.00033967062119044655,0
2024-01-01 03:00:00+00:00,0,normal,2.2516737499719643,0
2024-01-01 03:15:00+00:00,0,normal,1.391147474600785,0
2024-01-01 03:30:00+00:00,0,normal,1.6612292185185749,0
2024-01-01 03:45:00+00:00,0,normal,1.4974217922780295,0
2024-01-01 04:00:00+00:00,0,normal,1.5590557745471716,0
2024-01-01 04:15:00+00:00,0,normal,1.5497170943621357,0
2024-01-01 04:30:00+00:00,0,normal,0.6985873005086742,0
2024-01-01 04:45:00+00:00,0,normal,0.00012625896884710386,0
2024-01-01 05:00:00+00:00,0,normal,0.31144388839961,0
2024-01-01 05:15:00+00:00,0,normal,2.296673324919339,0
2024-01-01 05:30:00+00:00,0,normal,-0.33548221359799246,1
2024-01-01 05:45:00+00:00,0,normal,1.489447608504166,0
2024-01-01 06:00:00+00:00,0,normal,1.9362866107890766,0
2024-01-01 06:15:00+00:00,0,normal,1.1738173709110806,0
2024-01-01 06:30:00+00:00,0,normal,0.4480843118034805,0
2024-01-01 06:45:00+00:00,0,normal,0.7023384764958265,0
2024-01-01 07:00:00+00:00,0,normal,1.518405270685102,0
2024-01-01 07:15:00+00:00,0,normal,0.4700784567885523,0
2024-01-01 07:30:00+00:00,0,normal,-0.00032754403413948197,1
2024-01-01 07:45:00+00:00,0,normal,1.9515851450168067,0
2024-01-01 08:00:00+00:00,0,normal,2.0424815593428716,0
2024-01-01 08:15:00+00:00,0,normal,0.5908131814046715,0
2024-01-01 08:30:00+00:00,0,normal,2.1026170614477757,0
2024-01-01 08:45:00+00:00,0,normal,0.6343866313982081,0
2024-01-01 09:00:00+00:00,0,normal,1.6815713478543972,0
2024-01-01 09:15:00+00:00,0,normal,0.4572037299013818,0
2024-01-01 09:30:00+00:00,0,normal,0.684132409586593,0
2024-01-01 09:45:00+00:00,0,normal,0.30409229902201274,0
2024-01-01 10:00:00+00:00,0,normal,1.2928331145130074,0
2024-01-01 10:15:00+00:00,0,normal,0.19814410045611242,0
2024-01-01 10:30:00+00:00,0,normal,0.8663754644585562,0
2024-01-01 10:45:00+00:00,0,normal,0.5516954410287891,0
2024-01-01 11:00:00+00:00,0,normal,-0.23723148128497584,1
2024-01-01 11:15:00+00:00,0,normal,0.14281980812248873,0
2024-01-01 11:30:00+00:00,0,normal,1.154631041927694,0
2024-01-01 11:45:00+00:00,0,normal,0.661539423886937,0
2024-01-01 12:00:00+00:00,0,normal,-0.6628413025896136,1
2024-01-01 12:15:00+00:00,0,normal,0.653891906381149,0
2024-01-01 12:30:00+00:00,0,normal,1.4819745977584318,0
2024-01-01 12:45:00+00:00,0,normal,0.2646553437868939,0
2024-01-01 13:00:00+00:00,0,normal,1.320700891498595,0
2024-01-01 13:15:00+00:00,0,normal,0.10713171054370418,0
2024-01-01 13:30:00+00:00,0,normal,1.499934436376527,0
2024-01-01 13:45:00+00:00,0,normal,0.9368209751285312,0
2024-01-01 14:00:00+00:00,0,normal,0.9366330539482557,0
2024-01-01 14:15:00+00:00,0,normal,1.2594478641729379,0
2024-01-01 14:30:00+00:00,0,normal,0.14845081072872857,0
2024-01-01 14:45:00+00:00,0,normal,0.5473775411941659,0
2024-01-01 15:00:00+00:00,0,normal,2.528749171627901,0
2024-01-01 15:15:00+00:00,0,normal,0.01405612398500189,0
2024-01-01 15:30:00+00:00,0,normal,1.0390638279222686,0
2024-01-01 15:45:00+00:00,0,normal,1.0396721874576689,0
2024-01-01 16:00:00+00:00,0,normal,1.26664903042195,0
2024-01-01 16:15:00+00:00,0,normal,1.0748822413221197,0
2024-01-01 16:30:00+00:00,0,normal,0.4572044661812882,0
2024-01-01 16:45:00+00:00,0,normal,1.3951128285896996,0
2024-01-01 17:00:00+00:00,0,normal,1.1756841415609531,0
2024-01-01 17:15:00+00:00,0,normal,0.6624883824085464,0
2024-01-01 17:30:00+00:00,0,normal,0.8099160480856535,0
2024-01-01 17:45:00+00:00,0,normal,2.012949791105814,0
2024-01-01 18:00:00+00:00,0,normal,1.4407665810142496,0
2024-01-01 18:15:00+00:00,0,normal,1.8887368719193334,0
2024-01-01 18:30:00+00:00,0,normal,0.9213282406708929,0
2024-01-01 18:45:00+00:00,0,normal,1.0371710387287831,0
2024-01-01 19:00:00+00:00,0,normal,0.5679053989266398,0
2024-01-01 19:15:00+00:00,0,normal,0.6498766687238806,0
2024-01-01 19:30:00+00:00,0,normal,2.0083349516726368,0
2024-01-01 19:45:00+00:00,0,normal,0.396169681607335,0
2024-01-01 20:00:00+00:00,0,normal,0.05809461237510316,0
2024-01-01 20:15:00+00:00,0,normal,0.5116297190784684,0
2024-01-01 20:30:00+00:00,0,normal,1.5893465863836553e-05,0
2024-01-01 20:45:00+00:00,0,normal,1.1153122148018784,0
2024-01-01 21:00:00+00:00,0,normal,2.0571825728232795e-05,0
2024-01-01 21:15:00+00:00,0,normal,1.4801548992612203,0
2024-01-01 21:30:00+00:00,0,normal,1.2068496109170836,0
2024-01-01 21:45:00+00:00,0,normal,1.118390996263534,0
2024-01-01 22:00:00+00:00,0,normal,1.3567874721733184,0
2024-01-01 22:15:00+00:00,0,normal,0.7253348159372961,0
2024-01-01 22:30:00+00:00,0,normal,0.5395819922117373,0
2024-01-01 22:45:00+00:00,0,normal,-0.22957492362595078,1
2024-01-01 23:00:00+00:00,0,normal,-0.0002863258232510546,1
2024-01-01 23:15:00+00:00,0,normal,0.9973986687058116,0
2024-01-01 23:30:00+00:00,0,normal,-0.0003798643455876771,1
2024-01-01 23:45:00+00:00,0,normal,1.4641318301491268,0
2024-01-02 00:00:00+00:00,0,normal,1.1272828405973185,0
2024-01-02 00:15:00+00:00,0,normal,1.0872469575965886,0
2024-01-02 00:30:00+00:00,0,normal,1.4507571264509544,0
2024-01-02 00:45:00+00:00,0,normal,0.15206182186144357,0
2024-01-02 01:00:00+00:00,0,normal,1.806965860449513,0
2024-01-02 01:15:00+00:00,0,normal,0.951339739518406,0
2024-01-02 01:30:00+00:00,0,normal,-0.00044194922281759474,1
2024-01-02 01:45:00+00:00,0,normal,2.00106394304238,0
2024-01-02 02:00:00+00:00,0,normal,0.8773860894932133,0
2024-01-02 02:15:00+00:00,0,normal,0.4856439171742468,0
2024-01-02 02:30:00+00:00,0,normal,0.7016679499356782,0
2024-01-02 02:45:00+00:00,0,normal,1.093282951605413,0
2024-01-02 03:00:00+00:00,0,normal,1.9703240322866695,0
2024-01-02 03:15:00+00:00,0,normal,0.48976763473105844,0
2024-01-02 03:30:00+00:00,0,normal,1.0189285242796866,0
2024-01-02 03:45:00+00:00,0,normal,1.103649545949874,0
2024-01-02 04:00:00+00:00,0,normal,0.8742020154884393,0
2024-01-02 04:15:00+00:00,0,normal,0.38816421664452694,0
2024-01-02 04:30:00+00:00,0,normal,1.2754928548807087,0
2024-01-02 04:45:00+00:00,0,normal,-0.995443198643085,1
2024-01-02 05:00:00+00:00,0,normal,1.790680636218919,0
2024-01-02 05:15:00+00:00,0,normal,1.0231839832170242,0
2024-01-02 05:30:00+00:00,0,normal,1.3691671584694887,0
2024-01-02 05:45:00+00:00,0,normal,0.18241793300751663,0
2024-01-02 06:00:00+00:00,0,normal,2.02368796562515,0
2024-01-02 06:15:00+00:00,0,normal,1.3803691248627055,0
2024-01-02 06:30:00+00:00,0,normal,0.2981143757174354,0
2024-01-02 06:45:00+00:00,0,normal,0.7378737990063478,0
2024-01-02 07:00:00+00:00,0,normal,0.34440488859021734,0
2024-01-02 07:15:00+00:00,0,normal,0.00011358585956600109,0
2024-01-02 07:30:00+00:00,0,normal,1.3453217928092722,0
2024-01-02 07:45:00+00:00,0,normal,1.9700437634743762,0
2024-01-02 08:00:00+00:00,0,normal,2.8497732643641425,0
2024-01-02 08:15:00+00:00,0,normal,0.6224992114927428,0
2024-01-02 08:30:00+00:00,0,normal,1.3416941152098647,0
2024-01-02 08:45:00+00:00,0,normal,1.6590175058391599,0
2024-01-02 09:00:00+00:00,0,normal,0.9250519253591878,0
2024-01-02 09:15:00+00:00,0,normal,2.174044335421048,0
2024-01-02 09:30:00+00:00,0,normal,2.4154371753936377,0
2024-01-02 09:45:00+00:00,0,normal,-0.00020072425209116673,1
2024-01-02 10:00:00+00:00,0,normal,0.8128540858731652,0
2024-01-02 10:15:00+00:00,0,normal,0.11340594166616524,0
2024-01-02 10:30:00+00:00,0,normal,0.49047240426462313,0
2024-01-02 10:45:00+00:00,0,normal,0.07558581402325393,0
2024-01-02 11:00:00+00:00,0,normal,0.7399700983869981,0
2024-01-02 11:15:00+00:00,0,normal,0.00035329508471226845,0
2024-01-02 11:30:00+00:00,0,normal,1.788266543992321,0
2024-01-02 11:45:00+00:00,0,normal,1.358550265719757,0
2024-01-02 12:00:00+00:00,0,normal,0.8022053667234363,0
2024-01-02 12:15:00+00:00,0,normal,0.3218357665670384,0
2024-01-02 12:30:00+00:00,0,normal,0.9113854230789706,0
2024-01-02 12:45:00+00:00,0,normal,1.168215189330326,0
2024-01-02 13:00:00+00:00,0,normal,1.5816994401891002,0
2024-01-02 13:15:00+00:00,0,normal,0.44948802386276165,0
2024-01-02 13:30:00+00:00,0,normal,1.440388779801745,0
2024-01-02 13:45:00+00:00,0,normal,-5.602978108143475e-07,1
2024-01-02 14:00:00+00:00,0,normal,0.8764267105320065,0
2024-01-02 14:15:00+00:00,0,normal,0.35706977767306247,0
2024-01-02 14:30:00+00:00,0,normal,-0.0003158905837801207,1
2024-01-02 14:45:00+00:00,0,normal,0.8540670356584643,0
2024-01-02 15:00:00+00:00,0,normal,2.1436849595646277,0
2024-01-02 15:15:00+00:00,0,normal,0.1538181590691643,0
2024-01-02 15:30:00+00:00,0,normal,1.1620457155660762,0
2024-01-02 15:45:00+00:00,0,normal,0.5765790204579875,0
2024-01-02 16:00:00+00:00,0,normal,0.8269184567824226,0
2024-01-02 16:15:00+00:00,0,normal,1.7407699489983544,0
2024-01-02 16:30:00+00:00,0,normal,0.3650722149770389,0
2024-01-02 16:45:00+00:00,0,normal,1.3034709361389125,0
2024-01-02 17:00:00+00:00,0,normal,2.8585556963328123,0
2024-01-02 17:15:00+00:00,0,normal,1.0417483661230338,0
2024-01-02 17:30:00+00:00,0,normal,1.2602556746704798,0
2024-01-02 17:45:00+00:00,0,normal,-9.060725596743424e-05,1
2024-01-02 18:00:00+00:00,0,normal,1.401636132240211,0
2024-01-02 18:15:00+00:00,0,normal,0.8313161966048255,0
2024-01-02 18:30:00+00:00,0,normal,1.3266551880260224,0
2024-01-02 18:45:00+00:00,0,normal,1.5537011878354563,0
2024-01-02 19:00:00+00:00,0,normal,1.9994083116210422,0
2024-01-02 19:15:00+00:00,0,normal,1.0776237591980977,0
2024-01-02 19:30:00+00:00,0,normal,1.8411148752716229,0
2024-01-02 19:45:00+00:00,0,normal,0.5107983546317563,0
2024-01-02 20:00:00+00:00,0,normal,1.7580633840338709,0
2024-01-02 20:15:00+00:00,0,normal,1.1874786558790116,0
2024-01-02 20:30:00+00:00,1,spike,0.6378382496310793,0
2024-01-02 20:45:00+00:00,1,spike,0.7345998766291468,0
2024-01-02 21:00:00+00:00,1,spike,0.7425118893366238,0
2024-01-02 21:15:00+00:00,1,spike,-0.7506655936749,1
2024-01-02 21:30:00+00:00,1,spike,-0.43336568848079793,1
2024-01-02 21:45:00+00:00,1,spike,-0.3444106208651392,1
2024-01-02 22:00:00+00:00,1,spike,-0.06570108013868259,1
2024-01-02 22:15:00+00:00,1,spike,-0.9817265154140955,1
2024-01-02 22:30:00+00:00,1,spike,0.34384760529855596,0
2024-01-02 22:45:00+00:00,1,spike,-0.7772211300952439,1
2024-01-02 23:00:00+00:00,1,spike,-0.9311889070623227,1
2024-01-02 23:15:00+00:00,1,spike,-0.6438460406614426,1
2024-01-02 23:30:00+00:00,1,spike,-0.2202687888160324,1
2024-01-02 23:45:00+00:00,0,normal,1.0094664272301457,0
2024-01-03 00:00:00+00:00,0,normal,1.4621076770359518,0
2024-01-03 00:15:00+00:00,0,normal,1.6496637707389197,0
2024-01-03 00:30:00+00:00,0,normal,1.250270038530306,0
2024-01-03 00:45:00+00:00,0,normal,-0.0004495445208361204,1
2024-01-03 01:00:00+00:00,0,normal,0.5634652227795618,0
2024-01-03 01:15:00+00:00,0,normal,1.697762829577123,0
2024-01-03 01:30:00+00:00,0,normal,0.6955154396079766,0
2024-01-03 01:45:00+00:00,0,normal,0.6607182751050802,0
2024-01-03 02:00:00+00:00,0,normal,0.773802899618449,0
2024-01-03 02:15:00+00:00,0,normal,0.873389311066914,0
2024-01-03 02:30:00+00:00,0,normal,1.0614356916289602,0
2024-01-03 02:45:00+00:00,0,normal,1.2129265669799314,0
2024-01-03 03:00:00+00:00,0,normal,1.3103795584150215,0
2024-01-03 03:15:00+00:00,0,normal,1.6726515503364703,0
2024-01-03 03:30:00+00:00,0,normal,1.2230483022541532,0
2024-01-03 03:45:00+00:00,0,normal,0.6453176894795374,0
2024-01-03 04:00:00+00:00,0,normal,0.3906936928831457,0
2024-01-03 04:15:00+00:00,0,normal,2.2378705549678,0
2024-01-03 04:30:00+00:00,0,normal,0.00510876039850805,0
2024-01-03 04:45:00+00:00,0,normal,1.803282982904903,0
2024-01-03 05:00:00+00:00,0,normal,1.404653382523581,0
2024-01-03 05:15:00+00:00,0,normal,1.4409312220984956,0
2024-01-03 05:30:00+00:00,0,normal,2.0398524737897463,0
2024-01-03 05:45:00+00:00,0,normal,1.3807147825840462,0
2024-01-03 06:00:00+00:00,0,normal,1.5483863898451813,0
2024-01-03 06:15:00+00:00,0,normal,0.7653382482327213,0
2024-01-03 06:30:00+00:00,0,normal,0.7991253668735445,0
2024-01-03 06:45:00+00:00,0,normal,1.6941560925113603,0
2024-01-03 07:00:00+00:00,0,normal,1.5171722616225467,0
2024-01-03 07:15:00+00:00,0,normal,1.2912325919903522,0
2024-01-03 07:30:00+00:00,0,normal,1.8758561013040835,0
2024-01-03 07:45:00+00:00,0,normal,0.9438158185855907,0
2024-01-03 08:00:00+00:00,0,normal,-0.00020364000012573769,1
2024-01-03 08:15:00+00:00,0,normal,0.040301467389245005,0
2024-01-03 08:30:00+00:00,0,normal,0.43846669393073157,0
2024-01-03 08:45:00+00:00,0,normal,1.5589020844568506,0
2024-01-03 09:00:00+00:00,0,normal,1.5349148659534193,0
2024-01-03 09:15:00+00:00,0,normal,0.8659449367124443,0
2024-01-03 09:30:00+00:00,0,normal,1.9465180267418423,0
2024-01-03 09:45:00+00:00,0,normal,0.6490860770805704,0
2024-01-03 10:00:00+00:00,0,normal,1.0093605388655011,0
2024-01-03 10:15:00+00:00,0,normal,0.8271648223943742,0
2024-01-03 10:30:00+00:00,0,normal,0.0002574678524083218,0
2024-01-03 10:45:00+00:00,0,normal,0.09936263827102243,0
2024-01-03 11:00:00+00:00,0,normal,0.96218231670229,0
2024-01-03 11:15:00+00:00,0,normal,1.596397054417857,0
2024-01-03 11:30:00+00:00,0,normal,1.3415768056560498,0
2024-01-03 11:45:00+00:00,0,normal,0.0002811548883498993,0
2024-01-03 12:00:00+00:00,0,normal,0.7390314975151298,0
2024-01-03 12:15:00+00:00,0,normal,1.6827330743609221,0
2024-01-03 12:30:00+00:00,0,normal,1.6916071039284852,0
2024-01-03 12:45:00+00:00,0,normal,0.660364531085984,0
2024-01-03 13:00:00+00:00,0,normal,-0.000490378379490064,1
2024-01-03 13:15:00+00:00,0,normal,0.6522129258753924,0
2024-01-03 13:30:00+00:00,0,normal,1.2983700153809772,0
2024-01-03 13:45:00+00:00,0,normal,0.35057135443936094,0
2024-01-03 14:00:00+00:00,0,normal,1.2316132903778985,0
2024-01-03 14:15:00+00:00,0,normal,0.06874508812703617,0
2024-01-03 14:30:00+00:00,0,normal,1.0683099279833557,0
2024-01-03 14:45:00+00:00,0,normal,-0.1822035581596162,1
2024-01-03 15:00:00+00:00,0,normal,1.5861419148714426,0
2024-01-03 15:15:00+00:00,0,normal,-0.0004691836065378041,1
2024-01-03 15:30:00+00:00,0,normal,0.8226707835577516,0
2024-01-03 15:45:00+00:00,0,normal,2.278822621399501,0
2024-01-03 16:00:00+00:00,0,normal,0.5097232111007162,0
2024-01-03 16:15:00+00:00,0,normal,1.6778640507195033,0
2024-01-03 16:30:00+00:00,0,normal,1.6176877835735683,0
2024-01-03 16:45:00+00:00,0,normal,0.7029170350573208,0
2024-01-03 17:00:00+00:00,0,normal,1.7372332310257712,0
2024-01-03 17:15:00+00:00,0,normal,1.6714576672180645,0
2024-01-03 17:30:00+00:00,1,cyber,2.3927135930472603,0
2024-01-03 17:45:00+00:00,1,cyber,0.7026589884088921,0
2024-01-03 18:00:00+00:00,1,cyber,2.44196630099016,0
2024-01-03 18:15:00+00:00,1,cyber,0.4185318617957363,0
2024-01-03 18:30:00+00:00,1,cyber,0.9977899726393287,0
2024-01-03 18:45:00+00:00,1,cyber,1.454872848587136,0
2024-01-03 19:00:00+00:00,1,cyber,0.8916223114625299,0
2024-01-03 19:15:00+00:00,1,cyber,1.5634342241819845,0
2024-01-03 19:30:00+00:00,1,cyber,1.6025431289294727,0
2024-01-03 19:45:00+00:00,1,cyber,-0.9826808797496129,1
2024-01-03 20:00:00+00:00,1,cyber,0.5608157715908724,0
2024-01-03 20:15:00+00:00,1,cyber,0.6078974544995517,0
2024-01-03 20:30:00+00:00,1,cyber,-0.08129724719979325,1
2024-01-03 20:45:00+00:00,1,cyber,1.0091254597416763,0
2024-01-03 21:00:00+00:00,1,cyber,-0.759611353516982,1
2024-01-03 21:15:00+00:00,1,cyber,-1.1631619187630418,1
2024-01-03 21:30:00+00:00,1,cyber,-0.31095089008116217,1
2024-01-03 21:45:00+00:00,1,cyber,-0.2557489475518997,1
2024-01-03 22:00:00+00:00,1,cyber,-1.6111931653993057,1
2024-01-03 22:15:00+00:00,1,cyber,-1.866339305513852,1
2024-01-03 22:30:00+00:00,1,cyber,-0.7795901208841318,1
2024-01-03 22:45:00+00:00,1,cyber,-1.491640994637907,1
2024-01-03 23:00:00+00:00,1,cyber,-1.4194915450641261,1
2024-01-03 23:15:00+00:00,1,cyber,-1.6105554683974408,1
2024-01-03 23:30:00+00:00,1,cyber,-1.9397959315941782,1
2024-01-03 23:45:00+00:00,1,cyber,-1.610520864176159,1
2024-01-04 00:00:00+00:00,1,cyber,-2.0246507505731546,1
2024-01-04 00:15:00+00:00,1,cyber,-1.7975237385070626,1
2024-01-04 00:30:00+00:00,1,cyber,-1.8474068742856624,1
2024-01-04 00:45:00+00:00,1,cyber,-2.1764718873631157,1
2024-01-04 01:00:00+00:00,1,cyber,-2.5098973141505603,1
2024-01-04 01:15:00+00:00,1,spike,-0.4671522737506808,1
2024-01-04 01:30:00+00:00,1,spike,1.4337417948627214,0
2024-01-04 01:45:00+00:00,0,normal,0.6626116398148549,0
2024-01-04 02:00:00+00:00,0,normal,1.8594869431388914,0
2024-01-04 02:15:00+00:00,0,normal,1.3650013721266423,0
2024-01-04 02:30:00+00:00,0,normal,-0.00016923640699673115,1
2024-01-04 02:45:00+00:00,0,normal,1.0940322029162908,0
2024-01-04 03:00:00+00:00,0,normal,0.44268349197205303,0
2024-01-04 03:15:00+00:00,0,normal,1.4011584016860144,0
2024-01-04 03:30:00+00:00,0,normal,2.285617253065079,0
2024-01-04 03:45:00+00:00,0,normal,0.9106599508702726,0
2024-01-04 04:00:00+00:00,0,normal,2.5470748676227735,0
2024-01-04 04:15:00+00:00,0,normal,0.2913567678447251,0
2024-01-04 04:30:00+00:00,0,normal,0.06986368955391775,0
2024-01-04 04:45:00+00:00,0,normal,1.0472238173495287,0
2024-01-04 05:00:00+00:00,0,normal,-0.4710893539811325,1
2024-01-04 05:15:00+00:00,0,normal,0.05664375421849943,0
2024-01-04 05:30:00+00:00,0,normal,0.00019944241767877458,0
2024-01-04 05:45:00+00:00,0,normal,0.9838873299608708,0
2024-01-04 06:00:00+00:00,0,normal,1.0194411887811978,0
2024-01-04 06:15:00+00:00,0,normal,2.1735534349107195,0
2024-01-04 06:30:00+00:00,0,normal,-0.32396212030333293,1
2024-01-04 06:45:00+00:00,0,normal,1.3376045017251763,0
2024-01-04 07:00:00+00:00,0,normal,1.3738797468042434,0
2024-01-04 07:15:00+00:00,0,normal,1.3935146911091514,0
2024-01-04 07:30:00+00:00,0,normal,2.1499965638890317,0
2024-01-04 07:45:00+00:00,0,normal,1.5041096258579016,0
2024-01-04 08:00:00+00:00,0,normal,1.1754336916209263,0
2024-01-04 08:15:00+00:00,0,normal,0.6614543604498286,0
2024-01-04 08:30:00+00:00,0,normal,1.1964478669229144,0
2024-01-04 08:45:00+00:00,0,normal,-0.48025167769724586,1
2024-01-04 09:00:00+00:00,0,normal,0.2626228847353418,0
2024-01-04 09:15:00+00:00,0,normal,1.9279756677508746,0
2024-01-04 09:30:00+00:00,0,normal,2.1602355599743226,0
2024-01-04 09:45:00+00:00,0,normal,0.3191307433791719,0
2024-01-04 10:00:00+00:00,0,normal,0.22498604242769682,0
2024-01-04 10:15:00+00:00,0,normal,1.4101966803389971,0
2024-01-04 10:30:00+00:00,0,normal,0.8290979709937365,0
2024-01-04 10:45:00+00:00,0,normal,0.09497964368293355,0
2024-01-04 11:00:00+00:00,0,normal,0.18201795089540207,0
2024-01-04 11:15:00+00:00,0,normal,0.7767566621460955,0
2024-01-04 11:30:00+00:00,0,normal,0.9062727158173387,0
2024-01-04 11:45:00+00:00,0,normal,0.39476995503136614,0
2024-01-04 12:00:00+00:00,0,normal,1.1725102534918252,0
2024-01-04 12:15:00+00:00,0,normal,0.4305536704328601,0
2024-01-04 12:30:00+00:00,0,normal,0.4703671942805774,0
2024-01-04 12:45:00+00:00,0,normal,1.9776934333790073,0
2024-01-04 13:00:00+00:00,0,normal,1.6532756244866413,0
2024-01-04 13:15:00+00:00,0,normal,0.1819916423456176,0
2024-01-04 13:30:00+00:00,0,normal,1.253075942637175,0
2024-01-04 13:45:00+00:00,0,normal,0.0004639252460791887,0
2024-01-04 14:00:00+00:00,0,normal,2.201779272338991,0
2024-01-04 14:15:00+00:00,0,normal,1.526886575371988,0
2024-01-04 14:30:00+00:00,0,normal,0.8987052791114176,0
2024-01-04 14:45:00+00:00,0,normal,0.06160382323279334,0
2024-01-04 15:00:00+00:00,0,normal,1.5233250648408387,0
2024-01-04 15:15:00+00:00,0,normal,2.543410767339069,0
2024-01-04 15:30:00+00:00,0,normal,0.9058516305374105,0
2024-01-04 15:45:00+00:00,0,normal,1.8391144849459438,0
2024-01-04 16:00:00+00:00,0,normal,2.218158761877937,0
2024-01-04 16:15:00+00:00,0,normal,0.48415025811070755,0
2024-01-04 16:30:00+00:00,0,normal,-0.00019714388346780964,1
2024-01-04 16:45:00+00:00,0,normal,1.4094618250807485,0
2024-01-04 17:00:00+00:00,0,normal,1.4098488019992463,0
2024-01-04 17:15:00+00:00,0,normal,0.2942535378883244,0
2024-01-04 17:30:00+00:00,0,normal,2.3934548431108715,0
2024-01-04 17:45:00+00:00,0,normal,1.569339041749442,0
2024-01-04 18:00:00+00:00,0,normal,0.8892405525881077,0
2024-01-04 18:15:00+00:00,0,normal,0.865862095770872,0
2024-01-04 18:30:00+00:00,0,normal,1.4925855711574445,0
2024-01-04 18:45:00+00:00,0,normal,1.3292836061869209,0
2024-01-04 19:00:00+00:00,0,normal,1.7729400088092038,0
2024-01-04 19:15:00+00:00,0,normal,0.3194816257307904,0
2024-01-04 19:30:00+00:00,0,normal,-0.9646994056816443,1
2024-01-04 19:45:00+00:00,0,normal,0.3395834616763942,0
2024-01-04 20:00:00+00:00,0,normal,1.6280553293661426,0
2024-01-04 20:15:00+00:00,0,normal,0.4517065276174699,0
2024-01-04 20:30:00+00:00,0,normal,0.4045172637706478,0
2024-01-04 20:45:00+00:00,0,normal,0.8611173937801375,0
2024-01-04 21:00:00+00:00,0,normal,1.436918668414219,0
2024-01-04 21:15:00+00:00,0,normal,1.8152037825615772,0
2024-01-04 21:30:00+00:00,0,normal,1.5551878928360288,0
2024-01-04 21:45:00+00:00,0,normal,2.617846880578329,0
2024-01-04 22:00:00+00:00,0,normal,0.9575260870417206,0
2024-01-04 22:15:00+00:00,0,normal,0.00048374476885459927,0
2024-01-04 22:30:00+00:00,0,normal,0.37521080670476525,0
2024-01-04 22:45:00+00:00,0,normal,0.5596382325086906,0
2024-01-04 23:00:00+00:00,0,normal,1.8491748377347084,0
2024-01-04 23:15:00+00:00,0,normal,1.242429040067258,0
2024-01-04 23:30:00+00:00,0,normal,0.4544786163326253,0
2024-01-04 23:45:00+00:00,0,normal,5.126268573096837e-05,0
2024-01-05 00:00:00+00:00,0,normal,0.7349399106563164,0
2024-01-05 00:15:00+00:00,0,normal,0.4261727458407254,0
2024-01-05 00:30:00+00:00,0,normal,0.6995463784166631,0
2024-01-05 00:45:00+00:00,0,normal,1.664486330182252,0
2024-01-05 01:00:00+00:00,0,normal,0.9119308492369451,0
2024-01-05 01:15:00+00:00,0,normal,0.7054803577561688,0
2024-01-05 01:30:00+00:00,0,normal,1.2356500000497523,0
2024-01-05 01:45:00+00:00,0,normal,0.11426105811117715,0
2024-01-05 02:00:00+00:00,0,normal,1.0559422286442666,0
2024-01-05 02:15:00+00:00,0,normal,2.945406621951817,0
2024-01-05 02:30:00+00:00,0,normal,1.5196637487055322,0
2024-01-05 02:45:00+00:00,0,normal,2.29014832348378,0
2024-01-05 03:00:00+00:00,0,normal,1.2949427713095836,0
2024-01-05 03:15:00+00:00,0,normal,1.7249076011003663,0
2024-01-05 03:30:00+00:00,0,normal,1.1430196947856879,0
2024-01-05 03:45:00+00:00,0,normal,0.5655839862781158,0
2024-01-05 04:00:00+00:00,0,normal,1.3727199730109496,0
2024-01-05 04:15:00+00:00,0,normal,1.8835771368485514,0
2024-01-05 04:30:00+00:00,0,normal,0.6724729324607162,0
2024-01-05 04:45:00+00:00,0,normal,1.1516410500972616,0
2024-01-05 05:00:00+00:00,0,normal,7.34210129391677e-05,0
2024-01-05 05:15:00+00:00,0,normal,1.18338456127672,0
2024-01-05 05:30:00+00:00,0,normal,0.3530175303290508,0
2024-01-05 05:45:00+00:00,0,normal,0.6418872017543995,0
2024-01-05 06:00:00+00:00,0,normal,2.3282757718388516,0
2024-01-05 06:15:00+00:00,0,normal,-0.00029041911723082237,1
2024-01-05 06:30:00+00:00,0,normal,1.8165566260292558,0
2024-01-05 06:45:00+00:00,0,normal,2.2711945655907413,0
2024-01-05 07:00:00+00:00,0,normal,1.0682960269814257,0
2024-01-05 07:15:00+00:00,0,normal,1.1254800974645796,0
2024-01-05 07:30:00+00:00,0,normal,1.0104616733389213,0
2024-01-05 07:45:00+00:00,0,normal,1.0328148800635533,0
2024-01-05 08:00:00+00:00,0,normal,1.5413033947010635,0
2024-01-05 08:15:00+00:00,0,normal,1.1925859179708653,0
2024-01-05 08:30:00+00:00,0,normal,1.8020581406240113,0
2024-01-05 08:45:00+00:00,0,normal,0.5002097048216605,0
2024-01-05 09:00:00+00:00,0,normal,0.7689043934439646,0
2024-01-05 09:15:00+00:00,0,normal,2.1765218483044566,0
2024-01-05 09:30:00+00:00,0,normal,0.00022797489175818697,0
2024-01-05 09:45:00+00:00,0,normal,0.5694601198552043,0
2024-01-05 10:00:00+00:00,0,normal,2.3845105974452765,0
2024-01-05 10:15:00+00:00,0,normal,0.8359804181257728,0
2024-01-05 10:30:00+00:00,0,normal,0.9713332047580141,0
2024-01-05 10:45:00+00:00,0,normal,1.1572718613697144,0
2024-01-05 11:00:00+00:00,0,normal,1.7761514321410181,0
2024-01-05 11:15:00+00:00,0,normal,0.15468111957612862,0
2024-01-05 11:30:00+00:00,0,normal,1.3645611030391342,0
2024-01-05 11:45:00+00:00,0,normal,0.9559162960609338,0
2024-01-05 12:00:00+00:00,0,normal,0.9640028073794409,0
2024-01-05 12:15:00+00:00,0,normal,2.2513948654933365,0
2024-01-05 12:30:00+00:00,0,normal,0.33906579336920695,0
2024-01-05 12:45:00+00:00,0,normal,0.3672849945248693,0
2024-01-05 13:00:00+00:00,0,normal,0.6660583505862192,0
2024-01-05 13:15:00+00:00,0,normal,0.80051008546475,0
2024-01-05 13:30:00+00:00,0,normal,0.00016983886894372802,0
2024-01-05 13:45:00+00:00,0,normal,0.9355729966834319,0
2024-01-05 14:00:00+00:00,0,normal,1.1163973618444345e-05,0
2024-01-05 14:15:00+00:00,0,normal,1.343603693099729,0
2024-01-05 14:30:00+00:00,0,normal,1.1997587461350325,0
2024-01-05 14:45:00+00:00,0,normal,1.2293640978280362,0
2024-01-05 15:00:00+00:00,0,normal,1.5057968335577114,0
2024-01-05 15:15:00+00:00,0,normal,0.8521571044369045,0
2024-01-05 15:30:00+00:00,0,normal,1.1086520131266977,0
2024-01-05 15:45:00+00:00,0,normal,1.721494448149223,0
2024-01-05 16:00:00+00:00,0,normal,2.695913802727669,0
2024-01-05 16:15:00+00:00,0,normal,2.432650923922185,0
2024-01-05 16:30:00+00:00,0,normal,0.5879161468452612,0
2024-01-05 16:45:00+00:00,0,normal,1.1820634351815271,0
2024-01-05 17:00:00+00:00,0,normal,0.7958883302229309,0
2024-01-05 17:15:00+00:00,0,normal,1.9174942929006469,0
2024-01-05 17:30:00+00:00,0,normal,-6.0655160520894924e-05,1
2024-01-05 17:45:00+00:00,0,normal,2.2753066843828518,0
2024-01-05 18:00:00+00:00,0,normal,1.0186358546836467,0
2024-01-05 18:15:00+00:00,0,normal,1.0611751219467096,0
2024-01-05 18:30:00+00:00,0,normal,1.8625537414966176,0
2024-01-05 18:45:00+00:00,0,normal,1.4739917108737335,0
2024-01-05 19:00:00+00:00,0,normal,0.26499213860668425,0
2024-01-05 19:15:00+00:00,0,normal,1.3446786386248566,0
2024-01-05 19:30:00+00:00,0,normal,0.7516653749961049,0
2024-01-05 19:45:00+00:00,0,normal,-0.0001434907884223513,1
2024-01-05 20:00:00+00:00,0,normal,0.17086133675335313,0
2024-01-05 20:15:00+00:00,0,normal,1.8788559154270246e-05,0
2024-01-05 20:30:00+00:00,0,normal,0.8512329270216772,0
2024-01-05 20:45:00+00:00,0,normal,1.2619538606115044,0
2024-01-05 21:00:00+00:00,0,normal,1.0679411534966499,0
2024-01-05 21:15:00+00:00,0,normal,0.6720821007561453,0
2024-01-05 21:30:00+00:00,0,normal,0.791568933466134,0
2024-01-05 21:45:00+00:00,0,normal,0.5702289242626088,0
2024-01-05 22:00:00+00:00,0,normal,0.3363290053369057,0
2024-01-05 22:15:00+00:00,0,normal,1.2459940891298813,0
2024-01-05 22:30:00+00:00,1,spike,-0.16134148784794755,1
2024-01-05 22:45:00+00:00,1,spike,0.7252780833531487,0
2024-01-05 23:00:00+00:00,1,spike,-0.7814145288221779,1
2024-01-05 23:15:00+00:00,1,spike,-0.03252273408972117,1
2024-01-05 23:30:00+00:00,1,dropout,-1.4227798960254112,1
2024-01-05 23:45:00+00:00,1,dropout,-0.057815500649853746,1
2024-01-06 00:00:00+00:00,1,dropout,-1.9981156549542867,1
2024-01-06 00:15:00+00:00,1,dropout,-1.0192666928772378,1
2024-01-06 00:30:00+00:00,1,dropout,-1.5705537352166374,1
2024-01-06 00:45:00+00:00,1,dropout,-1.8000061051063347,1
2024-01-06 01:00:00+00:00,1,dropout,-1.4968387701886037,1
2024-01-06 01:15:00+00:00,1,dropout,-1.7307116597628047,1
2024-01-06 01:30:00+00:00,1,dropout,-1.5919689492885416,1
2024-01-06 01:45:00+00:00,1,dropout,-0.9546312451930525,1
2024-01-06 02:00:00+00:00,0,normal,0.6197505328087662,0
2024-01-06 02:15:00+00:00,0,normal,0.7218679658459743,0
2024-01-06 02:30:00+00:00,0,normal,1.3943522782189723,0
2024-01-06 02:45:00+00:00,0,normal,2.5619193297084704,0
2024-01-06 03:00:00+00:00,0,normal,1.468849927118082,0
2024-01-06 03:15:00+00:00,0,normal,-0.00011327853957299183,1
2024-01-06 03:30:00+00:00,0,normal,1.2785796683898956,0
2024-01-06 03:45:00+00:00,0,normal,0.9609996618260177,0
2024-01-06 04:00:00+00:00,0,normal,2.151380418287396,0
2024-01-06 04:15:00+00:00,0,normal,1.07634203190386,0
2024-01-06 04:30:00+00:00,0,normal,0.8117056813810404,0
2024-01-06 04:45:00+00:00,0,normal,1.0851546037921627,0
2024-01-06 05:00:00+00:00,0,normal,1.3668503621833139e-05,0
2024-01-06 05:15:00+00:00,0,normal,0.2033888356786151,0
2024-01-06 05:30:00+00:00,0,normal,1.5962431643809825,0
2024-01-06 05:45:00+00:00,0,normal,1.4440175571114469,0
2024-01-06 06:00:00+00:00,0,normal,0.540590753013146,0
2024-01-06 06:15:00+00:00,0,normal,2.008703908908943,0
2024-01-06 06:30:00+00:00,0,normal,0.6884321409521732,0
2024-01-06 06:45:00+00:00,0,normal,1.0373464087419468,0
2024-01-06 07:00:00+00:00,0,normal,2.021377641660226,0
2024-01-06 07:15:00+00:00,0,normal,2.237850057214629,0
2024-01-06 07:30:00+00:00,0,normal,2.0661710302769163,0
2024-01-06 07:45:00+00:00,0,normal,0.743303103100541,0
2024-01-06 08:00:00+00:00,0,normal,2.3106678991738288,0
2024-01-06 08:15:00+00:00,0,normal,1.518476860708128,0
2024-01-06 08:30:00+00:00,0,normal,0.2904219590192598,0
2024-01-06 08:45:00+00:00,0,normal,-0.00013455191919042875,1
2024-01-06 09:00:00+00:00,0,normal,0.0002897852151724223,0
2024-01-06 09:15:00+00:00,0,normal,1.5416979927048184,0
2024-01-06 09:30:00+00:00,0,normal,0.23992850136032873,0
2024-01-06 09:45:00+00:00,0,normal,-0.0816146665424835,1
2024-01-06 10:00:00+00:00,0,normal,1.4000994370697293,0
2024-01-06 10:15:00+00:00,0,normal,0.07047550084627785,0
2024-01-06 10:30:00+00:00,0,normal,0.8413060169291251,0
2024-01-06 10:45:00+00:00,0,normal,0.6588174215111744,0
2024-01-06 11:00:00+00:00,0,normal,0.5713319919285276,0
2024-01-06 11:15:00+00:00,0,normal,0.5361823293415058,0
2024-01-06 11:30:00+00:00,0,normal,0.5417066755997668,0
2024-01-06 11:45:00+00:00,0,normal,1.2823895427896397,0
2024-01-06 12:00:00+00:00,0,normal,0.4797233968444803,0
2024-01-06 12:15:00+00:00,0,normal,0.00029489213409572557,0
2024-01-06 12:30:00+00:00,0,normal,1.4464756303691932,0
2024-01-06 12:45:00+00:00,0,normal,0.7829094531093621,0
2024-01-06 13:00:00+00:00,0,normal,0.46055998249592633,0
2024-01-06 13:15:00+00:00,0,normal,1.0661706668404558,0
2024-01-06 13:30:00+00:00,0,normal,-7.306336344692355e-05,1
2024-01-06 13:45:00+00:00,0,normal,1.7308879636156402,0
2024-01-06 14:00:00+00:00,0,normal,0.00013120184180914762,0
2024-01-06 14:15:00+00:00,0,normal,0.8309481033753898,0
2024-01-06 14:30:00+00:00,0,normal,0.00017985200279069247,0
2024-01-06 14:45:00+00:00,0,normal,1.0036516739191073,0
2024-01-06 15:00:00+00:00,0,normal,2.347795360863317,0
2024-01-06 15:15:00+00:00,0,normal,0.6192921852564379,0
2024-01-06 15:30:00+00:00,0,normal,1.6536261098220835,0
2024-01-06 15:45:00+00:00,0,normal,2.658564035457123,0
2024-01-06 16:00:00+00:00,0,normal,1.434017643104473,0
2024-01-06 16:15:00+00:00,0,normal,-6.563445668561485e-05,1
2024-01-06 16:30:00+00:00,0,normal,1.1824211666091293,0
2024-01-06 16:45:00+00:00,0,normal,0.39636318694940664,0
2024-01-06 17:00:00+00:00,0,normal,1.6655883618806064,0
2024-01-06 17:15:00+00:00,0,normal,1.4361613063940726,0
2024-01-06 17:30:00+00:00,0,normal,2.3693003231425886,0
2024-01-06 17:45:00+00:00,0,normal,0.36505535586916826,0
2024-01-06 18:00:00+00:00,0,normal,0.4480691430712107,0
2024-01-06 18:15:00+00:00,0,normal,1.9052410089388858,0
2024-01-06 18:30:00+00:00,0,normal,1.641389795866346,0
2024-01-06 18:45:00+00:00,0,normal,1.17210135726754,0
2024-01-06 19:00:00+00:00,0,normal,-0.24387336671635707,1
2024-01-06 19:15:00+00:00,0,normal,1.2918941182112502,0
2024-01-06 19:30:00+00:00,0,normal,0.6479042030778155,0
2024-01-06 19:45:00+00:00,0,normal,1.0632572360023835,0
2024-01-06 20:00:00+00:00,0,normal,0.6847005535234483,0
2024-01-06 20:15:00+00:00,0,normal,1.0666738137664766,0
2024-01-06 20:30:00+00:00,0,normal,1.6807071873443475,0
2024-01-06 20:45:00+00:00,0,normal,1.1981494392918797,0
2024-01-06 21:00:00+00:00,0,normal,0.11694674329429278,0
2024-01-06 21:15:00+00:00,0,normal,0.7549083651543187,0
2024-01-06 21:30:00+00:00,0,normal,1.1998818069293322,0
2024-01-06 21:45:00+00:00,0,normal,0.00042650931414112137,0
2024-01-06 22:00:00+00:00,0,normal,0.6344496217485207,0
2024-01-06 22:15:00+00:00,0,normal,0.9512888613021251,0
2024-01-06 22:30:00+00:00,0,normal,0.5466788380439978,0
2024-01-06 22:45:00+00:00,0,normal,0.11400878950852622,0
2024-01-06 23:00:00+00:00,0,normal,1.1682917207889747,0
2024-01-06 23:15:00+00:00,0,normal,-0.4449247144767443,1
2024-01-06 23:30:00+00:00,0,normal,0.6364682214202073,0
2024-01-06 23:45:00+00:00,0,normal,0.27459473961830927,0
2024-01-07 00:00:00+00:00,0,normal,0.6380010614963831,0
2024-01-07 00:15:00+00:00,0,normal,1.2581882014995442,0
2024-01-07 00:30:00+00:00,0,normal,1.4694761254424233,0
2024-01-07 00:45:00+00:00,0,normal,0.6374824657362503,0
2024-01-07 01:00:00+00:00,0,normal,0.3362437114824326,0
2024-01-07 01:15:00+00:00,0,normal,1.024888307056227,0
2024-01-07 01:30:00+00:00,0,normal,0.5590086887151129,0
2024-01-07 01:45:00+00:00,0,normal,0.6322392972075592,0
2024-01-07 02:00:00+00:00,0,normal,0.7086588983654285,0
2024-01-07 02:15:00+00:00,0,normal,1.2777154583403063,0
2024-01-07 02:30:00+00:00,0,normal,0.37243188346592904,0
2024-01-07 02:45:00+00:00,0,normal,1.0681427618289,0
2024-01-07 03:00:00+00:00,0,normal,0.9273081133420242,0
2024-01-07 03:15:00+00:00,0,normal,2.195059390788796,0
2024-01-07 03:30:00+00:00,0,normal,0.7598274896752581,0
2024-01-07 03:45:00+00:00,0,normal,1.3052380003988628,0
2024-01-07 04:00:00+00:00,0,normal,1.9317288860306845,0
2024-01-07 04:15:00+00:00,0,normal,0.30344968740663303,0
2024-01-07 04:30:00+00:00,0,normal,1.8214608791644298,0
2024-01-07 04:45:00+00:00,0,normal,2.2694628014361826,0
2024-01-07 05:00:00+00:00,1,dropout,-1.0015641128412436,1
2024-01-07 05:15:00+00:00,1,dropout,-0.9610112624310583,1
2024-01-07 05:30:00+00:00,1,dropout,-1.5833992033899378,1
2024-01-07 05:45:00+00:00,1,dropout,-0.7177858897194582,1
2024-01-07 06:00:00+00:00,1,dropout,-2.0743335185126544,1
2024-01-07 06:15:00+00:00,1,dropout,-0.7597601958376465,1
2024-01-07 06:30:00+00:00,0,normal,0.16188570693065518,0
2024-01-07 06:45:00+00:00,0,normal,1.479609432605311,0
2024-01-07 07:00:00+00:00,0,normal,0.30137354857474463,0
2024-01-07 07:15:00+00:00,0,normal,1.4931771034965107,0
2024-01-07 07:30:00+00:00,0,normal,1.691248674130327,0
2024-01-07 07:45:00+00:00,0,normal,1.1900442233807245,0
2024-01-07 08:00:00+00:00,0,normal,1.268405147993827,0
2024-01-07 08:15:00+00:00,0,normal,1.7057497910397,0
2024-01-07 08:30:00+00:00,0,normal,1.5320812378964557,0
2024-01-07 08:45:00+00:00,0,normal,2.194833687070011,0
2024-01-07 09:00:00+00:00,0,normal,1.1393123817771245,0
2024-01-07 09:15:00+00:00,0,normal,1.6049110520823677,0
2024-01-07 09:30:00+00:00,0,normal,1.2263177605296742,0
2024-01-07 09:45:00+00:00,0,normal,1.3813139047307543,0
2024-01-07 10:00:00+00:00,0,normal,0.42871809719899767,0
2024-01-07 10:15:00+00:00,0,normal,0.3154742903718586,0
2024-01-07 10:30:00+00:00,0,normal,1.5542171393891242,0
2024-01-07 10:45:00+00:00,0,normal,0.6322669869271298,0
2024-01-07 11:00:00+00:00,0,normal,0.23161933041294525,0
2024-01-07 11:15:00+00:00,0,normal,0.7530328914708915,0
2024-01-07 11:30:00+00:00,0,normal,0.7019642476236294,0
2024-01-07 11:45:00+00:00,0,normal,0.5181098034013916,0
2024-01-07 12:00:00+00:00,0,normal,1.306474786424198,0
2024-01-07 12:15:00+00:00,0,normal,1.4896046814574286,0
2024-01-07 12:30:00+00:00,0,normal,1.0178099112328014,0
2024-01-07 12:45:00+00:00,0,normal,0.8433468467371181,0
2024-01-07 13:00:00+00:00,0,normal,0.3178254951416144,0
2024-01-07 13:15:00+00:00,0,normal,0.45191044058617935,0
2024-01-07 13:30:00+00:00,0,normal,0.3164134947587538,0
2024-01-07 13:45:00+00:00,0,normal,1.0270168517819234,0
2024-01-07 14:00:00+00:00,0,normal,0.6550713757553881,0
2024-01-07 14:15:00+00:00,0,normal,0.8772418052586186,0
2024-01-07 14:30:00+00:00,0,normal,0.4477470422570864,0
2024-01-07 14:45:00+00:00,0,normal,1.0923194180432119,0
2024-01-07 15:00:00+00:00,0,normal,0.013571613854030051,0
2024-01-07 15:15:00+00:00,0,normal,0.8809398094215695,0
2024-01-07 15:30:00+00:00,0,normal,0.6060468176202205,0
2024-01-07 15:45:00+00:00,0,normal,1.4755297460608792,0
2024-01-07 16:00:00+00:00,0,normal,0.5346357698215165,0
2024-01-07 16:15:00+00:00,0,normal,1.2795247014309665,0
2024-01-07 16:30:00+00:00,0,normal,2.9557301354005845,0
2024-01-07 16:45:00+00:00,0,normal,1.162370717226238,0
2024-01-07 17:00:00+00:00,0,normal,0.6740689221264122,0
2024-01-07 17:15:00+00:00,0,normal,1.3132001732463636,0
2024-01-07 17:30:00+00:00,0,normal,1.65040053436334,0
2024-01-07 17:45:00+00:00,0,normal,1.5669593813813116,0
2024-01-07 18:00:00+00:00,0,normal,1.5696522250968798,0
2024-01-07 18:15:00+00:00,0,normal,0.6891899639903558,0
2024-01-07 18:30:00+00:00,0,normal,1.7036218157440763,0
2024-01-07 18:45:00+00:00,0,normal,1.108698520913753,0
2024-01-07 19:00:00+00:00,0,normal,2.8028242868991886,0
2024-01-07 19:15:00+00:00,0,normal,0.37088010167247853,0
2024-01-07 19:30:00+00:00,0,normal,0.022222352621261265,0
2024-01-07 19:45:00+00:00,0,normal,-0.00021613469953551956,1
2024-01-07 20:00:00+00:00,0,normal,0.6627017457830999,0
2024-01-07 20:15:00+00:00,0,normal,1.6281599696612337,0
2024-01-07 20:30:00+00:00,0,normal,0.7722860022846874,0
2024-01-07 20:45:00+00:00,0,normal,0.5144507443386286,0
2024-01-07 21:00:00+00:00,0,normal,0.9824760195588422,0
2024-01-07 21:15:00+00:00,0,normal,0.9551012989902579,0
2024-01-07 21:30:00+00:00,0,normal,0.29020190410996927,0
2024-01-07 21:45:00+00:00,0,normal,1.6646433932052163,0
2024-01-07 22:00:00+00:00,0,normal,0.00012284494170433646,0
2024-01-07 22:15:00+00:00,0,normal,0.08227814095392327,0
2024-01-07 22:30:00+00:00,0,normal,-6.544130145913485e-05,1
2024-01-07 22:45:00+00:00,0,normal,-0.00014517678172154547,1
2024-01-07 23:00:00+00:00,0,normal,0.8103521147480319,0
2024-01-07 23:15:00+00:00,0,normal,3.581674394403933e-06,0
2024-01-07 23:30:00+00:00,0,normal,0.5635049537266297,0
2024-01-07 23:45:00+00:00,0,normal,1.2007574240764023,0
2024-01-08 00:00:00+00:00,0,normal,0.5263826346154774,0
2024-01-08 00:15:00+00:00,0,normal,0.4886964307942945,0
2024-01-08 00:30:00+00:00,0,normal,1.3248346699474252,0
2024-01-08 00:45:00+00:00,0,normal,2.2471045927871622,0
2024-01-08 01:00:00+00:00,0,normal,1.6963438601942884,0
2024-01-08 01:15:00+00:00,0,normal,0.27081634864606485,0
2024-01-08 01:30:00+00:00,0,normal,0.17355717131371096,0
2024-01-08 01:45:00+00:00,0,normal,1.3225696017397541,0
2024-01-08 02:00:00+00:00,0,normal,1.0579647895368383,0
2024-01-08 02:15:00+00:00,0,normal,1.2328410064208133,0
2024-01-08 02:30:00+00:00,0,normal,1.5115426392680775,0
2024-01-08 02:45:00+00:00,0,normal,0.06645038144977677,0
2024-01-08 03:00:00+00:00,0,normal,1.1189674015317945,0
2024-01-08 03:15:00+00:00,0,normal,1.7001871639573065,0
2024-01-08 03:30:00+00:00,0,normal,2.5297631938760037,0
2024-01-08 03:45:00+00:00,0,normal,1.3749799239794585,0
2024-01-08 04:00:00+00:00,0,normal,-0.0001664218469983325,1
2024-01-08 04:15:00+00:00,0,normal,0.6437701428028451,0
2024-01-08 04:30:00+00:00,0,normal,0.5848609320862086,0
2024-01-08 04:45:00+00:00,0,normal,1.1822754762748748,0
2024-01-08 05:00:00+00:00,1,spike,0.10692387771337541,0
2024-01-08 05:15:00+00:00,1,spike,1.2183863483455055,0
2024-01-08 05:30:00+00:00,1,spike,1.0782442461752777,0
2024-01-08 05:45:00+00:00,1,spike,0.19024753934494987,0
2024-01-08 06:00:00+00:00,1,spike,0.9920719114416046,0
2024-01-08 06:15:00+00:00,1,spike,0.8662295235113904,0
2024-01-08 06:30:00+00:00,1,spike,0.8224538328512168,0
2024-01-08 06:45:00+00:00,1,spike,-1.0718140495884723,1
2024-01-08 07:00:00+00:00,1,spike,0.1971325720159296,0
2024-01-08 07:15:00+00:00,1,spike,0.31056237308269274,0
2024-01-08 07:30:00+00:00,1,spike,0.9330638501830957,0
2024-01-08 07:45:00+00:00,1,spike,0.29100612204172194,0
2024-01-08 08:00:00+00:00,1,spike,0.7100874296058826,0
2024-01-08 08:15:00+00:00,0,normal,1.3714531007029618,0
2024-01-08 08:30:00+00:00,0,normal,2.074400384097132,0
2024-01-08 08:45:00+00:00,0,normal,1.5801552217312191,0
2024-01-08 09:00:00+00:00,0,normal,0.819614474755785,0
2024-01-08 09:15:00+00:00,0,normal,1.8612118437660725,0
2024-01-08 09:30:00+00:00,0,normal,0.4593191483450765,0
2024-01-08 09:45:00+00:00,0,normal,0.03636505209338159,0
2024-01-08 10:00:00+00:00,0,normal,-0.00023395995131414438,1
2024-01-08 10:15:00+00:00,0,normal,0.5579997662799032,0
2024-01-08 10:30:00+00:00,0,normal,1.386487295705225,0
2024-01-08 10:45:00+00:00,0,normal,0.31022261747293944,0
2024-01-08 11:00:00+00:00,0,normal,0.62216405580843,0
2024-01-08 11:15:00+00:00,0,normal,-0.10816667813511494,1
2024-01-08 11:30:00+00:00,0,normal,1.3889194143790236,0
2024-01-08 11:45:00+00:00,0,normal,0.27964700623190275,0
2024-01-08 12:00:00+00:00,0,normal,1.05208573187937,0
2024-01-08 12:15:00+00:00,0,normal,0.9755035025478844,0
2024-01-08 12:30:00+00:00,0,normal,8.249339565091773e-05,0
2024-01-08 12:45:00+00:00,0,normal,0.7536753411219053,0
2024-01-08 13:00:00+00:00,0,normal,1.367067525577745,0
2024-01-08 13:15:00+00:00,0,normal,1.1153587781260446,0
2024-01-08 13:30:00+00:00,0,normal,1.1252981231875503,0
2024-01-08 13:45:00+00:00,0,normal,0.5541989374259257,0
2024-01-08 14:00:00+00:00,0,normal,1.3456984154593337,0
2024-01-08 14:15:00+00:00,0,normal,0.05312713607923403,0
2024-01-08 14:30:00+00:00,0,normal,2.2507204605215834,0
2024-01-08 14:45:00+00:00,0,normal,0.00024963635399810613,0
2024-01-08 15:00:00+00:00,0,normal,1.4923506994643714,0
2024-01-08 15:15:00+00:00,0,normal,1.4718039295178422,0
2024-01-08 15:30:00+00:00,0,normal,1.2780462790827456,0
2024-01-08 15:45:00+00:00,0,normal,1.0736719632329872,0
2024-01-08 16:00:00+00:00,0,normal,1.4217857005359344,0
2024-01-08 16:15:00+00:00,0,normal,2.53476536277589,0
2024-01-08 16:30:00+00:00,0,normal,2.6364184682817693,0
2024-01-08 16:45:00+00:00,0,normal,0.00010857195736546643,0
2024-01-08 17:00:00+00:00,0,normal,-1.6084606672350787e-05,1
2024-01-08 17:15:00+00:00,0,normal,1.3111693909687419,0
2024-01-08 17:30:00+00:00,0,normal,1.8308787056395013,0
2024-01-08 17:45:00+00:00,0,normal,1.2368586176170449,0
2024-01-08 18:00:00+00:00,0,normal,1.6452933945004387,0
2024-01-08 18:15:00+00:00,0,normal,2.0435784627314866,0
2024-01-08 18:30:00+00:00,0,normal,1.5650126082774887,0
2024-01-08 18:45:00+00:00,0,normal,0.546003428113488,0
2024-01-08 19:00:00+00:00,0,normal,1.685654523240275,0
2024-01-08 19:15:00+00:00,0,normal,1.535235947050419,0
2024-01-08 19:30:00+00:00,0,normal,1.5890314476765837,0
2024-01-08 19:45:00+00:00,0,normal,0.16942518240420146,0
2024-01-08 20:00:00+00:00,0,normal,0.6364292992820348,0
2024-01-08 20:15:00+00:00,0,normal,1.6565068329932813,0
2024-01-08 20:30:00+00:00,0,normal,0.7769675334199024,0
2024-01-08 20:45:00+00:00,0,normal,2.521232173518643,0
2024-01-08 21:00:00+00:00,0,normal,0.539035513219543,0
2024-01-08 21:15:00+00:00,0,normal,1.4920856844972623,0
2024-01-08 21:30:00+00:00,0,normal,0.78116692945461,0
2024-01-08 21:45:00+00:00,0,normal,0.5069741979919775,0
2024-01-08 22:00:00+00:00,0,normal,0.2396185973743128,0
2024-01-08 22:15:00+00:00,0,normal,-0.000365953873806113,1
2024-01-08 22:30:00+00:00,0,normal,1.1698559710875407,0
2024-01-08 22:45:00+00:00,0,normal,0.7979322338792461,0
2024-01-08 23:00:00+00:00,0,normal,0.36264188724844804,0
2024-01-08 23:15:00+00:00,0,normal,0.5100887099774116,0
2024-01-08 23:30:00+00:00,0,normal,0.022856504923684184,0
2024-01-08 23:45:00+00:00,0,normal,0.999972869721216,0
2024-01-09 00:00:00+00:00,0,normal,1.2656882329129444,0
2024-01-09 00:15:00+00:00,0,normal,1.610224794480653,0
2024-01-09 00:30:00+00:00,0,normal,2.4347732903059147,0
2024-01-09 00:45:00+00:00,0,normal,0.5478430629765274,0
2024-01-09 01:00:00+00:00,0,normal,1.3417993296447697,0
2024-01-09 01:15:00+00:00,0,normal,1.410093827673983,0
2024-01-09 01:30:00+00:00,0,normal,0.7786245411872414,0
2024-01-09 01:45:00+00:00,0,normal,1.3351032484428687,0
2024-01-09 02:00:00+00:00,0,normal,0.433091238326496,0
2024-01-09 02:15:00+00:00,0,normal,1.4427075946831764,0
2024-01-09 02:30:00+00:00,0,normal,0.46384819713071446,0
2024-01-09 02:45:00+00:00,0,normal,0.3200179912440344,0
2024-01-09 03:00:00+00:00,0,normal,0.5889427231441275,0
2024-01-09 03:15:00+00:00,0,normal,2.377784912978179,0
2024-01-09 03:30:00+00:00,0,normal,0.9495637136655195,0
2024-01-09 03:45:00+00:00,0,normal,0.00033702097925703,0
2024-01-09 04:00:00+00:00,0,normal,1.1827641034796623,0
2024-01-09 04:15:00+00:00,0,normal,0.8862921688990775,0
2024-01-09 04:30:00+00:00,0,normal,1.1702816139645829,0
2024-01-09 04:45:00+00:00,0,normal,1.0004491336115078,0
2024-01-09 05:00:00+00:00,0,normal,0.4499904019871397,0
2024-01-09 05:15:00+00:00,0,normal,1.3982409048500402,0
2024-01-09 05:30:00+00:00,0,normal,0.7703829789164951,0
2024-01-09 05:45:00+00:00,0,normal,0.40379209570884633,0
2024-01-09 06:00:00+00:00,0,normal,1.8808248360051247,0
2024-01-09 06:15:00+00:00,0,normal,1.093735907933414,0
2024-01-09 06:30:00+00:00,0,normal,2.326904087458877,0
2024-01-09 06:45:00+00:00,0,normal,-0.07310131529110331,1
2024-01-09 07:00:00+00:00,0,normal,1.8467887387956012,0
2024-01-09 07:15:00+00:00,0,normal,0.17357376959071802,0
2024-01-09 07:30:00+00:00,0,normal,0.6889621494453406,0
2024-01-09 07:45:00+00:00,0,normal,2.263978254933513,0
2024-01-09 08:00:00+00:00,0,normal,1.99266935092114,0
2024-01-09 08:15:00+00:00,0,normal,2.6174835913173333,0
2024-01-09 08:30:00+00:00,1,cyber,-0.5496861951746683,1
2024-01-09 08:45:00+00:00,1,cyber,1.589265934476694,0
2024-01-09 09:00:00+00:00,1,cyber,0.5532384397300554,0
2024-01-09 09:15:00+00:00,1,cyber,0.8775721388776758,0
2024-01-09 09:30:00+00:00,1,cyber,0.7692127256601236,0
2024-01-09 09:45:00+00:00,1,cyber,1.7609483704956461,0
2024-01-09 10:00:00+00:00,1,cyber,-0.3264691132089186,1
2024-01-09 10:15:00+00:00,1,cyber,0.12130171657204825,0
2024-01-09 10:30:00+00:00,1,cyber,-0.5551355301087675,1
2024-01-09 10:45:00+00:00,1,cyber,-0.40469451946858737,1
2024-01-09 11:00:00+00:00,1,cyber,-0.22464022860967603,1
2024-01-09 11:15:00+00:00,1,cyber,-0.7711370943239007,1
2024-01-09 11:30:00+00:00,1,cyber,-0.6870582427302967,1
2024-01-09 11:45:00+00:00,1,cyber,-1.2593328507464456,1
2024-01-09 12:00:00+00:00,1,cyber,-1.157175916674066,1
2024-01-09 12:15:00+00:00,1,cyber,-0.9009022120483667,1
2024-01-09 12:30:00+00:00,1,cyber,-0.40816510770622827,1
2024-01-09 12:45:00+00:00,1,cyber,-1.2941532262464102,1
2024-01-09 13:00:00+00:00,1,cyber,-1.981435286331585,1
2024-01-09 13:15:00+00:00,1,cyber,-2.182174462648769,1
2024-01-09 13:30:00+00:00,0,normal,0.9318860416438004,0
2024-01-09 13:45:00+00:00,0,normal,1.1515168567533016,0
2024-01-09 14:00:00+00:00,0,normal,1.2162371776193504,0
2024-01-09 14:15:00+00:00,0,normal,0.08967658461664874,0
2024-01-09 14:30:00+00:00,0,normal,1.7311334559164462,0
2024-01-09 14:45:00+00:00,0,normal,2.195991950097287,0
2024-01-09 15:00:00+00:00,0,normal,1.1433216615538195,0
2024-01-09 15:15:00+00:00,0,normal,0.5160983633671612,0
2024-01-09 15:30:00+00:00,0,normal,1.1113277256714649,0
2024-01-09 15:45:00+00:00,0,normal,1.8566278962450364,0
2024-01-09 16:00:00+00:00,0,normal,1.5854739151096715,0
2024-01-09 16:15:00+00:00,0,normal,1.756304433335901,0
2024-01-09 16:30:00+00:00,0,normal,1.8921930944750884,0
2024-01-09 16:45:00+00:00,0,normal,0.8666518652645507,0
2024-01-09 17:00:00+00:00,0,normal,4.278730836038136e-05,0
2024-01-09 17:15:00+00:00,0,normal,-0.000193417429591225,1
2024-01-09 17:30:00+00:00,0,normal,0.982686632366581,0
2024-01-09 17:45:00+00:00,0,normal,1.0891909793586536,0
2024-01-09 18:00:00+00:00,0,normal,1.3340751326467113,0
2024-01-09 18:15:00+00:00,0,normal,1.1031291647907522,0
2024-01-09 18:30:00+00:00,0,normal,1.2438666109259908,0
2024-01-09 18:45:00+00:00,0,normal,1.6868756843120187,0
2024-01-09 19:00:00+00:00,0,normal,0.7546850765268798,0
2024-01-09 19:15:00+00:00,0,normal,1.9364301541502411,0
2024-01-09 19:30:00+00:00,0,normal,2.5194378232855175,0
2024-01-09 19:45:00+00:00,0,normal,1.8838683024440965,0
2024-01-09 20:00:00+00:00,0,normal,1.049865966624418,0
2024-01-09 20:15:00+00:00,1,spike,1.6650453837029153,0
2024-01-09 20:30:00+00:00,1,spike,0.012243480940385076,0
2024-01-09 20:45:00+00:00,1,spike,0.6656315377841491,0
2024-01-09 21:00:00+00:00,1,spike,0.7332538516849505,0
2024-01-09 21:15:00+00:00,0,normal,1.2255588502396582,0
2024-01-09 21:30:00+00:00,0,normal,2.658621358303335,0
2024-01-09 21:45:00+00:00,0,normal,0.7846342440367873,0
2024-01-09 22:00:00+00:00,0,normal,0.8885415762021562,0
2024-01-09 22:15:00+00:00,0,normal,0.70280393496328,0
2024-01-09 22:30:00+00:00,0,normal,0.6460877685068978,0
2024-01-09 22:45:00+00:00,0,normal,0.43245136995057454,0
2024-01-09 23:00:00+00:00,0,normal,0.5289125405799076,0
2024-01-09 23:15:00+00:00,0,normal,0.14693809100525268,0
2024-01-09 23:30:00+00:00,0,normal,1.2458449777676859,0
2024-01-09 23:45:00+00:00,0,normal,1.709558515369117,0
2024-01-10 00:00:00+00:00,0,normal,0.48464860104612484,0
2024-01-10 00:15:00+00:00,0,normal,1.6569463820002794,0
2024-01-10 00:30:00+00:00,0,normal,0.684746885144226,0
2024-01-10 00:45:00+00:00,0,normal,1.1130014377315747,0
2024-01-10 01:00:00+00:00,0,normal,0.0003048839272503656,0
2024-01-10 01:15:00+00:00,0,normal,1.0764119618329473,0
2024-01-10 01:30:00+00:00,0,normal,0.15895326774757246,0
2024-01-10 01:45:00+00:00,0,normal,0.6449819970993467,0
2024-01-10 02:00:00+00:00,0,normal,0.1758954381490856,0
2024-01-10 02:15:00+00:00,0,normal,1.7537149200862916,0
2024-01-10 02:30:00+00:00,0,normal,1.4773754585007137,0
2024-01-10 02:45:00+00:00,0,normal,2.2381291382694477,0
2024-01-10 03:00:00+00:00,0,normal,1.0908509040283554,0
2024-01-10 03:15:00+00:00,0,normal,0.4704752286932452,0
2024-01-10 03:30:00+00:00,0,normal,0.4384721880649405,0
2024-01-10 03:45:00+00:00,0,normal,1.1194642113985567,0
2024-01-10 04:00:00+00:00,0,normal,1.2960411635709757,0
2024-01-10 04:15:00+00:00,0,normal,1.4822802662472907,0
2024-01-10 04:30:00+00:00,0,normal,0.9405332119283831,0
2024-01-10 04:45:00+00:00,0,normal,2.3279638336049815,0
2024-01-10 05:00:00+00:00,0,normal,2.144981496327522,0
2024-01-10 05:15:00+00:00,0,normal,0.570037299358801,0
2024-01-10 05:30:00+00:00,0,normal,0.7651604996668473,0
2024-01-10 05:45:00+00:00,0,normal,0.0001001049748445837,0
2024-01-10 06:00:00+00:00,0,normal,2.4365368641594523,0
2024-01-10 06:15:00+00:00,0,normal,0.7464227492230111,0
2024-01-10 06:30:00+00:00,0,normal,1.7197761182238183,0
2024-01-10 06:45:00+00:00,0,normal,0.8052417053608663,0
2024-01-10 07:00:00+00:00,0,normal,1.3567336284904337,0
2024-01-10 07:15:00+00:00,0,normal,0.45337141578867257,0
2024-01-10 07:30:00+00:00,0,normal,0.8145348819254572,0
2024-01-10 07:45:00+00:00,0,normal,-0.00013444264961570696,1
2024-01-10 08:00:00+00:00,0,normal,0.00011372434344636417,0
2024-01-10 08:15:00+00:00,0,normal,0.00013428682798544145,0
2024-01-10 08:30:00+00:00,0,normal,1.520831795304161,0
2024-01-10 08:45:00+00:00,0,normal,1.6108942245051119,0
2024-01-10 09:00:00+00:00,0,normal,1.0245359511758791,0
2024-01-10 09:15:00+00:00,0,normal,1.114415574508962,0
2024-01-10 09:30:00+00:00,0,normal,1.3972066458921595,0
2024-01-10 09:45:00+00:00,0,normal,0.09853880434731721,0
2024-01-10 10:00:00+00:00,0,normal,1.6400824824566675,0
2024-01-10 10:15:00+00:00,0,normal,1.1157914206361141e-05,0
2024-01-10 10:30:00+00:00,0,normal,0.610651044663991,0
2024-01-10 10:45:00+00:00,0,normal,0.1800608928304137,0
2024-01-10 11:00:00+00:00,0,normal,0.44754773583220286,0
2024-01-10 11:15:00+00:00,0,normal,0.07968970762467587,0
2024-01-10 11:30:00+00:00,0,normal,1.1981677326237574,0
2024-01-10 11:45:00+00:00,0,normal,1.3992889337894305,0
2024-01-10 12:00:00+00:00,0,normal,1.1123386070042307,0
2024-01-10 12:15:00+00:00,0,normal,0.769463184280855,0
2024-01-10 12:30:00+00:00,0,normal,0.8290032833863314,0
2024-01-10 12:45:00+00:00,0,normal,0.7859837346055825,0
2024-01-10 13:00:00+00:00,0,normal,1.228925007572863,0
2024-01-10 13:15:00+00:00,0,normal,0.3105070719284426,0
2024-01-10 13:30:00+00:00,0,normal,1.3724793999211964,0
2024-01-10 13:45:00+00:00,0,normal,0.00011895422378582765,0
2024-01-10 14:00:00+00:00,0,normal,0.9428123536580437,0
2024-01-10 14:15:00+00:00,0,normal,1.9640408930122342,0
2024-01-10 14:30:00+00:00,0,normal,0.7270259820091716,0
2024-01-10 14:45:00+00:00,0,normal,1.8533015462045657,0
2024-01-10 15:00:00+00:00,0,normal,2.1318586516870437,0
2024-01-10 15:15:00+00:00,0,normal,0.644486831934743,0
2024-01-10 15:30:00+00:00,0,normal,1.0059130208808793,0
2024-01-10 15:45:00+00:00,0,normal,1.4329857859855646,0
2024-01-10 16:00:00+00:00,0,normal,1.5946942876733625,0
2024-01-10 16:15:00+00:00,0,normal,0.4505624891701592,0
2024-01-10 16:30:00+00:00,0,normal,0.8001140005087719,0
2024-01-10 16:45:00+00:00,0,normal,1.212753423891923,0
2024-01-10 17:00:00+00:00,0,normal,0.9898534800549146,0
2024-01-10 17:15:00+00:00,0,normal,1.222956164842611,0
2024-01-10 17:30:00+00:00,0,normal,0.7980303852669923,0
2024-01-10 17:45:00+00:00,0,normal,2.297499693912187,0
2024-01-10 18:00:00+00:00,0,normal,1.0221864300771366,0
2024-01-10 18:15:00+00:00,0,normal,1.5705307491238192,0
2024-01-10 18:30:00+00:00,0,normal,1.3032498207218315,0
2024-01-10 18:45:00+00:00,0,normal,1.0828060099674945,0
2024-01-10 19:00:00+00:00,0,normal,0.9687252703223712,0
2024-01-10 19:15:00+00:00,0,normal,0.4944302352980299,0
2024-01-10 19:30:00+00:00,0,normal,1.6862818049231127,0
2024-01-10 19:45:00+00:00,0,normal,1.3725450305011004,0
2024-01-10 20:00:00+00:00,0,normal,2.5063849163730008,0
2024-01-10 20:15:00+00:00,0,normal,2.2545716353434515,0
2024-01-10 20:30:00+00:00,0,normal,1.646252500518044,0
2024-01-10 20:45:00+00:00,0,normal,1.09233864218097,0
2024-01-10 21:00:00+00:00,0,normal,1.6636391669504813,0
2024-01-10 21:15:00+00:00,0,normal,-1.049558078077094,1
2024-01-10 21:30:00+00:00,0,normal,0.5616186091820632,0
2024-01-10 21:45:00+00:00,0,normal,0.646727513955959,0
2024-01-10 22:00:00+00:00,0,normal,0.37828749017593744,0
2024-01-10 22:15:00+00:00,0,normal,1.2477706423608663,0
2024-01-10 22:30:00+00:00,0,normal,0.8300956721058754,0
2024-01-10 22:45:00+00:00,0,normal,1.3502137874651603,0
2024-01-10 23:00:00+00:00,0,normal,1.3520966495508016,0
2024-01-10 23:15:00+00:00,0,normal,0.4954482800206583,0
2024-01-10 23:30:00+00:00,0,normal,1.0609468131954318,0
2024-01-10 23:45:00+00:00,0,normal,0.5018155642365354,0
2024-01-11 00:00:00+00:00,0,normal,0.9014954562187367,0
2024-01-11 00:15:00+00:00,0,normal,1.285768063325031,0
2024-01-11 00:30:00+00:00,0,normal,-0.0051863024926603885,1
2024-01-11 00:45:00+00:00,0,normal,1.38710211496146,0
2024-01-11 01:00:00+00:00,0,normal,1.981868646103417,0
2024-01-11 01:15:00+00:00,0,normal,-0.7830971647858687,1
2024-01-11 01:30:00+00:00,0,normal,-0.11092819458357361,1
2024-01-11 01:45:00+00:00,0,normal,0.5796794342345732,0
2024-01-11 02:00:00+00:00,0,normal,0.26850808305868723,0
2024-01-11 02:15:00+00:00,0,normal,-0.07681805574006884,1
2024-01-11 02:30:00+00:00,0,normal,0.6817525473693449,0
2024-01-11 02:45:00+00:00,0,normal,0.7481417039173874,0
2024-01-11 03:00:00+00:00,0,normal,1.5555311938811793,0
2024-01-11 03:15:00+00:00,0,normal,0.7054279431025776,0
2024-01-11 03:30:00+00:00,0,normal,0.3710037887820068,0
2024-01-11 03:45:00+00:00,0,normal,1.825756189566572,0
2024-01-11 04:00:00+00:00,0,normal,1.11812350419352,0
2024-01-11 04:15:00+00:00,0,normal,0.5232896864732917,0
2024-01-11 04:30:00+00:00,0,normal,1.8554756304042974,0
2024-01-11 04:45:00+00:00,0,normal,1.490058018512975,0
2024-01-11 05:00:00+00:00,0,normal,-0.31335566022225336,1
2024-01-11 05:15:00+00:00,0,normal,0.6723121610311424,0
2024-01-11 05:30:00+00:00,0,normal,1.3216657124306637,0
2024-01-11 05:45:00+00:00,0,normal,0.20341033302447542,0
2024-01-11 06:00:00+00:00,0,normal,1.4585637503262734,0
2024-01-11 06:15:00+00:00,0,normal,0.49478070398661433,0
2024-01-11 06:30:00+00:00,0,normal,2.0054606658757055,0
2024-01-11 06:45:00+00:00,0,normal,1.0768815313692586,0
2024-01-11 07:00:00+00:00,0,normal,1.9207264102822026,0
2024-01-11 07:15:00+00:00,0,normal,2.5574623904031655,0
2024-01-11 07:30:00+00:00,0,normal,1.826976140300212,0
2024-01-11 07:45:00+00:00,0,normal,1.705476476326686,0
2024-01-11 08:00:00+00:00,0,normal,1.273523305890905,0
2024-01-11 08:15:00+00:00,0,normal,0.33512274693333,0
2024-01-11 08:30:00+00:00,0,normal,0.39801163745749024,0
2024-01-11 08:45:00+00:00,0,normal,0.6242211425143926,0
2024-01-11 09:00:00+00:00,0,normal,0.48425776350151173,0
2024-01-11 09:15:00+00:00,0,normal,0.19326791536649068,0
2024-01-11 09:30:00+00:00,0,normal,-0.013396884614119031,1
2024-01-11 09:45:00+00:00,0,normal,1.0652435890768204,0
2024-01-11 10:00:00+00:00,0,normal,0.4827093146434467,0
2024-01-11 10:15:00+00:00,0,normal,0.09580993329537169,0
2024-01-11 10:30:00+00:00,0,normal,0.6155358523341592,0
2024-01-11 10:45:00+00:00,0,normal,0.9561166312436833,0
2024-01-11 11:00:00+00:00,0,normal,0.014459171324127329,0
2024-01-11 11:15:00+00:00,0,normal,-0.01479517373836936,1
2024-01-11 11:30:00+00:00,0,normal,0.6833101586661336,0
2024-01-11 11:45:00+00:00,0,normal,0.5759840834327266,0
2024-01-11 12:00:00+00:00,0,normal,0.007511167489534731,0
2024-01-11 12:15:00+00:00,0,normal,1.0507144160332023,0
2024-01-11 12:30:00+00:00,0,normal,0.8288052356770432,0
2024-01-11 12:45:00+00:00,0,normal,-0.3427597618390741,1
2024-01-11 13:00:00+00:00,0,normal,1.5059286839167894,0
2024-01-11 13:15:00+00:00,0,normal,0.802393221056561,0
2024-01-11 13:30:00+00:00,0,normal,1.060090260689361,0
2024-01-11 13:45:00+00:00,0,normal,1.7057820479947927,0
2024-01-11 14:00:00+00:00,0,normal,-0.332075764958768,1
2024-01-11 14:15:00+00:00,0,normal,1.147220722621705,0
2024-01-11 14:30:00+00:00,0,normal,1.2311360937151306,0
2024-01-11 14:45:00+00:00,0,normal,-0.07795012233044352,1
2024-01-11 15:00:00+00:00,0,normal,1.5047089389541228,0
2024-01-11 15:15:00+00:00,0,normal,0.8042840081862948,0
2024-01-11 15:30:00+00:00,1,cyber,2.1572728508831323,0
2024-01-11 15:45:00+00:00,1,cyber,1.2938704559149605,0
2024-01-11 16:00:00+00:00,1,cyber,0.9475452182623108,0
2024-01-11 16:15:00+00:00,1,cyber,1.2489906620936,0
2024-01-11 16:30:00+00:00,1,cyber,1.4174401992591936,0
2024-01-11 16:45:00+00:00,1,cyber,-0.03863951488022899,1
2024-01-11 17:00:00+00:00,1,cyber,1.1391820315842565,0
2024-01-11 17:15:00+00:00,1,cyber,0.9494445186168865,0
2024-01-11 17:30:00+00:00,1,cyber,-1.1594446231046778,1
2024-01-11 17:45:00+00:00,1,cyber,0.6637363614476142,0
2024-01-11 18:00:00+00:00,1,cyber,-0.24373836305295837,1
2024-01-11 18:15:00+00:00,1,cyber,-0.5616119168274003,1
2024-01-11 18:30:00+00:00,1,cyber,-0.35074757149217284,1
2024-01-11 18:45:00+00:00,1,cyber,-0.4048508454205466,1
2024-01-11 19:00:00+00:00,1,cyber,-0.540410827934227,1
2024-01-11 19:15:00+00:00,1,cyber,-1.8137680189804715,1
2024-01-11 19:30:00+00:00,1,cyber,-0.42711755779728966,1
2024-01-11 19:45:00+00:00,1,cyber,0.11831558243547313,0
2024-01-11 20:00:00+00:00,1,cyber,-1.8382092637139802,1
2024-01-11 20:15:00+00:00,1,cyber,-1.4179292068728213,1
2024-01-11 20:30:00+00:00,1,cyber,-2.150647362494324,1
2024-01-11 20:45:00+00:00,0,normal,2.1463921500226966,0
2024-01-11 21:00:00+00:00,0,normal,-0.1001821487687069,1
2024-01-11 21:15:00+00:00,0,normal,0.7917728362123295,0
2024-01-11 21:30:00+00:00,0,normal,0.851665099045531,0
2024-01-11 21:45:00+00:00,0,normal,0.759478925030479,0
2024-01-11 22:00:00+00:00,0,normal,0.7975682272844407,0
2024-01-11 22:15:00+00:00,0,normal,1.08785248881042,0
2024-01-11 22:30:00+00:00,0,normal,0.8794004960142923,0
2024-01-11 22:45:00+00:00,0,normal,1.4143995973992811,0
2024-01-11 23:00:00+00:00,0,normal,0.8549508074792462,0
2024-01-11 23:15:00+00:00,0,normal,0.5219775474791377,0
2024-01-11 23:30:00+00:00,0,normal,0.1386892715446293,0
2024-01-11 23:45:00+00:00,0,normal,1.8052491346323118,0
2024-01-12 00:00:00+00:00,0,normal,-0.5271005506103812,1
2024-01-12 00:15:00+00:00,0,normal,1.4835799167803114,0
2024-01-12 00:30:00+00:00,0,normal,-0.6127210766106996,1
2024-01-12 00:45:00+00:00,0,normal,1.755490014131564,0
2024-01-12 01:00:00+00:00,0,normal,-0.32195901569436236,1
2024-01-12 01:15:00+00:00,0,normal,0.42505335988307547,0
2024-01-12 01:30:00+00:00,0,normal,1.9121106623035664,0
2024-01-12 01:45:00+00:00,0,normal,1.974341378665319,0
2024-01-12 02:00:00+00:00,0,normal,-0.029779571621969314,1
2024-01-12 02:15:00+00:00,0,normal,0.7707070936786171,0
2024-01-12 02:30:00+00:00,0,normal,1.7305641208185913,0
2024-01-12 02:45:00+00:00,0,normal,1.8642093431539544,0
2024-01-12 03:00:00+00:00,0,normal,2.336732660517566,0
2024-01-12 03:15:00+00:00,0,normal,-0.04144830666275423,1
2024-01-12 03:30:00+00:00,0,normal,0.9669515756976126,0
2024-01-12 03:45:00+00:00,0,normal,0.3062777554960654,0
2024-01-12 04:00:00+00:00,0,normal,1.355046694891136,0
2024-01-12 04:15:00+00:00,0,normal,1.3987878763449175,0
2024-01-12 04:30:00+00:00,0,normal,0.10433081887754625,0
2024-01-12 04:45:00+00:00,0,normal,1.994375308258903,0
2024-01-12 05:00:00+00:00,0,normal,1.3000187197122925,0
2024-01-12 05:15:00+00:00,0,normal,0.03048722827894723,0
2024-01-12 05:30:00+00:00,0,normal,2.4596008259620334,0
2024-01-12 05:45:00+00:00,0,normal,0.02115344543700548,0
2024-01-12 06:00:00+00:00,0,normal,1.1913762294988568,0
2024-01-12 06:15:00+00:00,0,normal,1.8107515360137056,0
2024-01-12 06:30:00+00:00,0,normal,2.409125989163805,0
2024-01-12 06:45:00+00:00,0,normal,0.7589981985089587,0
2024-01-12 07:00:00+00:00,0,normal,-0.8223207452135184,1
2024-01-12 07:15:00+00:00,0,normal,1.881827677559348,0
2024-01-12 07:30:00+00:00,0,normal,1.0289475234901828,0
2024-01-12 07:45:00+00:00,0,normal,1.0872959404900207,0
2024-01-12 08:00:00+00:00,0,normal,2.322400650497959,0
2024-01-12 08:15:00+00:00,0,normal,1.362400911373498,0
2024-01-12 08:30:00+00:00,0,normal,1.0886465833477428,0
2024-01-12 08:45:00+00:00,0,normal,2.019373561807448,0
2024-01-12 09:00:00+00:00,0,normal,-0.5925829239782927,1
2024-01-12 09:15:00+00:00,0,normal,0.4463942617555081,0
2024-01-12 09:30:00+00:00,0,normal,0.9953215888433751,0
2024-01-12 09:45:00+00:00,0,normal,-0.1919210427826048,1
2024-01-12 10:00:00+00:00,0,normal,0.4819949828922452,0
2024-01-12 10:15:00+00:00,0,normal,0.1434503476089075,0
2024-01-12 10:30:00+00:00,0,normal,0.5668577566936541,0
2024-01-12 10:45:00+00:00,0,normal,-0.14944065047117094,1
2024-01-12 11:00:00+00:00,0,normal,-0.6316383404334531,1
2024-01-12 11:15:00+00:00,0,normal,0.5781726047472122,0
2024-01-12 11:30:00+00:00,0,normal,0.6030941158999243,0
2024-01-12 11:45:00+00:00,0,normal,1.6501798582647988,0
2024-01-12 12:00:00+00:00,0,normal,2.1353368330600984,0
2024-01-12 12:15:00+00:00,0,normal,1.4788941234197188,0
2024-01-12 12:30:00+00:00,0,normal,1.562731110079255,0
2024-01-12 12:45:00+00:00,0,normal,0.6222189394597653,0
2024-01-12 13:00:00+00:00,0,normal,0.6828572968593432,0
2024-01-12 13:15:00+00:00,0,normal,0.6280575254095067,0
2024-01-12 13:30:00+00:00,0,normal,0.7650043495944243,0
2024-01-12 13:45:00+00:00,0,normal,0.9025431352495308,0
2024-01-12 14:00:00+00:00,0,normal,0.10641157421604719,0
2024-01-12 14:15:00+00:00,0,normal,2.0315725405488982,0
2024-01-12 14:30:00+00:00,0,normal,0.22309359771739512,0
2024-01-12 14:45:00+00:00,0,normal,1.0620008975224535,0
2024-01-12 15:00:00+00:00,0,normal,2.7104800176900974,0
2024-01-12 15:15:00+00:00,0,normal,1.2648537743829853,0
2024-01-12 15:30:00+00:00,0,normal,1.2984947901322008,0
2024-01-12 15:45:00+00:00,0,normal,0.8330289911598898,0
2024-01-12 16:00:00+00:00,0,normal,0.9272335866058907,0
2024-01-12 16:15:00+00:00,0,normal,1.4653646514634375,0
2024-01-12 16:30:00+00:00,0,normal,0.863477518185384,0
2024-01-12 16:45:00+00:00,0,normal,-0.2570284984118114,1
2024-01-12 17:00:00+00:00,0,normal,1.1202778528885315,0
2024-01-12 17:15:00+00:00,0,normal,1.8155548658803196,0
2024-01-12 17:30:00+00:00,0,normal,0.7620765301815182,0
2024-01-12 17:45:00+00:00,0,normal,1.5111798212054839,0
2024-01-12 18:00:00+00:00,0,normal,2.2640967210515544,0
2024-01-12 18:15:00+00:00,0,normal,0.6580689089926093,0
2024-01-12 18:30:00+00:00,0,normal,0.27375849357955184,0
2024-01-12 18:45:00+00:00,0,normal,1.810429656844931,0
2024-01-12 19:00:00+00:00,0,normal,1.4199286084638554,0
2024-01-12 19:15:00+00:00,0,normal,1.6813026659174333,0
2024-01-12 19:30:00+00:00,0,normal,1.6954809470834147,0
2024-01-12 19:45:00+00:00,0,normal,1.8131535439069784,0
2024-01-12 20:00:00+00:00,0,normal,2.0413608724166292,0
2024-01-12 20:15:00+00:00,0,normal,0.919472810862981,0
2024-01-12 20:30:00+00:00,0,normal,0.4242234778398952,0
2024-01-12 20:45:00+00:00,0,normal,0.9749086568916057,0
2024-01-12 21:00:00+00:00,0,normal,1.7501575377149314,0
2024-01-12 21:15:00+00:00,0,normal,0.22172438342444423,0
2024-01-12 21:30:00+00:00,0,normal,-0.5663826915422252,1
2024-01-12 21:45:00+00:00,0,normal,1.4181929902346586,0
2024-01-12 22:00:00+00:00,0,normal,0.5235846423177044,0
2024-01-12 22:15:00+00:00,0,normal,0.7726300659748198,0
2024-01-12 22:30:00+00:00,0,normal,0.3929917946782817,0
2024-01-12 22:45:00+00:00,1,dropout,-1.8427998876229619,1
2024-01-12 23:00:00+00:00,1,dropout,-0.34331264317716403,1
2024-01-12 23:15:00+00:00,1,dropout,-1.3020551741218847,1
2024-01-12 23:30:00+00:00,1,dropout,-0.8654617529043422,1
2024-01-12 23:45:00+00:00,1,dropout,-1.3037172647305924,1
2024-01-13 00:00:00+00:00,1,dropout,-1.3365818118695538,1
2024-01-13 00:15:00+00:00,1,dropout,-1.0978412937735955,1
2024-01-13 00:30:00+00:00,1,dropout,-0.7303270862695608,1
2024-01-13 00:45:00+00:00,1,dropout,-1.976818206461708,1
2024-01-13 01:00:00+00:00,1,dropout,-1.254530207302969,1
2024-01-13 01:15:00+00:00,1,dropout,-1.2755982634339187,1
2024-01-13 01:30:00+00:00,1,dropout,-1.4408454766354293,1
2024-01-13 01:45:00+00:00,1,dropout,-1.4458151065278848,1
2024-01-13 02:00:00+00:00,1,dropout,-1.203039371900825,1
2024-01-13 02:15:00+00:00,0,normal,1.7549596083552612,0
2024-01-13 02:30:00+00:00,0,normal,0.7422435549940687,0
2024-01-13 02:45:00+00:00,0,normal,1.5161802136375475,0
2024-01-13 03:00:00+00:00,0,normal,-0.030516219097757258,1
2024-01-13 03:15:00+00:00,0,normal,1.066945015867263,0
2024-01-13 03:30:00+00:00,0,normal,0.536955868857933,0
2024-01-13 03:45:00+00:00,0,normal,0.5745186164318099,0
2024-01-13 04:00:00+00:00,0,normal,0.5659339418079066,0
2024-01-13 04:15:00+00:00,0,normal,1.4184061039206957,0
2024-01-13 04:30:00+00:00,0,normal,2.579502245056195,0
2024-01-13 04:45:00+00:00,0,normal,1.763075797187255,0
2024-01-13 05:00:00+00:00,0,normal,-1.657581078189932,1
2024-01-13 05:15:00+00:00,0,normal,1.1862785199677774,0
2024-01-13 05:30:00+00:00,0,normal,0.8990865216668888,0
2024-01-13 05:45:00+00:00,0,normal,1.7966175275511982,0
2024-01-13 06:00:00+00:00,0,normal,0.8966284071133983,0
2024-01-13 06:15:00+00:00,0,normal,0.8218820205756483,0
2024-01-13 06:30:00+00:00,0,normal,1.5874648937909943,0
2024-01-13 06:45:00+00:00,0,normal,0.19748470715653443,0
2024-01-13 07:00:00+00:00,0,normal,2.610103818183393,0
2024-01-13 07:15:00+00:00,0,normal,2.1546567569746116,0
2024-01-13 07:30:00+00:00,0,normal,1.5154940756968815,0
2024-01-13 07:45:00+00:00,0,normal,0.6278647370577932,0
2024-01-13 08:00:00+00:00,0,normal,1.3241801580697925,0
2024-01-13 08:15:00+00:00,0,normal,1.5157421702497804,0
2024-01-13 08:30:00+00:00,0,normal,1.4388307350716114,0
2024-01-13 08:45:00+00:00,0,normal,1.8194374387814807,0
2024-01-13 09:00:00+00:00,0,normal,0.607968087750228,0
2024-01-13 09:15:00+00:00,0,normal,1.8173605663466605,0
2024-01-13 09:30:00+00:00,0,normal,-0.15320042185521743,1
2024-01-13 09:45:00+00:00,0,normal,0.5201874289201744,0
2024-01-13 10:00:00+00:00,0,normal,1.2301344221813504,0
2024-01-13 10:15:00+00:00,0,normal,-0.2797711831648684,1
2024-01-13 10:30:00+00:00,0,normal,0.5454257980022108,0
2024-01-13 10:45:00+00:00,0,normal,0.7823582714229063,0
2024-01-13 11:00:00+00:00,0,normal,1.3628128045328034,0
2024-01-13 11:15:00+00:00,0,normal,0.440334302129874,0
2024-01-13 11:30:00+00:00,0,normal,-0.14892121826106264,1
2024-01-13 11:45:00+00:00,0,normal,0.8847998496342218,0
2024-01-13 12:00:00+00:00,0,normal,1.5797977928402012,0
2024-01-13 12:15:00+00:00,0,normal,0.4077315385172855,0
2024-01-13 12:30:00+00:00,0,normal,0.7500300928814494,0
2024-01-13 12:45:00+00:00,0,normal,1.0936623106159726,0
2024-01-13 13:00:00+00:00,0,normal,0.609155074477806,0
2024-01-13 13:15:00+00:00,0,normal,1.929534523210886,0
2024-01-13 13:30:00+00:00,0,normal,-1.000420709468583,1
2024-01-13 13:45:00+00:00,0,normal,1.7328472384968818,0
2024-01-13 14:00:00+00:00,0,normal,1.3842246078369471,0
2024-01-13 14:15:00+00:00,0,normal,0.5473552011905052,0
2024-01-13 14:30:00+00:00,0,normal,1.917738449688819,0
2024-01-13 14:45:00+00:00,0,normal,2.4316272481502623,0
2024-01-13 15:00:00+00:00,0,normal,1.6592555974895205,0
2024-01-13 15:15:00+00:00,0,normal,2.1066105413201357,0
2024-01-13 15:30:00+00:00,0,normal,-0.2491646564694472,1
2024-01-13 15:45:00+00:00,0,normal,1.0075220135300689,0
2024-01-13 16:00:00+00:00,0,normal,0.425537506394138,0
2024-01-13 16:15:00+00:00,0,normal,1.0875018670292582,0
2024-01-13 16:30:00+00:00,0,normal,0.8386016723288652,0
2024-01-13 16:45:00+00:00,0,normal,1.7939203281509584,0
2024-01-13 17:00:00+00:00,0,normal,1.053345597756954,0
2024-01-13 17:15:00+00:00,0,normal,0.36736554170625935,0
2024-01-13 17:30:00+00:00,0,normal,1.7671084875437182,0
2024-01-13 17:45:00+00:00,0,normal,1.8923136291936795,0
2024-01-13 18:00:00+00:00,0,normal,1.362962246726179,0
2024-01-13 18:15:00+00:00,0,normal,0.6764798376013914,0
2024-01-13 18:30:00+00:00,0,normal,0.3713467852635537,0
2024-01-13 18:45:00+00:00,0,normal,1.6054025608012776,0
2024-01-13 19:00:00+00:00,0,normal,2.1144222168960325,0
2024-01-13 19:15:00+00:00,0,normal,0.6254908031693778,0
2024-01-13 19:30:00+00:00,0,normal,1.1609502057489114,0
2024-01-13 19:45:00+00:00,0,normal,1.217403335791897,0
2024-01-13 20:00:00+00:00,0,normal,-0.0288610577005306,1
2024-01-13 20:15:00+00:00,0,normal,1.0248000540526658,0
2024-01-13 20:30:00+00:00,0,normal,0.9719494605814476,0
2024-01-13 20:45:00+00:00,0,normal,1.2307962348370505,0
2024-01-13 21:00:00+00:00,0,normal,1.3809092655993775,0
2024-01-13 21:15:00+00:00,0,normal,1.6871345684625738,0
2024-01-13 21:30:00+00:00,0,normal,1.0078504149491772,0
2024-01-13 21:45:00+00:00,0,normal,1.1965597832097106,0
2024-01-13 22:00:00+00:00,0,normal,0.15280045951764665,0
2024-01-13 22:15:00+00:00,0,normal,-0.4354692891934011,1
2024-01-13 22:30:00+00:00,0,normal,0.7196268293371508,0
2024-01-13 22:45:00+00:00,0,normal,0.05995065076849171,0
2024-01-13 23:00:00+00:00,0,normal,1.5777963650842142,0
2024-01-13 23:15:00+00:00,0,normal,1.5921670320352344,0
2024-01-13 23:30:00+00:00,0,normal,1.351005602392282,0
2024-01-13 23:45:00+00:00,0,normal,-0.35893773208360846,1
2024-01-14 00:00:00+00:00,0,normal,1.3140958572028363,0
2024-01-14 00:15:00+00:00,0,normal,1.0714615337575286,0
2024-01-14 00:30:00+00:00,0,normal,1.2822885365902077,0
2024-01-14 00:45:00+00:00,0,normal,0.6821135088025363,0
2024-01-14 01:00:00+00:00,0,normal,1.0107440299486643,0
2024-01-14 01:15:00+00:00,0,normal,1.4488755108198181,0
2024-01-14 01:30:00+00:00,0,normal,0.44686127815742616,0
2024-01-14 01:45:00+00:00,0,normal,1.4731491899622156,0
2024-01-14 02:00:00+00:00,0,normal,0.7661475537896423,0
2024-01-14 02:15:00+00:00,0,normal,0.8666414673158545,0
2024-01-14 02:30:00+00:00,0,normal,1.932600963743583,0
2024-01-14 02:45:00+00:00,0,normal,2.0153639266461965,0
2024-01-14 03:00:00+00:00,0,normal,1.6205299504036668,0
2024-01-14 03:15:00+00:00,0,normal,-0.7062141391043619,1
2024-01-14 03:30:00+00:00,0,normal,0.3805999010512684,0
2024-01-14 03:45:00+00:00,0,normal,0.8354552564315876,0
2024-01-14 04:00:00+00:00,0,normal,1.1178635367542875,0
2024-01-14 04:15:00+00:00,0,normal,0.971924314168334,0
2024-01-14 04:30:00+00:00,0,normal,2.1724293190846455,0
2024-01-14 04:45:00+00:00,0,normal,-0.04665436767904119,1
2024-01-14 05:00:00+00:00,0,normal,0.45161396482176874,0
2024-01-14 05:15:00+00:00,0,normal,2.2631512845311783,0
2024-01-14 05:30:00+00:00,0,normal,0.5349660557729901,0
2024-01-14 05:45:00+00:00,0,normal,1.6420247921597793,0
2024-01-14 06:00:00+00:00,0,normal,0.9924429897190321,0
2024-01-14 06:15:00+00:00,0,normal,-0.26539555110472746,1
2024-01-14 06:30:00+00:00,0,normal,2.250946164884113,0
2024-01-14 06:45:00+00:00,0,normal,0.6007095624811307,0
2024-01-14 07:00:00+00:00,0,normal,0.4054503938335623,0
2024-01-14 07:15:00+00:00,0,normal,0.9906533397513795,0
2024-01-14 07:30:00+00:00,0,normal,1.7097775747393276,0
2024-01-14 07:45:00+00:00,0,normal,1.9050043986583014,0
2024-01-14 08:00:00+00:00,0,normal,2.075767064201797,0
2024-01-14 08:15:00+00:00,0,normal,2.070482178366912,0
2024-01-14 08:30:00+00:00,0,normal,1.062385032443395,0
2024-01-14 08:45:00+00:00,0,normal,-0.7841454373190158,1
2024-01-14 09:00:00+00:00,0,normal,1.1485885240258225,0
2024-01-14 09:15:00+00:00,0,normal,-0.8516743107137277,1
2024-01-14 09:30:00+00:00,0,normal,0.10292221611650465,0
2024-01-14 09:45:00+00:00,0,normal,1.1627429511835197,0
2024-01-14 10:00:00+00:00,0,normal,-0.7320791154303747,1
2024-01-14 10:15:00+00:00,0,normal,0.29205483796543463,0
2024-01-14 10:30:00+00:00,0,normal,1.2160597480466806,0
2024-01-14 10:45:00+00:00,0,normal,1.018329705221817,0
2024-01-14 11:00:00+00:00,0,normal,1.68252106836117,0
2024-01-14 11:15:00+00:00,0,normal,0.6497368862034691,0
2024-01-14 11:30:00+00:00,0,normal,0.31369998573436053,0
2024-01-14 11:45:00+00:00,0,normal,1.2366391373314563,0
2024-01-14 12:00:00+00:00,0,normal,0.6666101621874057,0
2024-01-14 12:15:00+00:00,0,normal,1.0275651018818919,0
2024-01-14 12:30:00+00:00,0,normal,1.042314954556288,0
2024-01-14 12:45:00+00:00,0,normal,0.6795213772485384,0
2024-01-14 13:00:00+00:00,0,normal,-0.10720961685593311,1
2024-01-14 13:15:00+00:00,0,normal,0.04455067423128778,0
2024-01-14 13:30:00+00:00,0,normal,-0.44290795805756034,1
2024-01-14 13:45:00+00:00,0,normal,0.14075554750872366,0
2024-01-14 14:00:00+00:00,0,normal,2.0452765908784643,0
2024-01-14 14:15:00+00:00,0,normal,0.974810993810777,0
2024-01-14 14:30:00+00:00,0,normal,1.3085448238573476,0
2024-01-14 14:45:00+00:00,0,normal,1.5891892159158085,0
2024-01-14 15:00:00+00:00,0,normal,0.1905195393096233,0
2024-01-14 15:15:00+00:00,0,normal,0.7826178967364252,0
2024-01-14 15:30:00+00:00,0,normal,1.5115238439112564,0
2024-01-14 15:45:00+00:00,0,normal,0.018107881061875997,0
2024-01-14 16:00:00+00:00,0,normal,0.6737716042498914,0
2024-01-14 16:15:00+00:00,0,normal,1.7536797457788773,0
2024-01-14 16:30:00+00:00,0,normal,1.0046151665955265,0
2024-01-14 16:45:00+00:00,0,normal,0.6539674885454438,0
2024-01-14 17:00:00+00:00,0,normal,1.386741687166737,0
2024-01-14 17:15:00+00:00,0,normal,1.8732126910616906,0
2024-01-14 17:30:00+00:00,0,normal,0.8731285483795976,0
2024-01-14 17:45:00+00:00,0,normal,0.2685406740401395,0
2024-01-14 18:00:00+00:00,0,normal,1.9617897125398067,0
2024-01-14 18:15:00+00:00,0,normal,1.9089421726672815,0
2024-01-14 18:30:00+00:00,0,normal,2.2042094634503395,0
2024-01-14 18:45:00+00:00,0,normal,0.1085042500293425,0
2024-01-14 19:00:00+00:00,0,normal,0.7782682769762594,0
2024-01-14 19:15:00+00:00,0,normal,0.512691973789249,0
2024-01-14 19:30:00+00:00,0,normal,0.884391211063217,0
2024-01-14 19:45:00+00:00,0,normal,0.11334641044233651,0
2024-01-14 20:00:00+00:00,0,normal,1.8413819601475114,0
2024-01-14 20:15:00+00:00,0,normal,1.2584742215686124,0
2024-01-14 20:30:00+00:00,0,normal,-0.011578907568165153,1
2024-01-14 20:45:00+00:00,0,normal,0.8627875996030552,0
2024-01-14 21:00:00+00:00,0,normal,1.94282474903491,0
2024-01-14 21:15:00+00:00,0,normal,0.9468033076841027,0
2024-01-14 21:30:00+00:00,0,normal,0.5480334718094224,0
2024-01-14 21:45:00+00:00,0,normal,1.260257064342389,0
2024-01-14 22:00:00+00:00,0,normal,0.4667993163165254,0
2024-01-14 22:15:00+00:00,0,normal,0.40616156356723687,0
2024-01-14 22:30:00+00:00,0,normal,1.0338748940358973,0
2024-01-14 22:45:00+00:00,0,normal,0.9388897693203826,0
2024-01-14 23:00:00+00:00,0,normal,1.1668594188507746,0
2024-01-14 23:15:00+00:00,0,normal,0.5759915556360617,0
2024-01-14 23:30:00+00:00,0,normal,-0.0069866023803868416,1
2024-01-14 23:45:00+00:00,0,normal,1.5651355301689187,0
