timestamp,reconstruction_error,threshold_95
2024-01-01 07:45:00+00:00,0.67067033,0.9425741136074066
2024-01-01 08:00:00+00:00,0.6645664,0.9425741136074066
2024-01-01 08:15:00+00:00,0.66974854,0.9425741136074066
2024-01-01 08:30:00+00:00,0.6740011,0.9425741136074066
2024-01-01 08:45:00+00:00,0.67517424,0.9425741136074066
2024-01-01 09:00:00+00:00,0.64457387,0.9425741136074066
2024-01-01 09:15:00+00:00,0.6379555,0.9425741136074066
2024-01-01 09:30:00+00:00,0.6281306,0.9425741136074066
2024-01-01 09:45:00+00:00,0.64180356,0.9425741136074066
2024-01-01 10:00:00+00:00,0.6385061,0.9425741136074066
2024-01-01 10:15:00+00:00,0.64018816,0.9425741136074066
2024-01-01 10:30:00+00:00,0.6444177,0.9425741136074066
2024-01-01 10:45:00+00:00,0.6426444,0.9425741136074066
2024-01-01 11:00:00+00:00,0.67133325,0.9425741136074066
2024-01-01 11:15:00+00:00,0.67308664,0.9425741136074066
2024-01-01 11:30:00+00:00,0.6753683,0.9425741136074066
2024-01-01 11:45:00+00:00,0.67594063,0.9425741136074066
2024-01-01 12:00:00+00:00,0.707324,0.9425741136074066
2024-01-01 12:15:00+00:00,0.7122735,0.9425741136074066
2024-01-01 12:30:00+00:00,0.7048204,0.9425741136074066
2024-01-01 12:45:00+00:00,0.7026806,0.9425741136074066
2024-01-01 13:00:00+00:00,0.69618785,0.9425741136074066
2024-01-01 13:15:00+00:00,0.71449864,0.9425741136074066
2024-01-01 13:30:00+00:00,0.63741827,0.9425741136074066
2024-01-01 13:45:00+00:00,0.6428232,0.9425741136074066
2024-01-01 14:00:00+00:00,0.6531989,0.9425741136074066
2024-01-01 14:15:00+00:00,0.65397555,0.9425741136074066
2024-01-01 14:30:00+00:00,0.6412776,0.9425741136074066
2024-01-01 14:45:00+00:00,0.6371088,0.9425741136074066
2024-01-01 15:00:00+00:00,0.6418154,0.9425741136074066
2024-01-01 15:15:00+00:00,0.65061355,0.9425741136074066
2024-01-01 15:30:00+00:00,0.60674894,0.9425741136074066
2024-01-01 15:45:00+00:00,0.6159357,0.9425741136074066
2024-01-01 16:00:00+00:00,0.61968684,0.9425741136074066
2024-01-01 16:15:00+00:00,0.6164984,0.9425741136074066
2024-01-01 16:30:00+00:00,0.6272149,0.9425741136074066
2024-01-01 16:45:00+00:00,0.6183949,0.9425741136074066
2024-01-01 17:00:00+00:00,0.62445194,0.9425741136074066
2024-01-01 17:15:00+00:00,0.6321504,0.9425741136074066
2024-01-01 17:30:00+00:00,0.64224935,0.9425741136074066
2024-01-01 17:45:00+00:00,0.62617266,0.9425741136074066
2024-01-01 18:00:00+00:00,0.63250494,0.9425741136074066
2024-01-01 18:15:00+00:00,0.6229186,0.9425741136074066
2024-01-01 18:30:00+00:00,0.62631845,0.9425741136074066
2024-01-01 18:45:00+00:00,0.62829244,0.9425741136074066
2024-01-01 19:00:00+00:00,0.6110841,0.9425741136074066
2024-01-01 19:15:00+00:00,0.61840343,0.9425741136074066
2024-01-01 19:30:00+00:00,0.6196394,0.9425741136074066
2024-01-01 19:45:00+00:00,0.62438023,0.9425741136074066
2024-01-01 20:00:00+00:00,0.5913439,0.9425741136074066
2024-01-01 20:15:00+00:00,0.59264874,0.9425741136074066
2024-01-01 20:30:00+00:00,0.60583997,0.9425741136074066
2024-01-01 20:45:00+00:00,0.591982,0.9425741136074066
2024-01-01 21:00:00+00:00,0.6137666,0.9425741136074066
2024-01-01 21:15:00+00:00,0.59815645,0.9425741136074066
2024-01-01 21:30:00+00:00,0.5987685,0.9425741136074066
2024-01-01 21:45:00+00:00,0.5938509,0.9425741136074066
2024-01-01 22:00:00+00:00,0.5852747,0.9425741136074066
2024-01-01 22:15:00+00:00,0.58291554,0.9425741136074066
2024-01-01 22:30:00+00:00,0.5768473,0.9425741136074066
2024-01-01 22:45:00+00:00,0.5930222,0.9425741136074066
2024-01-01 23:00:00+00:00,0.607518,0.9425741136074066
2024-01-01 23:15:00+00:00,0.5956813,0.9425741136074066
2024-01-01 23:30:00+00:00,0.6077854,0.9425741136074066
2024-01-01 23:45:00+00:00,0.5922836,0.9425741136074066
2024-01-02 00:00:00+00:00,0.5918524,0.9425741136074066
2024-01-02 00:15:00+00:00,0.5902322,0.9425741136074066
2024-01-02 00:30:00+00:00,0.5853697,0.9425741136074066
2024-01-02 00:45:00+00:00,0.59952366,0.9425741136074066
2024-01-02 01:00:00+00:00,0.59372336,0.9425741136074066
2024-01-02 01:15:00+00:00,0.5910641,0.9425741136074066
2024-01-02 01:30:00+00:00,0.60089564,0.9425741136074066
2024-01-02 01:45:00+00:00,0.5942579,0.9425741136074066
2024-01-02 02:00:00+00:00,0.5935265,0.9425741136074066
2024-01-02 02:15:00+00:00,0.60789156,0.9425741136074066
2024-01-02 02:30:00+00:00,0.614269,0.9425741136074066
2024-01-02 02:45:00+00:00,0.6183141,0.9425741136074066
2024-01-02 03:00:00+00:00,0.60534716,0.9425741136074066
2024-01-02 03:15:00+00:00,0.61127174,0.9425741136074066
2024-01-02 03:30:00+00:00,0.62678385,0.9425741136074066
2024-01-02 03:45:00+00:00,0.62666774,0.9425741136074066
2024-01-02 04:00:00+00:00,0.6325089,0.9425741136074066
2024-01-02 04:15:00+00:00,0.6311016,0.9425741136074066
2024-01-02 04:30:00+00:00,0.624534,0.9425741136074066
2024-01-02 04:45:00+00:00,0.67449415,0.9425741136074066
2024-01-02 05:00:00+00:00,0.6449317,0.9425741136074066
2024-01-02 05:15:00+00:00,0.6495642,0.9425741136074066
2024-01-02 05:30:00+00:00,0.6437888,0.9425741136074066
2024-01-02 05:45:00+00:00,0.651019,0.9425741136074066
2024-01-02 06:00:00+00:00,0.6548263,0.9425741136074066
2024-01-02 06:15:00+00:00,0.66115975,0.9425741136074066
2024-01-02 06:30:00+00:00,0.6697439,0.9425741136074066
2024-01-02 06:45:00+00:00,0.6600473,0.9425741136074066
2024-01-02 07:00:00+00:00,0.6587143,0.9425741136074066
2024-01-02 07:15:00+00:00,0.6959811,0.9425741136074066
2024-01-02 07:30:00+00:00,0.6813188,0.9425741136074066
2024-01-02 07:45:00+00:00,0.6775094,0.9425741136074066
2024-01-02 08:00:00+00:00,0.6664372,0.9425741136074066
2024-01-02 08:15:00+00:00,0.6728664,0.9425741136074066
2024-01-02 08:30:00+00:00,0.67980486,0.9425741136074066
2024-01-02 08:45:00+00:00,0.665318,0.9425741136074066
2024-01-02 09:00:00+00:00,0.6743041,0.9425741136074066
2024-01-02 09:15:00+00:00,0.66770434,0.9425741136074066
2024-01-02 09:30:00+00:00,0.6515261,0.9425741136074066
2024-01-02 09:45:00+00:00,0.67099273,0.9425741136074066
2024-01-02 10:00:00+00:00,0.66447586,0.9425741136074066
2024-01-02 10:15:00+00:00,0.65929437,0.9425741136074066
2024-01-02 10:30:00+00:00,0.6520785,0.9425741136074066
2024-01-02 10:45:00+00:00,0.64968395,0.9425741136074066
2024-01-02 11:00:00+00:00,0.65635186,0.9425741136074066
2024-01-02 11:15:00+00:00,0.6641839,0.9425741136074066
2024-01-02 11:30:00+00:00,0.6613502,0.9425741136074066
2024-01-02 11:45:00+00:00,0.6582345,0.9425741136074066
2024-01-02 12:00:00+00:00,0.6644279,0.9425741136074066
2024-01-02 12:15:00+00:00,0.66857207,0.9425741136074066
2024-01-02 12:30:00+00:00,0.6725868,0.9425741136074066
2024-01-02 12:45:00+00:00,0.62114847,0.9425741136074066
2024-01-02 13:00:00+00:00,0.6211053,0.9425741136074066
2024-01-02 13:15:00+00:00,0.6184103,0.9425741136074066
2024-01-02 13:30:00+00:00,0.61683583,0.9425741136074066
2024-01-02 13:45:00+00:00,0.6228825,0.9425741136074066
2024-01-02 14:00:00+00:00,0.6370284,0.9425741136074066
2024-01-02 14:15:00+00:00,0.6406802,0.9425741136074066
2024-01-02 14:30:00+00:00,0.64506805,0.9425741136074066
2024-01-02 14:45:00+00:00,0.6256476,0.9425741136074066
2024-01-02 15:00:00+00:00,0.60558504,0.9425741136074066
2024-01-02 15:15:00+00:00,0.56219035,0.9425741136074066
2024-01-02 15:30:00+00:00,0.5419478,0.9425741136074066
2024-01-02 15:45:00+00:00,0.55625236,0.9425741136074066
2024-01-02 16:00:00+00:00,0.573045,0.9425741136074066
2024-01-02 16:15:00+00:00,0.5671812,0.9425741136074066
2024-01-02 16:30:00+00:00,0.5828299,0.9425741136074066
2024-01-02 16:45:00+00:00,0.59206486,0.9425741136074066
2024-01-02 17:00:00+00:00,0.57456553,0.9425741136074066
2024-01-02 17:15:00+00:00,0.591113,0.9425741136074066
2024-01-02 17:30:00+00:00,0.6144044,0.9425741136074066
2024-01-02 17:45:00+00:00,0.62406766,0.9425741136074066
2024-01-02 18:00:00+00:00,0.627106,0.9425741136074066
2024-01-02 18:15:00+00:00,0.63022923,0.9425741136074066
2024-01-02 18:30:00+00:00,0.6279458,0.9425741136074066
2024-01-02 18:45:00+00:00,0.60859895,0.9425741136074066
2024-01-02 19:00:00+00:00,0.6005281,0.9425741136074066
2024-01-02 19:15:00+00:00,0.5875719,0.9425741136074066
2024-01-02 19:30:00+00:00,0.59128755,0.9425741136074066
2024-01-02 19:45:00+00:00,0.5966662,0.9425741136074066
2024-01-02 20:00:00+00:00,0.5870817,0.9425741136074066
2024-01-02 20:15:00+00:00,0.57800496,0.9425741136074066
2024-01-02 20:30:00+00:00,0.5863914,0.9425741136074066
2024-01-02 20:45:00+00:00,0.59254164,0.9425741136074066
2024-01-02 21:00:00+00:00,0.6042454,0.9425741136074066
2024-01-02 21:15:00+00:00,0.61170083,0.9425741136074066
2024-01-02 21:30:00+00:00,0.618888,0.9425741136074066
2024-01-02 21:45:00+00:00,0.63468856,0.9425741136074066
2024-01-02 22:00:00+00:00,0.647809,0.9425741136074066
2024-01-02 22:15:00+00:00,0.66334677,0.9425741136074066
2024-01-02 22:30:00+00:00,0.6623858,0.9425741136074066
2024-01-02 22:45:00+00:00,0.6698355,0.9425741136074066
2024-01-02 23:00:00+00:00,0.6941211,0.9425741136074066
2024-01-02 23:15:00+00:00,0.70903254,0.9425741136074066
2024-01-02 23:30:00+00:00,0.7322216,0.9425741136074066
2024-01-02 23:45:00+00:00,0.7332307,0.9425741136074066
2024-01-03 00:00:00+00:00,0.7276081,0.9425741136074066
2024-01-03 00:15:00+00:00,0.7347442,0.9425741136074066
2024-01-03 00:30:00+00:00,0.71572256,0.9425741136074066
2024-01-03 00:45:00+00:00,0.72925377,0.9425741136074066
2024-01-03 01:00:00+00:00,0.75108385,0.9425741136074066
2024-01-03 01:15:00+00:00,0.7469685,0.9425741136074066
2024-01-03 01:30:00+00:00,0.7543044,0.9425741136074066
2024-01-03 01:45:00+00:00,0.7499517,0.9425741136074066
2024-01-03 02:00:00+00:00,0.75302637,0.9425741136074066
2024-01-03 02:15:00+00:00,0.76079106,0.9425741136074066
2024-01-03 02:30:00+00:00,0.76090443,0.9425741136074066
2024-01-03 02:45:00+00:00,0.7698058,0.9425741136074066
2024-01-03 03:00:00+00:00,0.7753685,0.9425741136074066
2024-01-03 03:15:00+00:00,0.77497995,0.9425741136074066
2024-01-03 03:30:00+00:00,0.7708657,0.9425741136074066
2024-01-03 03:45:00+00:00,0.77085036,0.9425741136074066
2024-01-03 04:00:00+00:00,0.78085715,0.9425741136074066
2024-01-03 04:15:00+00:00,0.77758396,0.9425741136074066
2024-01-03 04:30:00+00:00,0.78274477,0.9425741136074066
2024-01-03 04:45:00+00:00,0.7708219,0.9425741136074066
2024-01-03 05:00:00+00:00,0.761283,0.9425741136074066
2024-01-03 05:15:00+00:00,0.7365974,0.9425741136074066
2024-01-03 05:30:00+00:00,0.71707886,0.9425741136074066
2024-01-03 05:45:00+00:00,0.696651,0.9425741136074066
2024-01-03 06:00:00+00:00,0.673161,0.9425741136074066
2024-01-03 06:15:00+00:00,0.6562327,0.9425741136074066
2024-01-03 06:30:00+00:00,0.64708894,0.9425741136074066
2024-01-03 06:45:00+00:00,0.62068725,0.9425741136074066
2024-01-03 07:00:00+00:00,0.5805251,0.9425741136074066
2024-01-03 07:15:00+00:00,0.5630207,0.9425741136074066
2024-01-03 07:30:00+00:00,0.54512125,0.9425741136074066
2024-01-03 07:45:00+00:00,0.54408807,0.9425741136074066
2024-01-03 08:00:00+00:00,0.5645963,0.9425741136074066
2024-01-03 08:15:00+00:00,0.59565747,0.9425741136074066
2024-01-03 08:30:00+00:00,0.595093,0.9425741136074066
2024-01-03 08:45:00+00:00,0.5761299,0.9425741136074066
2024-01-03 09:00:00+00:00,0.5733477,0.9425741136074066
2024-01-03 09:15:00+00:00,0.5763615,0.9425741136074066
2024-01-03 09:30:00+00:00,0.5659559,0.9425741136074066
2024-01-03 09:45:00+00:00,0.55997664,0.9425741136074066
2024-01-03 10:00:00+00:00,0.55221206,0.9425741136074066
2024-01-03 10:15:00+00:00,0.5490382,0.9425741136074066
2024-01-03 10:30:00+00:00,0.56239784,0.9425741136074066
2024-01-03 10:45:00+00:00,0.56995136,0.9425741136074066
2024-01-03 11:00:00+00:00,0.5716012,0.9425741136074066
2024-01-03 11:15:00+00:00,0.5734368,0.9425741136074066
2024-01-03 11:30:00+00:00,0.5776932,0.9425741136074066
2024-01-03 11:45:00+00:00,0.58544135,0.9425741136074066
2024-01-03 12:00:00+00:00,0.57846904,0.9425741136074066
2024-01-03 12:15:00+00:00,0.5834156,0.9425741136074066
2024-01-03 12:30:00+00:00,0.5539973,0.9425741136074066
2024-01-03 12:45:00+00:00,0.5636063,0.9425741136074066
2024-01-03 13:00:00+00:00,0.5776659,0.9425741136074066
2024-01-03 13:15:00+00:00,0.58224195,0.9425741136074066
2024-01-03 13:30:00+00:00,0.58433414,0.9425741136074066
2024-01-03 13:45:00+00:00,0.59568447,0.9425741136074066
2024-01-03 14:00:00+00:00,0.5983982,0.9425741136074066
2024-01-03 14:15:00+00:00,0.59856874,0.9425741136074066
2024-01-03 14:30:00+00:00,0.5873574,0.9425741136074066
2024-01-03 14:45:00+00:00,0.6278745,0.9425741136074066
2024-01-03 15:00:00+00:00,0.62738985,0.9425741136074066
2024-01-03 15:15:00+00:00,0.6373085,0.9425741136074066
2024-01-03 15:30:00+00:00,0.6423102,0.9425741136074066
2024-01-03 15:45:00+00:00,0.6375885,0.9425741136074066
2024-01-03 16:00:00+00:00,0.635676,0.9425741136074066
2024-01-03 16:15:00+00:00,0.6186187,0.9425741136074066
2024-01-03 16:30:00+00:00,0.60366356,0.9425741136074066
2024-01-03 16:45:00+00:00,0.60950696,0.9425741136074066
2024-01-03 17:00:00+00:00,0.615833,0.9425741136074066
2024-01-03 17:15:00+00:00,0.62520504,0.9425741136074066
2024-01-03 17:30:00+00:00,0.6280334,0.9425741136074066
2024-01-03 17:45:00+00:00,0.63537586,0.9425741136074066
2024-01-03 18:00:00+00:00,0.6294249,0.9425741136074066
2024-01-03 18:15:00+00:00,0.62973416,0.9425741136074066
2024-01-03 18:30:00+00:00,0.6228126,0.9425741136074066
2024-01-03 18:45:00+00:00,0.61709535,0.9425741136074066
2024-01-03 19:00:00+00:00,0.62320375,0.9425741136074066
2024-01-03 19:15:00+00:00,0.62239504,0.9425741136074066
2024-01-03 19:30:00+00:00,0.6228461,0.9425741136074066
2024-01-03 19:45:00+00:00,0.6249518,0.9425741136074066
2024-01-03 20:00:00+00:00,0.62778246,0.9425741136074066
2024-01-03 20:15:00+00:00,0.62944865,0.9425741136074066
2024-01-03 20:30:00+00:00,0.6436889,0.9425741136074066
2024-01-03 20:45:00+00:00,0.6385684,0.9425741136074066
2024-01-03 21:00:00+00:00,0.6312572,0.9425741136074066
2024-01-03 21:15:00+00:00,0.64798385,0.9425741136074066
2024-01-03 21:30:00+00:00,0.65782106,0.9425741136074066
2024-01-03 21:45:00+00:00,0.6548418,0.9425741136074066
2024-01-03 22:00:00+00:00,0.67485094,0.9425741136074066
2024-01-03 22:15:00+00:00,0.69501185,0.9425741136074066
2024-01-03 22:30:00+00:00,0.711147,0.9425741136074066
2024-01-03 22:45:00+00:00,0.7011137,0.9425741136074066
2024-01-03 23:00:00+00:00,0.72389287,0.9425741136074066
2024-01-03 23:15:00+00:00,0.73255646,0.9425741136074066
2024-01-03 23:30:00+00:00,0.7614776,0.9425741136074066
2024-01-03 23:45:00+00:00,0.8009795,0.9425741136074066
2024-01-04 00:00:00+00:00,0.8266009,0.9425741136074066
2024-01-04 00:15:00+00:00,0.85898805,0.9425741136074066
2024-01-04 00:30:00+00:00,0.8962952,0.9425741136074066
2024-01-04 00:45:00+00:00,0.94627297,0.9425741136074066
2024-01-04 01:00:00+00:00,1.0187249,0.9425741136074066
2024-01-04 01:15:00+00:00,1.0401932,0.9425741136074066
2024-01-04 01:30:00+00:00,1.0581176,0.9425741136074066
2024-01-04 01:45:00+00:00,1.0595863,0.9425741136074066
2024-01-04 02:00:00+00:00,1.0751089,0.9425741136074066
2024-01-04 02:15:00+00:00,1.0753443,0.9425741136074066
2024-01-04 02:30:00+00:00,1.0843956,0.9425741136074066
2024-01-04 02:45:00+00:00,1.0918913,0.9425741136074066
2024-01-04 03:00:00+00:00,1.1109705,0.9425741136074066
2024-01-04 03:15:00+00:00,1.1169946,0.9425741136074066
2024-01-04 03:30:00+00:00,1.1173148,0.9425741136074066
2024-01-04 03:45:00+00:00,1.1090891,0.9425741136074066
2024-01-04 04:00:00+00:00,1.1084955,0.9425741136074066
2024-01-04 04:15:00+00:00,1.1282498,0.9425741136074066
2024-01-04 04:30:00+00:00,1.1333861,0.9425741136074066
2024-01-04 04:45:00+00:00,1.1511517,0.9425741136074066
2024-01-04 05:00:00+00:00,1.1763463,0.9425741136074066
2024-01-04 05:15:00+00:00,1.174818,0.9425741136074066
2024-01-04 05:30:00+00:00,1.1898835,0.9425741136074066
2024-01-04 05:45:00+00:00,1.1768777,0.9425741136074066
2024-01-04 06:00:00+00:00,1.1456816,0.9425741136074066
2024-01-04 06:15:00+00:00,1.0982734,0.9425741136074066
2024-01-04 06:30:00+00:00,1.1051254,0.9425741136074066
2024-01-04 06:45:00+00:00,1.0694215,0.9425741136074066
2024-01-04 07:00:00+00:00,1.0370281,0.9425741136074066
2024-01-04 07:15:00+00:00,1.0025651,0.9425741136074066
2024-01-04 07:30:00+00:00,0.9573176,0.9425741136074066
2024-01-04 07:45:00+00:00,0.9141196,0.9425741136074066
2024-01-04 08:00:00+00:00,0.8736594,0.9425741136074066
2024-01-04 08:15:00+00:00,0.850977,0.9425741136074066
2024-01-04 08:30:00+00:00,0.81832945,0.9425741136074066
2024-01-04 08:45:00+00:00,0.8000856,0.9425741136074066
2024-01-04 09:00:00+00:00,0.7500964,0.9425741136074066
2024-01-04 09:15:00+00:00,0.713909,0.9425741136074066
2024-01-04 09:30:00+00:00,0.6986954,0.9425741136074066
2024-01-04 09:45:00+00:00,0.699294,0.9425741136074066
2024-01-04 10:00:00+00:00,0.71203685,0.9425741136074066
2024-01-04 10:15:00+00:00,0.7148572,0.9425741136074066
2024-01-04 10:30:00+00:00,0.69669324,0.9425741136074066
2024-01-04 10:45:00+00:00,0.7034972,0.9425741136074066
2024-01-04 11:00:00+00:00,0.70280355,0.9425741136074066
2024-01-04 11:15:00+00:00,0.7078652,0.9425741136074066
2024-01-04 11:30:00+00:00,0.7166731,0.9425741136074066
2024-01-04 11:45:00+00:00,0.7276711,0.9425741136074066
2024-01-04 12:00:00+00:00,0.7373278,0.9425741136074066
2024-01-04 12:15:00+00:00,0.7400577,0.9425741136074066
2024-01-04 12:30:00+00:00,0.7405437,0.9425741136074066
2024-01-04 12:45:00+00:00,0.7164187,0.9425741136074066
2024-01-04 13:00:00+00:00,0.663525,0.9425741136074066
2024-01-04 13:15:00+00:00,0.63193834,0.9425741136074066
2024-01-04 13:30:00+00:00,0.6061206,0.9425741136074066
2024-01-04 13:45:00+00:00,0.6089911,0.9425741136074066
2024-01-04 14:00:00+00:00,0.59408486,0.9425741136074066
2024-01-04 14:15:00+00:00,0.5904788,0.9425741136074066
2024-01-04 14:30:00+00:00,0.56706786,0.9425741136074066
2024-01-04 14:45:00+00:00,0.58153385,0.9425741136074066
2024-01-04 15:00:00+00:00,0.57401764,0.9425741136074066
2024-01-04 15:15:00+00:00,0.5691941,0.9425741136074066
2024-01-04 15:30:00+00:00,0.57928693,0.9425741136074066
2024-01-04 15:45:00+00:00,0.57780194,0.9425741136074066
2024-01-04 16:00:00+00:00,0.57656133,0.9425741136074066
2024-01-04 16:15:00+00:00,0.58069265,0.9425741136074066
2024-01-04 16:30:00+00:00,0.6073491,0.9425741136074066
2024-01-04 16:45:00+00:00,0.5638498,0.9425741136074066
2024-01-04 17:00:00+00:00,0.55379987,0.9425741136074066
2024-01-04 17:15:00+00:00,0.5672777,0.9425741136074066
2024-01-04 17:30:00+00:00,0.5763073,0.9425741136074066
2024-01-04 17:45:00+00:00,0.57930946,0.9425741136074066
2024-01-04 18:00:00+00:00,0.5841116,0.9425741136074066
2024-01-04 18:15:00+00:00,0.59217274,0.9425741136074066
2024-01-04 18:30:00+00:00,0.59036446,0.9425741136074066
2024-01-04 18:45:00+00:00,0.5771322,0.9425741136074066
2024-01-04 19:00:00+00:00,0.5615321,0.9425741136074066
2024-01-04 19:15:00+00:00,0.5692264,0.9425741136074066
2024-01-04 19:30:00+00:00,0.6239947,0.9425741136074066
2024-01-04 19:45:00+00:00,0.6379006,0.9425741136074066
2024-01-04 20:00:00+00:00,0.6352632,0.9425741136074066
2024-01-04 20:15:00+00:00,0.6410004,0.9425741136074066
2024-01-04 20:30:00+00:00,0.6405612,0.9425741136074066
2024-01-04 20:45:00+00:00,0.64938736,0.9425741136074066
2024-01-04 21:00:00+00:00,0.6592754,0.9425741136074066
2024-01-04 21:15:00+00:00,0.6515341,0.9425741136074066
2024-01-04 21:30:00+00:00,0.6507904,0.9425741136074066
2024-01-04 21:45:00+00:00,0.63248485,0.9425741136074066
2024-01-04 22:00:00+00:00,0.6349255,0.9425741136074066
2024-01-04 22:15:00+00:00,0.6440097,0.9425741136074066
2024-01-04 22:30:00+00:00,0.647992,0.9425741136074066
2024-01-04 22:45:00+00:00,0.63071764,0.9425741136074066
2024-01-04 23:00:00+00:00,0.6243067,0.9425741136074066
2024-01-04 23:15:00+00:00,0.6272749,0.9425741136074066
2024-01-04 23:30:00+00:00,0.6265829,0.9425741136074066
2024-01-04 23:45:00+00:00,0.6448042,0.9425741136074066
2024-01-05 00:00:00+00:00,0.6564003,0.9425741136074066
2024-01-05 00:15:00+00:00,0.65342575,0.9425741136074066
2024-01-05 00:30:00+00:00,0.63540924,0.9425741136074066
2024-01-05 00:45:00+00:00,0.63492155,0.9425741136074066
2024-01-05 01:00:00+00:00,0.6368359,0.9425741136074066
2024-01-05 01:15:00+00:00,0.6244193,0.9425741136074066
2024-01-05 01:30:00+00:00,0.62903,0.9425741136074066
2024-01-05 01:45:00+00:00,0.640193,0.9425741136074066
2024-01-05 02:00:00+00:00,0.6311634,0.9425741136074066
2024-01-05 02:15:00+00:00,0.6242681,0.9425741136074066
2024-01-05 02:30:00+00:00,0.63120294,0.9425741136074066
2024-01-05 02:45:00+00:00,0.62402123,0.9425741136074066
2024-01-05 03:00:00+00:00,0.62486327,0.9425741136074066
2024-01-05 03:15:00+00:00,0.61694807,0.9425741136074066
2024-01-05 03:30:00+00:00,0.559982,0.9425741136074066
2024-01-05 03:45:00+00:00,0.5425982,0.9425741136074066
2024-01-05 04:00:00+00:00,0.5444392,0.9425741136074066
2024-01-05 04:15:00+00:00,0.53262556,0.9425741136074066
2024-01-05 04:30:00+00:00,0.52360594,0.9425741136074066
2024-01-05 04:45:00+00:00,0.52096355,0.9425741136074066
2024-01-05 05:00:00+00:00,0.5330167,0.9425741136074066
2024-01-05 05:15:00+00:00,0.5449358,0.9425741136074066
2024-01-05 05:30:00+00:00,0.55331653,0.9425741136074066
2024-01-05 05:45:00+00:00,0.59040284,0.9425741136074066
2024-01-05 06:00:00+00:00,0.58288205,0.9425741136074066
2024-01-05 06:15:00+00:00,0.58777374,0.9425741136074066
2024-01-05 06:30:00+00:00,0.58469987,0.9425741136074066
2024-01-05 06:45:00+00:00,0.59083533,0.9425741136074066
2024-01-05 07:00:00+00:00,0.6036259,0.9425741136074066
2024-01-05 07:15:00+00:00,0.6150724,0.9425741136074066
2024-01-05 07:30:00+00:00,0.61483586,0.9425741136074066
2024-01-05 07:45:00+00:00,0.60621643,0.9425741136074066
2024-01-05 08:00:00+00:00,0.59172344,0.9425741136074066
2024-01-05 08:15:00+00:00,0.5825864,0.9425741136074066
2024-01-05 08:30:00+00:00,0.5811869,0.9425741136074066
2024-01-05 08:45:00+00:00,0.58930963,0.9425741136074066
2024-01-05 09:00:00+00:00,0.5949543,0.9425741136074066
2024-01-05 09:15:00+00:00,0.5827546,0.9425741136074066
2024-01-05 09:30:00+00:00,0.5853471,0.9425741136074066
2024-01-05 09:45:00+00:00,0.57554924,0.9425741136074066
2024-01-05 10:00:00+00:00,0.5700774,0.9425741136074066
2024-01-05 10:15:00+00:00,0.5829823,0.9425741136074066
2024-01-05 10:30:00+00:00,0.5831542,0.9425741136074066
2024-01-05 10:45:00+00:00,0.58767545,0.9425741136074066
2024-01-05 11:00:00+00:00,0.5859288,0.9425741136074066
2024-01-05 11:15:00+00:00,0.5946709,0.9425741136074066
2024-01-05 11:30:00+00:00,0.5924368,0.9425741136074066
2024-01-05 11:45:00+00:00,0.5839349,0.9425741136074066
2024-01-05 12:00:00+00:00,0.58620167,0.9425741136074066
2024-01-05 12:15:00+00:00,0.58627963,0.9425741136074066
2024-01-05 12:30:00+00:00,0.58901894,0.9425741136074066
2024-01-05 12:45:00+00:00,0.59449303,0.9425741136074066
2024-01-05 13:00:00+00:00,0.5815173,0.9425741136074066
2024-01-05 13:15:00+00:00,0.57070804,0.9425741136074066
2024-01-05 13:30:00+00:00,0.5648439,0.9425741136074066
2024-01-05 13:45:00+00:00,0.53589416,0.9425741136074066
2024-01-05 14:00:00+00:00,0.54865134,0.9425741136074066
2024-01-05 14:15:00+00:00,0.5210179,0.9425741136074066
2024-01-05 14:30:00+00:00,0.5238737,0.9425741136074066
2024-01-05 14:45:00+00:00,0.52705514,0.9425741136074066
2024-01-05 15:00:00+00:00,0.52664196,0.9425741136074066
2024-01-05 15:15:00+00:00,0.5296539,0.9425741136074066
2024-01-05 15:30:00+00:00,0.5258109,0.9425741136074066
2024-01-05 15:45:00+00:00,0.5234219,0.9425741136074066
2024-01-05 16:00:00+00:00,0.526055,0.9425741136074066
2024-01-05 16:15:00+00:00,0.52046454,0.9425741136074066
2024-01-05 16:30:00+00:00,0.5249487,0.9425741136074066
2024-01-05 16:45:00+00:00,0.52599096,0.9425741136074066
2024-01-05 17:00:00+00:00,0.5257157,0.9425741136074066
2024-01-05 17:15:00+00:00,0.53479135,0.9425741136074066
2024-01-05 17:30:00+00:00,0.540692,0.9425741136074066
2024-01-05 17:45:00+00:00,0.5352745,0.9425741136074066
2024-01-05 18:00:00+00:00,0.54883295,0.9425741136074066
2024-01-05 18:15:00+00:00,0.5479659,0.9425741136074066
2024-01-05 18:30:00+00:00,0.548484,0.9425741136074066
2024-01-05 18:45:00+00:00,0.5445415,0.9425741136074066
2024-01-05 19:00:00+00:00,0.5657176,0.9425741136074066
2024-01-05 19:15:00+00:00,0.5586464,0.9425741136074066
2024-01-05 19:30:00+00:00,0.57217646,0.9425741136074066
2024-01-05 19:45:00+00:00,0.5801847,0.9425741136074066
2024-01-05 20:00:00+00:00,0.58590066,0.9425741136074066
2024-01-05 20:15:00+00:00,0.6024236,0.9425741136074066
2024-01-05 20:30:00+00:00,0.58950406,0.9425741136074066
2024-01-05 20:45:00+00:00,0.58288765,0.9425741136074066
2024-01-05 21:00:00+00:00,0.5787722,0.9425741136074066
2024-01-05 21:15:00+00:00,0.58444357,0.9425741136074066
2024-01-05 21:30:00+00:00,0.5835812,0.9425741136074066
2024-01-05 21:45:00+00:00,0.58384323,0.9425741136074066
2024-01-05 22:00:00+00:00,0.57599217,0.9425741136074066
2024-01-05 22:15:00+00:00,0.57552797,0.9425741136074066
2024-01-05 22:30:00+00:00,0.58404446,0.9425741136074066
2024-01-05 22:45:00+00:00,0.58398247,0.9425741136074066
2024-01-05 23:00:00+00:00,0.60888517,0.9425741136074066
2024-01-05 23:15:00+00:00,0.615221,0.9425741136074066
2024-01-05 23:30:00+00:00,0.64319944,0.9425741136074066
2024-01-05 23:45:00+00:00,0.67240375,0.9425741136074066
2024-01-06 00:00:00+00:00,0.7187793,0.9425741136074066
2024-01-06 00:15:00+00:00,0.7524042,0.9425741136074066
2024-01-06 00:30:00+00:00,0.7848686,0.9425741136074066
2024-01-06 00:45:00+00:00,0.8217726,0.9425741136074066
2024-01-06 01:00:00+00:00,0.85422075,0.9425741136074066
2024-01-06 01:15:00+00:00,0.90151066,0.9425741136074066
2024-01-06 01:30:00+00:00,0.93887526,0.9425741136074066
2024-01-06 01:45:00+00:00,0.9871019,0.9425741136074066
2024-01-06 02:00:00+00:00,0.9957347,0.9425741136074066
2024-01-06 02:15:00+00:00,1.0061902,0.9425741136074066
2024-01-06 02:30:00+00:00,1.0167736,0.9425741136074066
2024-01-06 02:45:00+00:00,1.0242593,0.9425741136074066
2024-01-06 03:00:00+00:00,1.0219958,0.9425741136074066
2024-01-06 03:15:00+00:00,1.0433824,0.9425741136074066
2024-01-06 03:30:00+00:00,1.0372262,0.9425741136074066
2024-01-06 03:45:00+00:00,1.0255656,0.9425741136074066
2024-01-06 04:00:00+00:00,1.0093913,0.9425741136074066
2024-01-06 04:15:00+00:00,0.9992083,0.9425741136074066
2024-01-06 04:30:00+00:00,1.0029575,0.9425741136074066
2024-01-06 04:45:00+00:00,1.0089645,0.9425741136074066
2024-01-06 05:00:00+00:00,1.0391004,0.9425741136074066
2024-01-06 05:15:00+00:00,1.0687335,0.9425741136074066
2024-01-06 05:30:00+00:00,1.0573777,0.9425741136074066
2024-01-06 05:45:00+00:00,1.0481163,0.9425741136074066
2024-01-06 06:00:00+00:00,1.0523207,0.9425741136074066
2024-01-06 06:15:00+00:00,1.0459583,0.9425741136074066
2024-01-06 06:30:00+00:00,1.0546532,0.9425741136074066
2024-01-06 06:45:00+00:00,1.051785,0.9425741136074066
2024-01-06 07:00:00+00:00,1.0259132,0.9425741136074066
2024-01-06 07:15:00+00:00,1.0036612,0.9425741136074066
2024-01-06 07:30:00+00:00,0.96916115,0.9425741136074066
2024-01-06 07:45:00+00:00,0.9604143,0.9425741136074066
2024-01-06 08:00:00+00:00,0.91257346,0.9425741136074066
2024-01-06 08:15:00+00:00,0.8919768,0.9425741136074066
2024-01-06 08:30:00+00:00,0.86219937,0.9425741136074066
2024-01-06 08:45:00+00:00,0.82321554,0.9425741136074066
2024-01-06 09:00:00+00:00,0.7875711,0.9425741136074066
2024-01-06 09:15:00+00:00,0.7308316,0.9425741136074066
2024-01-06 09:30:00+00:00,0.677765,0.9425741136074066
2024-01-06 09:45:00+00:00,0.6506139,0.9425741136074066
2024-01-06 10:00:00+00:00,0.64169407,0.9425741136074066
2024-01-06 10:15:00+00:00,0.644539,0.9425741136074066
2024-01-06 10:30:00+00:00,0.64551425,0.9425741136074066
2024-01-06 10:45:00+00:00,0.6534673,0.9425741136074066
2024-01-06 11:00:00+00:00,0.6546893,0.9425741136074066
2024-01-06 11:15:00+00:00,0.6447458,0.9425741136074066
2024-01-06 11:30:00+00:00,0.64944315,0.9425741136074066
2024-01-06 11:45:00+00:00,0.65091395,0.9425741136074066
2024-01-06 12:00:00+00:00,0.659953,0.9425741136074066
2024-01-06 12:15:00+00:00,0.6703346,0.9425741136074066
2024-01-06 12:30:00+00:00,0.6649356,0.9425741136074066
2024-01-06 12:45:00+00:00,0.6654537,0.9425741136074066
2024-01-06 13:00:00+00:00,0.6344969,0.9425741136074066
2024-01-06 13:15:00+00:00,0.5849824,0.9425741136074066
2024-01-06 13:30:00+00:00,0.60041976,0.9425741136074066
2024-01-06 13:45:00+00:00,0.5953117,0.9425741136074066
2024-01-06 14:00:00+00:00,0.60466003,0.9425741136074066
2024-01-06 14:15:00+00:00,0.615639,0.9425741136074066
2024-01-06 14:30:00+00:00,0.6086039,0.9425741136074066
2024-01-06 14:45:00+00:00,0.5990356,0.9425741136074066
2024-01-06 15:00:00+00:00,0.5995572,0.9425741136074066
2024-01-06 15:15:00+00:00,0.6048486,0.9425741136074066
2024-01-06 15:30:00+00:00,0.6095345,0.9425741136074066
2024-01-06 15:45:00+00:00,0.5995275,0.9425741136074066
2024-01-06 16:00:00+00:00,0.6073501,0.9425741136074066
2024-01-06 16:15:00+00:00,0.629527,0.9425741136074066
2024-01-06 16:30:00+00:00,0.6289209,0.9425741136074066
2024-01-06 16:45:00+00:00,0.62568724,0.9425741136074066
2024-01-06 17:00:00+00:00,0.6144295,0.9425741136074066
2024-01-06 17:15:00+00:00,0.6258218,0.9425741136074066
2024-01-06 17:30:00+00:00,0.61252767,0.9425741136074066
2024-01-06 17:45:00+00:00,0.597867,0.9425741136074066
2024-01-06 18:00:00+00:00,0.61280584,0.9425741136074066
2024-01-06 18:15:00+00:00,0.61666167,0.9425741136074066
2024-01-06 18:30:00+00:00,0.61565983,0.9425741136074066
2024-01-06 18:45:00+00:00,0.6199838,0.9425741136074066
2024-01-06 19:00:00+00:00,0.640815,0.9425741136074066
2024-01-06 19:15:00+00:00,0.6397122,0.9425741136074066
2024-01-06 19:30:00+00:00,0.6285515,0.9425741136074066
2024-01-06 19:45:00+00:00,0.64102376,0.9425741136074066
2024-01-06 20:00:00+00:00,0.64433414,0.9425741136074066
2024-01-06 20:15:00+00:00,0.6282028,0.9425741136074066
2024-01-06 20:30:00+00:00,0.6292647,0.9425741136074066
2024-01-06 20:45:00+00:00,0.6258817,0.9425741136074066
2024-01-06 21:00:00+00:00,0.63708866,0.9425741136074066
2024-01-06 21:15:00+00:00,0.6442802,0.9425741136074066
2024-01-06 21:30:00+00:00,0.6295965,0.9425741136074066
2024-01-06 21:45:00+00:00,0.64789665,0.9425741136074066
2024-01-06 22:00:00+00:00,0.6346276,0.9425741136074066
2024-01-06 22:15:00+00:00,0.6249312,0.9425741136074066
2024-01-06 22:30:00+00:00,0.6006609,0.9425741136074066
2024-01-06 22:45:00+00:00,0.60745907,0.9425741136074066
2024-01-06 23:00:00+00:00,0.6100148,0.9425741136074066
2024-01-06 23:15:00+00:00,0.62974906,0.9425741136074066
2024-01-06 23:30:00+00:00,0.63483256,0.9425741136074066
2024-01-06 23:45:00+00:00,0.6502736,0.9425741136074066
2024-01-07 00:00:00+00:00,0.6603981,0.9425741136074066
2024-01-07 00:15:00+00:00,0.6400814,0.9425741136074066
2024-01-07 00:30:00+00:00,0.6301068,0.9425741136074066
2024-01-07 00:45:00+00:00,0.62815535,0.9425741136074066
2024-01-07 01:00:00+00:00,0.6350032,0.9425741136074066
2024-01-07 01:15:00+00:00,0.62940073,0.9425741136074066
2024-01-07 01:30:00+00:00,0.6388359,0.9425741136074066
2024-01-07 01:45:00+00:00,0.63673633,0.9425741136074066
2024-01-07 02:00:00+00:00,0.63817954,0.9425741136074066
2024-01-07 02:15:00+00:00,0.6469506,0.9425741136074066
2024-01-07 02:30:00+00:00,0.65528136,0.9425741136074066
2024-01-07 02:45:00+00:00,0.65337163,0.9425741136074066
2024-01-07 03:00:00+00:00,0.6357915,0.9425741136074066
2024-01-07 03:15:00+00:00,0.633124,0.9425741136074066
2024-01-07 03:30:00+00:00,0.6288482,0.9425741136074066
2024-01-07 03:45:00+00:00,0.62757516,0.9425741136074066
2024-01-07 04:00:00+00:00,0.6266043,0.9425741136074066
2024-01-07 04:15:00+00:00,0.6394205,0.9425741136074066
2024-01-07 04:30:00+00:00,0.6391082,0.9425741136074066
2024-01-07 04:45:00+00:00,0.6317403,0.9425741136074066
2024-01-07 05:00:00+00:00,0.66401005,0.9425741136074066
2024-01-07 05:15:00+00:00,0.6997322,0.9425741136074066
2024-01-07 05:30:00+00:00,0.74626434,0.9425741136074066
2024-01-07 05:45:00+00:00,0.77372015,0.9425741136074066
2024-01-07 06:00:00+00:00,0.829896,0.9425741136074066
2024-01-07 06:15:00+00:00,0.8774682,0.9425741136074066
2024-01-07 06:30:00+00:00,0.8839732,0.9425741136074066
2024-01-07 06:45:00+00:00,0.87649596,0.9425741136074066
2024-01-07 07:00:00+00:00,0.89114505,0.9425741136074066
2024-01-07 07:15:00+00:00,0.8610651,0.9425741136074066
2024-01-07 07:30:00+00:00,0.8541233,0.9425741136074066
2024-01-07 07:45:00+00:00,0.84678906,0.9425741136074066
2024-01-07 08:00:00+00:00,0.8550362,0.9425741136074066
2024-01-07 08:15:00+00:00,0.8587211,0.9425741136074066
2024-01-07 08:30:00+00:00,0.8605108,0.9425741136074066
2024-01-07 08:45:00+00:00,0.85362446,0.9425741136074066
2024-01-07 09:00:00+00:00,0.8411757,0.9425741136074066
2024-01-07 09:15:00+00:00,0.8309688,0.9425741136074066
2024-01-07 09:30:00+00:00,0.82684636,0.9425741136074066
2024-01-07 09:45:00+00:00,0.81270015,0.9425741136074066
2024-01-07 10:00:00+00:00,0.8077047,0.9425741136074066
2024-01-07 10:15:00+00:00,0.8115976,0.9425741136074066
2024-01-07 10:30:00+00:00,0.795292,0.9425741136074066
2024-01-07 10:45:00+00:00,0.7949069,0.9425741136074066
2024-01-07 11:00:00+00:00,0.7968626,0.9425741136074066
2024-01-07 11:15:00+00:00,0.80138177,0.9425741136074066
2024-01-07 11:30:00+00:00,0.7937908,0.9425741136074066
2024-01-07 11:45:00+00:00,0.7934335,0.9425741136074066
2024-01-07 12:00:00+00:00,0.7908416,0.9425741136074066
2024-01-07 12:15:00+00:00,0.777128,0.9425741136074066
2024-01-07 12:30:00+00:00,0.7743244,0.9425741136074066
2024-01-07 12:45:00+00:00,0.781265,0.9425741136074066
2024-01-07 13:00:00+00:00,0.7496709,0.9425741136074066
2024-01-07 13:15:00+00:00,0.71745366,0.9425741136074066
2024-01-07 13:30:00+00:00,0.68409663,0.9425741136074066
2024-01-07 13:45:00+00:00,0.6481024,0.9425741136074066
2024-01-07 14:00:00+00:00,0.59528995,0.9425741136074066
2024-01-07 14:15:00+00:00,0.5613195,0.9425741136074066
2024-01-07 14:30:00+00:00,0.54765594,0.9425741136074066
2024-01-07 14:45:00+00:00,0.5446829,0.9425741136074066
2024-01-07 15:00:00+00:00,0.5421177,0.9425741136074066
2024-01-07 15:15:00+00:00,0.54826456,0.9425741136074066
2024-01-07 15:30:00+00:00,0.55651045,0.9425741136074066
2024-01-07 15:45:00+00:00,0.55427843,0.9425741136074066
2024-01-07 16:00:00+00:00,0.5654502,0.9425741136074066
2024-01-07 16:15:00+00:00,0.5676131,0.9425741136074066
2024-01-07 16:30:00+00:00,0.56610596,0.9425741136074066
2024-01-07 16:45:00+00:00,0.57765806,0.9425741136074066
2024-01-07 17:00:00+00:00,0.58065027,0.9425741136074066
2024-01-07 17:15:00+00:00,0.5847728,0.9425741136074066
2024-01-07 17:30:00+00:00,0.5841296,0.9425741136074066
2024-01-07 17:45:00+00:00,0.596673,0.9425741136074066
2024-01-07 18:00:00+00:00,0.59539235,0.9425741136074066
2024-01-07 18:15:00+00:00,0.5910707,0.9425741136074066
2024-01-07 18:30:00+00:00,0.60533637,0.9425741136074066
2024-01-07 18:45:00+00:00,0.59888244,0.9425741136074066
2024-01-07 19:00:00+00:00,0.58924997,0.9425741136074066
2024-01-07 19:15:00+00:00,0.5910276,0.9425741136074066
2024-01-07 19:30:00+00:00,0.6007111,0.9425741136074066
2024-01-07 19:45:00+00:00,0.61182153,0.9425741136074066
2024-01-07 20:00:00+00:00,0.61846924,0.9425741136074066
2024-01-07 20:15:00+00:00,0.62375754,0.9425741136074066
2024-01-07 20:30:00+00:00,0.62641966,0.9425741136074066
2024-01-07 20:45:00+00:00,0.62661695,0.9425741136074066
2024-01-07 21:00:00+00:00,0.6165288,0.9425741136074066
2024-01-07 21:15:00+00:00,0.6123095,0.9425741136074066
2024-01-07 21:30:00+00:00,0.59446985,0.9425741136074066
2024-01-07 21:45:00+00:00,0.5733107,0.9425741136074066
2024-01-07 22:00:00+00:00,0.5820335,0.9425741136074066
2024-01-07 22:15:00+00:00,0.588588,0.9425741136074066
2024-01-07 22:30:00+00:00,0.58814025,0.9425741136074066
2024-01-07 22:45:00+00:00,0.5987607,0.9425741136074066
2024-01-07 23:00:00+00:00,0.58678365,0.9425741136074066
2024-01-07 23:15:00+00:00,0.58763516,0.9425741136074066
2024-01-07 23:30:00+00:00,0.58352184,0.9425741136074066
2024-01-07 23:45:00+00:00,0.58642447,0.9425741136074066
2024-01-08 00:00:00+00:00,0.5834874,0.9425741136074066
2024-01-08 00:15:00+00:00,0.5907661,0.9425741136074066
2024-01-08 00:30:00+00:00,0.5963409,0.9425741136074066
2024-01-08 00:45:00+00:00,0.5816179,0.9425741136074066
2024-01-08 01:00:00+00:00,0.5827238,0.9425741136074066
2024-01-08 01:15:00+00:00,0.5874121,0.9425741136074066
2024-01-08 01:30:00+00:00,0.5899533,0.9425741136074066
2024-01-08 01:45:00+00:00,0.5829867,0.9425741136074066
2024-01-08 02:00:00+00:00,0.5817368,0.9425741136074066
2024-01-08 02:15:00+00:00,0.58010066,0.9425741136074066
2024-01-08 02:30:00+00:00,0.58033013,0.9425741136074066
2024-01-08 02:45:00+00:00,0.59246856,0.9425741136074066
2024-01-08 03:00:00+00:00,0.61163795,0.9425741136074066
2024-01-08 03:15:00+00:00,0.6019385,0.9425741136074066
2024-01-08 03:30:00+00:00,0.59482586,0.9425741136074066
2024-01-08 03:45:00+00:00,0.5901873,0.9425741136074066
2024-01-08 04:00:00+00:00,0.5947712,0.9425741136074066
2024-01-08 04:15:00+00:00,0.6057526,0.9425741136074066
2024-01-08 04:30:00+00:00,0.61436284,0.9425741136074066
2024-01-08 04:45:00+00:00,0.61703837,0.9425741136074066
2024-01-08 05:00:00+00:00,0.64834523,0.9425741136074066
2024-01-08 05:15:00+00:00,0.66364205,0.9425741136074066
2024-01-08 05:30:00+00:00,0.6725954,0.9425741136074066
2024-01-08 05:45:00+00:00,0.70397925,0.9425741136074066
2024-01-08 06:00:00+00:00,0.70915055,0.9425741136074066
2024-01-08 06:15:00+00:00,0.70295596,0.9425741136074066
2024-01-08 06:30:00+00:00,0.70221615,0.9425741136074066
2024-01-08 06:45:00+00:00,0.74910843,0.9425741136074066
2024-01-08 07:00:00+00:00,0.76701945,0.9425741136074066
2024-01-08 07:15:00+00:00,0.7618466,0.9425741136074066
2024-01-08 07:30:00+00:00,0.78138137,0.9425741136074066
2024-01-08 07:45:00+00:00,0.80115914,0.9425741136074066
2024-01-08 08:00:00+00:00,0.8050638,0.9425741136074066
2024-01-08 08:15:00+00:00,0.79219246,0.9425741136074066
2024-01-08 08:30:00+00:00,0.788762,0.9425741136074066
2024-01-08 08:45:00+00:00,0.79045916,0.9425741136074066
2024-01-08 09:00:00+00:00,0.79318976,0.9425741136074066
2024-01-08 09:15:00+00:00,0.78265923,0.9425741136074066
2024-01-08 09:30:00+00:00,0.77966917,0.9425741136074066
2024-01-08 09:45:00+00:00,0.78742725,0.9425741136074066
2024-01-08 10:00:00+00:00,0.7976273,0.9425741136074066
2024-01-08 10:15:00+00:00,0.794261,0.9425741136074066
2024-01-08 10:30:00+00:00,0.79339874,0.9425741136074066
2024-01-08 10:45:00+00:00,0.78773695,0.9425741136074066
2024-01-08 11:00:00+00:00,0.7878613,0.9425741136074066
2024-01-08 11:15:00+00:00,0.81162953,0.9425741136074066
2024-01-08 11:30:00+00:00,0.81088704,0.9425741136074066
2024-01-08 11:45:00+00:00,0.82010555,0.9425741136074066
2024-01-08 12:00:00+00:00,0.80778295,0.9425741136074066
2024-01-08 12:15:00+00:00,0.79923534,0.9425741136074066
2024-01-08 12:30:00+00:00,0.8065083,0.9425741136074066
2024-01-08 12:45:00+00:00,0.8084341,0.9425741136074066
2024-01-08 13:00:00+00:00,0.7702725,0.9425741136074066
2024-01-08 13:15:00+00:00,0.7611396,0.9425741136074066
2024-01-08 13:30:00+00:00,0.746012,0.9425741136074066
2024-01-08 13:45:00+00:00,0.7313112,0.9425741136074066
2024-01-08 14:00:00+00:00,0.73279107,0.9425741136074066
2024-01-08 14:15:00+00:00,0.7335639,0.9425741136074066
2024-01-08 14:30:00+00:00,0.7234364,0.9425741136074066
2024-01-08 14:45:00+00:00,0.68381196,0.9425741136074066
2024-01-08 15:00:00+00:00,0.66145897,0.9425741136074066
2024-01-08 15:15:00+00:00,0.64173436,0.9425741136074066
2024-01-08 15:30:00+00:00,0.6355263,0.9425741136074066
2024-01-08 15:45:00+00:00,0.6066197,0.9425741136074066
2024-01-08 16:00:00+00:00,0.5836024,0.9425741136074066
2024-01-08 16:15:00+00:00,0.5752075,0.9425741136074066
2024-01-08 16:30:00+00:00,0.58500075,0.9425741136074066
2024-01-08 16:45:00+00:00,0.606876,0.9425741136074066
2024-01-08 17:00:00+00:00,0.63287723,0.9425741136074066
2024-01-08 17:15:00+00:00,0.6396183,0.9425741136074066
2024-01-08 17:30:00+00:00,0.6283476,0.9425741136074066
2024-01-08 17:45:00+00:00,0.6191448,0.9425741136074066
2024-01-08 18:00:00+00:00,0.6154976,0.9425741136074066
2024-01-08 18:15:00+00:00,0.61616504,0.9425741136074066
2024-01-08 18:30:00+00:00,0.62512434,0.9425741136074066
2024-01-08 18:45:00+00:00,0.62636405,0.9425741136074066
2024-01-08 19:00:00+00:00,0.6231906,0.9425741136074066
2024-01-08 19:15:00+00:00,0.59125364,0.9425741136074066
2024-01-08 19:30:00+00:00,0.5935172,0.9425741136074066
2024-01-08 19:45:00+00:00,0.58854073,0.9425741136074066
2024-01-08 20:00:00+00:00,0.5915561,0.9425741136074066
2024-01-08 20:15:00+00:00,0.5842618,0.9425741136074066
2024-01-08 20:30:00+00:00,0.5805807,0.9425741136074066
2024-01-08 20:45:00+00:00,0.5753335,0.9425741136074066
2024-01-08 21:00:00+00:00,0.5796674,0.9425741136074066
2024-01-08 21:15:00+00:00,0.5742053,0.9425741136074066
2024-01-08 21:30:00+00:00,0.56896585,0.9425741136074066
2024-01-08 21:45:00+00:00,0.55958855,0.9425741136074066
2024-01-08 22:00:00+00:00,0.5651925,0.9425741136074066
2024-01-08 22:15:00+00:00,0.5727155,0.9425741136074066
2024-01-08 22:30:00+00:00,0.5762892,0.9425741136074066
2024-01-08 22:45:00+00:00,0.5570943,0.9425741136074066
2024-01-08 23:00:00+00:00,0.56559026,0.9425741136074066
2024-01-08 23:15:00+00:00,0.5704354,0.9425741136074066
2024-01-08 23:30:00+00:00,0.58172464,0.9425741136074066
2024-01-08 23:45:00+00:00,0.5788249,0.9425741136074066
2024-01-09 00:00:00+00:00,0.5787909,0.9425741136074066
2024-01-09 00:15:00+00:00,0.58682024,0.9425741136074066
2024-01-09 00:30:00+00:00,0.59709704,0.9425741136074066
2024-01-09 00:45:00+00:00,0.5916875,0.9425741136074066
2024-01-09 01:00:00+00:00,0.5690077,0.9425741136074066
2024-01-09 01:15:00+00:00,0.57383096,0.9425741136074066
2024-01-09 01:30:00+00:00,0.5833744,0.9425741136074066
2024-01-09 01:45:00+00:00,0.5796863,0.9425741136074066
2024-01-09 02:00:00+00:00,0.58329666,0.9425741136074066
2024-01-09 02:15:00+00:00,0.58721614,0.9425741136074066
2024-01-09 02:30:00+00:00,0.5952872,0.9425741136074066
2024-01-09 02:45:00+00:00,0.5973991,0.9425741136074066
2024-01-09 03:00:00+00:00,0.6098072,0.9425741136074066
2024-01-09 03:15:00+00:00,0.60171247,0.9425741136074066
2024-01-09 03:30:00+00:00,0.6152526,0.9425741136074066
2024-01-09 03:45:00+00:00,0.6233408,0.9425741136074066
2024-01-09 04:00:00+00:00,0.613206,0.9425741136074066
2024-01-09 04:15:00+00:00,0.62082547,0.9425741136074066
2024-01-09 04:30:00+00:00,0.61921716,0.9425741136074066
2024-01-09 04:45:00+00:00,0.63559675,0.9425741136074066
2024-01-09 05:00:00+00:00,0.63130885,0.9425741136074066
2024-01-09 05:15:00+00:00,0.63172114,0.9425741136074066
2024-01-09 05:30:00+00:00,0.63682365,0.9425741136074066
2024-01-09 05:45:00+00:00,0.6635515,0.9425741136074066
2024-01-09 06:00:00+00:00,0.65667415,0.9425741136074066
2024-01-09 06:15:00+00:00,0.642028,0.9425741136074066
2024-01-09 06:30:00+00:00,0.6458746,0.9425741136074066
2024-01-09 06:45:00+00:00,0.66673136,0.9425741136074066
2024-01-09 07:00:00+00:00,0.6523297,0.9425741136074066
2024-01-09 07:15:00+00:00,0.6522578,0.9425741136074066
2024-01-09 07:30:00+00:00,0.63780475,0.9425741136074066
2024-01-09 07:45:00+00:00,0.6252515,0.9425741136074066
2024-01-09 08:00:00+00:00,0.61209685,0.9425741136074066
2024-01-09 08:15:00+00:00,0.6075766,0.9425741136074066
2024-01-09 08:30:00+00:00,0.6671432,0.9425741136074066
2024-01-09 08:45:00+00:00,0.66132337,0.9425741136074066
2024-01-09 09:00:00+00:00,0.66599053,0.9425741136074066
2024-01-09 09:15:00+00:00,0.66694367,0.9425741136074066
2024-01-09 09:30:00+00:00,0.66736776,0.9425741136074066
2024-01-09 09:45:00+00:00,0.6688504,0.9425741136074066
2024-01-09 10:00:00+00:00,0.6745148,0.9425741136074066
2024-01-09 10:15:00+00:00,0.6848589,0.9425741136074066
2024-01-09 10:30:00+00:00,0.6864153,0.9425741136074066
2024-01-09 10:45:00+00:00,0.6850151,0.9425741136074066
2024-01-09 11:00:00+00:00,0.6826331,0.9425741136074066
2024-01-09 11:15:00+00:00,0.7029637,0.9425741136074066
2024-01-09 11:30:00+00:00,0.70815206,0.9425741136074066
2024-01-09 11:45:00+00:00,0.710405,0.9425741136074066
2024-01-09 12:00:00+00:00,0.73232305,0.9425741136074066
2024-01-09 12:15:00+00:00,0.74611,0.9425741136074066
2024-01-09 12:30:00+00:00,0.7599592,0.9425741136074066
2024-01-09 12:45:00+00:00,0.78997344,0.9425741136074066
2024-01-09 13:00:00+00:00,0.82828975,0.9425741136074066
2024-01-09 13:15:00+00:00,0.8760066,0.9425741136074066
2024-01-09 13:30:00+00:00,0.87643456,0.9425741136074066
2024-01-09 13:45:00+00:00,0.8477415,0.9425741136074066
2024-01-09 14:00:00+00:00,0.8546632,0.9425741136074066
2024-01-09 14:15:00+00:00,0.8649827,0.9425741136074066
2024-01-09 14:30:00+00:00,0.87014925,0.9425741136074066
2024-01-09 14:45:00+00:00,0.8383957,0.9425741136074066
2024-01-09 15:00:00+00:00,0.83623517,0.9425741136074066
2024-01-09 15:15:00+00:00,0.82077086,0.9425741136074066
2024-01-09 15:30:00+00:00,0.81300753,0.9425741136074066
2024-01-09 15:45:00+00:00,0.82027036,0.9425741136074066
2024-01-09 16:00:00+00:00,0.82542187,0.9425741136074066
2024-01-09 16:15:00+00:00,0.8360991,0.9425741136074066
2024-01-09 16:30:00+00:00,0.7832922,0.9425741136074066
2024-01-09 16:45:00+00:00,0.7862923,0.9425741136074066
2024-01-09 17:00:00+00:00,0.8028765,0.9425741136074066
2024-01-09 17:15:00+00:00,0.8207866,0.9425741136074066
2024-01-09 17:30:00+00:00,0.8268174,0.9425741136074066
2024-01-09 17:45:00+00:00,0.84231246,0.9425741136074066
2024-01-09 18:00:00+00:00,0.8373078,0.9425741136074066
2024-01-09 18:15:00+00:00,0.8309989,0.9425741136074066
2024-01-09 18:30:00+00:00,0.8255396,0.9425741136074066
2024-01-09 18:45:00+00:00,0.8087807,0.9425741136074066
2024-01-09 19:00:00+00:00,0.8121599,0.9425741136074066
2024-01-09 19:15:00+00:00,0.7987201,0.9425741136074066
2024-01-09 19:30:00+00:00,0.7940005,0.9425741136074066
2024-01-09 19:45:00+00:00,0.7668935,0.9425741136074066
2024-01-09 20:00:00+00:00,0.7430296,0.9425741136074066
2024-01-09 20:15:00+00:00,0.7315281,0.9425741136074066
2024-01-09 20:30:00+00:00,0.72052443,0.9425741136074066
2024-01-09 20:45:00+00:00,0.70295644,0.9425741136074066
2024-01-09 21:00:00+00:00,0.66970515,0.9425741136074066
2024-01-09 21:15:00+00:00,0.6106781,0.9425741136074066
2024-01-09 21:30:00+00:00,0.598537,0.9425741136074066
2024-01-09 21:45:00+00:00,0.60437346,0.9425741136074066
2024-01-09 22:00:00+00:00,0.6026523,0.9425741136074066
2024-01-09 22:15:00+00:00,0.5951086,0.9425741136074066
2024-01-09 22:30:00+00:00,0.60008633,0.9425741136074066
2024-01-09 22:45:00+00:00,0.6131352,0.9425741136074066
2024-01-09 23:00:00+00:00,0.6117214,0.9425741136074066
2024-01-09 23:15:00+00:00,0.6095449,0.9425741136074066
2024-01-09 23:30:00+00:00,0.603796,0.9425741136074066
2024-01-09 23:45:00+00:00,0.59778357,0.9425741136074066
2024-01-10 00:00:00+00:00,0.6053259,0.9425741136074066
2024-01-10 00:15:00+00:00,0.6072351,0.9425741136074066
2024-01-10 00:30:00+00:00,0.6097228,0.9425741136074066
2024-01-10 00:45:00+00:00,0.6069874,0.9425741136074066
2024-01-10 01:00:00+00:00,0.5909798,0.9425741136074066
2024-01-10 01:15:00+00:00,0.57274365,0.9425741136074066
2024-01-10 01:30:00+00:00,0.57401395,0.9425741136074066
2024-01-10 01:45:00+00:00,0.57315236,0.9425741136074066
2024-01-10 02:00:00+00:00,0.5789231,0.9425741136074066
2024-01-10 02:15:00+00:00,0.57150316,0.9425741136074066
2024-01-10 02:30:00+00:00,0.5645715,0.9425741136074066
2024-01-10 02:45:00+00:00,0.5581673,0.9425741136074066
2024-01-10 03:00:00+00:00,0.5515634,0.9425741136074066
2024-01-10 03:15:00+00:00,0.56262094,0.9425741136074066
2024-01-10 03:30:00+00:00,0.5832912,0.9425741136074066
2024-01-10 03:45:00+00:00,0.59346473,0.9425741136074066
2024-01-10 04:00:00+00:00,0.59252447,0.9425741136074066
2024-01-10 04:15:00+00:00,0.5836313,0.9425741136074066
2024-01-10 04:30:00+00:00,0.58042604,0.9425741136074066
2024-01-10 04:45:00+00:00,0.5623138,0.9425741136074066
2024-01-10 05:00:00+00:00,0.5518985,0.9425741136074066
2024-01-10 05:15:00+00:00,0.5617567,0.9425741136074066
2024-01-10 05:30:00+00:00,0.58798957,0.9425741136074066
2024-01-10 05:45:00+00:00,0.59813714,0.9425741136074066
2024-01-10 06:00:00+00:00,0.60006934,0.9425741136074066
2024-01-10 06:15:00+00:00,0.6094261,0.9425741136074066
2024-01-10 06:30:00+00:00,0.59213805,0.9425741136074066
2024-01-10 06:45:00+00:00,0.59393924,0.9425741136074066
2024-01-10 07:00:00+00:00,0.5944377,0.9425741136074066
2024-01-10 07:15:00+00:00,0.5912411,0.9425741136074066
2024-01-10 07:30:00+00:00,0.59950846,0.9425741136074066
2024-01-10 07:45:00+00:00,0.6331118,0.9425741136074066
2024-01-10 08:00:00+00:00,0.64053667,0.9425741136074066
2024-01-10 08:15:00+00:00,0.66650975,0.9425741136074066
2024-01-10 08:30:00+00:00,0.6594462,0.9425741136074066
2024-01-10 08:45:00+00:00,0.65579265,0.9425741136074066
2024-01-10 09:00:00+00:00,0.64418006,0.9425741136074066
2024-01-10 09:15:00+00:00,0.6400554,0.9425741136074066
2024-01-10 09:30:00+00:00,0.6298072,0.9425741136074066
2024-01-10 09:45:00+00:00,0.6555867,0.9425741136074066
2024-01-10 10:00:00+00:00,0.64711833,0.9425741136074066
2024-01-10 10:15:00+00:00,0.659048,0.9425741136074066
2024-01-10 10:30:00+00:00,0.66854817,0.9425741136074066
2024-01-10 10:45:00+00:00,0.6789698,0.9425741136074066
2024-01-10 11:00:00+00:00,0.677564,0.9425741136074066
2024-01-10 11:15:00+00:00,0.68585277,0.9425741136074066
2024-01-10 11:30:00+00:00,0.67182887,0.9425741136074066
2024-01-10 11:45:00+00:00,0.6724017,0.9425741136074066
2024-01-10 12:00:00+00:00,0.6664411,0.9425741136074066
2024-01-10 12:15:00+00:00,0.6676589,0.9425741136074066
2024-01-10 12:30:00+00:00,0.660088,0.9425741136074066
2024-01-10 12:45:00+00:00,0.66939896,0.9425741136074066
2024-01-10 13:00:00+00:00,0.67042834,0.9425741136074066
2024-01-10 13:15:00+00:00,0.6688471,0.9425741136074066
2024-01-10 13:30:00+00:00,0.6458571,0.9425741136074066
2024-01-10 13:45:00+00:00,0.6393217,0.9425741136074066
2024-01-10 14:00:00+00:00,0.65028787,0.9425741136074066
2024-01-10 14:15:00+00:00,0.6385281,0.9425741136074066
2024-01-10 14:30:00+00:00,0.64848477,0.9425741136074066
2024-01-10 14:45:00+00:00,0.63676524,0.9425741136074066
2024-01-10 15:00:00+00:00,0.6279347,0.9425741136074066
2024-01-10 15:15:00+00:00,0.62835723,0.9425741136074066
2024-01-10 15:30:00+00:00,0.63240236,0.9425741136074066
2024-01-10 15:45:00+00:00,0.5959964,0.9425741136074066
2024-01-10 16:00:00+00:00,0.5773264,0.9425741136074066
2024-01-10 16:15:00+00:00,0.5819105,0.9425741136074066
2024-01-10 16:30:00+00:00,0.5905061,0.9425741136074066
2024-01-10 16:45:00+00:00,0.6032699,0.9425741136074066
2024-01-10 17:00:00+00:00,0.6110015,0.9425741136074066
2024-01-10 17:15:00+00:00,0.62109727,0.9425741136074066
2024-01-10 17:30:00+00:00,0.6362848,0.9425741136074066
2024-01-10 17:45:00+00:00,0.5915549,0.9425741136074066
2024-01-10 18:00:00+00:00,0.6032127,0.9425741136074066
2024-01-10 18:15:00+00:00,0.58000326,0.9425741136074066
2024-01-10 18:30:00+00:00,0.573974,0.9425741136074066
2024-01-10 18:45:00+00:00,0.5804808,0.9425741136074066
2024-01-10 19:00:00+00:00,0.57817554,0.9425741136074066
2024-01-10 19:15:00+00:00,0.56832683,0.9425741136074066
2024-01-10 19:30:00+00:00,0.56915367,0.9425741136074066
2024-01-10 19:45:00+00:00,0.5769961,0.9425741136074066
2024-01-10 20:00:00+00:00,0.5769681,0.9425741136074066
2024-01-10 20:15:00+00:00,0.57927334,0.9425741136074066
2024-01-10 20:30:00+00:00,0.5713452,0.9425741136074066
2024-01-10 20:45:00+00:00,0.5693497,0.9425741136074066
2024-01-10 21:00:00+00:00,0.5652617,0.9425741136074066
2024-01-10 21:15:00+00:00,0.58507323,0.9425741136074066
2024-01-10 21:30:00+00:00,0.5843463,0.9425741136074066
2024-01-10 21:45:00+00:00,0.57905304,0.9425741136074066
2024-01-10 22:00:00+00:00,0.57739866,0.9425741136074066
2024-01-10 22:15:00+00:00,0.5784868,0.9425741136074066
2024-01-10 22:30:00+00:00,0.57383054,0.9425741136074066
2024-01-10 22:45:00+00:00,0.5725879,0.9425741136074066
2024-01-10 23:00:00+00:00,0.5737415,0.9425741136074066
2024-01-10 23:15:00+00:00,0.57187873,0.9425741136074066
2024-01-10 23:30:00+00:00,0.5658876,0.9425741136074066
2024-01-10 23:45:00+00:00,0.5624763,0.9425741136074066
2024-01-11 00:00:00+00:00,0.5721069,0.9425741136074066
2024-01-11 00:15:00+00:00,0.5601591,0.9425741136074066
2024-01-11 00:30:00+00:00,0.56528246,0.9425741136074066
2024-01-11 00:45:00+00:00,0.5602059,0.9425741136074066
2024-01-11 01:00:00+00:00,0.5499953,0.9425741136074066
2024-01-11 01:15:00+00:00,0.5703587,0.9425741136074066
2024-01-11 01:30:00+00:00,0.5749459,0.9425741136074066
2024-01-11 01:45:00+00:00,0.58221924,0.9425741136074066
2024-01-11 02:00:00+00:00,0.58374774,0.9425741136074066
2024-01-11 02:15:00+00:00,0.5929301,0.9425741136074066
2024-01-11 02:30:00+00:00,0.600664,0.9425741136074066
2024-01-11 02:45:00+00:00,0.59420824,0.9425741136074066
2024-01-11 03:00:00+00:00,0.58542794,0.9425741136074066
2024-01-11 03:15:00+00:00,0.58206916,0.9425741136074066
2024-01-11 03:30:00+00:00,0.5923269,0.9425741136074066
2024-01-11 03:45:00+00:00,0.59400403,0.9425741136074066
2024-01-11 04:00:00+00:00,0.61188596,0.9425741136074066
2024-01-11 04:15:00+00:00,0.63511896,0.9425741136074066
2024-01-11 04:30:00+00:00,0.64797926,0.9425741136074066
2024-01-11 04:45:00+00:00,0.6446902,0.9425741136074066
2024-01-11 05:00:00+00:00,0.6681057,0.9425741136074066
2024-01-11 05:15:00+00:00,0.6317929,0.9425741136074066
2024-01-11 05:30:00+00:00,0.62806296,0.9425741136074066
2024-01-11 05:45:00+00:00,0.63997793,0.9425741136074066
2024-01-11 06:00:00+00:00,0.632743,0.9425741136074066
2024-01-11 06:15:00+00:00,0.63542885,0.9425741136074066
2024-01-11 06:30:00+00:00,0.62392545,0.9425741136074066
2024-01-11 06:45:00+00:00,0.6322082,0.9425741136074066
2024-01-11 07:00:00+00:00,0.62701607,0.9425741136074066
2024-01-11 07:15:00+00:00,0.6192254,0.9425741136074066
2024-01-11 07:30:00+00:00,0.61166096,0.9425741136074066
2024-01-11 07:45:00+00:00,0.6098958,0.9425741136074066
2024-01-11 08:00:00+00:00,0.61366516,0.9425741136074066
2024-01-11 08:15:00+00:00,0.6273869,0.9425741136074066
2024-01-11 08:30:00+00:00,0.6214424,0.9425741136074066
2024-01-11 08:45:00+00:00,0.62581325,0.9425741136074066
2024-01-11 09:00:00+00:00,0.6349027,0.9425741136074066
2024-01-11 09:15:00+00:00,0.61217815,0.9425741136074066
2024-01-11 09:30:00+00:00,0.6077221,0.9425741136074066
2024-01-11 09:45:00+00:00,0.594975,0.9425741136074066
2024-01-11 10:00:00+00:00,0.5887508,0.9425741136074066
2024-01-11 10:15:00+00:00,0.5867455,0.9425741136074066
2024-01-11 10:30:00+00:00,0.58404076,0.9425741136074066
2024-01-11 10:45:00+00:00,0.5827117,0.9425741136074066
2024-01-11 11:00:00+00:00,0.58998257,0.9425741136074066
2024-01-11 11:15:00+00:00,0.597412,0.9425741136074066
2024-01-11 11:30:00+00:00,0.5920324,0.9425741136074066
2024-01-11 11:45:00+00:00,0.60173917,0.9425741136074066
2024-01-11 12:00:00+00:00,0.61017287,0.9425741136074066
2024-01-11 12:15:00+00:00,0.59968954,0.9425741136074066
2024-01-11 12:30:00+00:00,0.60563266,0.9425741136074066
2024-01-11 12:45:00+00:00,0.6150649,0.9425741136074066
2024-01-11 13:00:00+00:00,0.59905875,0.9425741136074066
2024-01-11 13:15:00+00:00,0.60258746,0.9425741136074066
2024-01-11 13:30:00+00:00,0.6005063,0.9425741136074066
2024-01-11 13:45:00+00:00,0.58056253,0.9425741136074066
2024-01-11 14:00:00+00:00,0.5892464,0.9425741136074066
2024-01-11 14:15:00+00:00,0.58134246,0.9425741136074066
2024-01-11 14:30:00+00:00,0.5838879,0.9425741136074066
2024-01-11 14:45:00+00:00,0.60467833,0.9425741136074066
2024-01-11 15:00:00+00:00,0.6075754,0.9425741136074066
2024-01-11 15:15:00+00:00,0.62345845,0.9425741136074066
2024-01-11 15:30:00+00:00,0.62571555,0.9425741136074066
2024-01-11 15:45:00+00:00,0.62306064,0.9425741136074066
2024-01-11 16:00:00+00:00,0.6317227,0.9425741136074066
2024-01-11 16:15:00+00:00,0.6280295,0.9425741136074066
2024-01-11 16:30:00+00:00,0.6386063,0.9425741136074066
2024-01-11 16:45:00+00:00,0.64835167,0.9425741136074066
2024-01-11 17:00:00+00:00,0.6409838,0.9425741136074066
2024-01-11 17:15:00+00:00,0.6358844,0.9425741136074066
2024-01-11 17:30:00+00:00,0.64390874,0.9425741136074066
2024-01-11 17:45:00+00:00,0.64991283,0.9425741136074066
2024-01-11 18:00:00+00:00,0.6586164,0.9425741136074066
2024-01-11 18:15:00+00:00,0.6723738,0.9425741136074066
2024-01-11 18:30:00+00:00,0.6898678,0.9425741136074066
2024-01-11 18:45:00+00:00,0.7033912,0.9425741136074066
2024-01-11 19:00:00+00:00,0.710676,0.9425741136074066
2024-01-11 19:15:00+00:00,0.72390467,0.9425741136074066
2024-01-11 19:30:00+00:00,0.7368812,0.9425741136074066
2024-01-11 19:45:00+00:00,0.7364242,0.9425741136074066
2024-01-11 20:00:00+00:00,0.7547288,0.9425741136074066
2024-01-11 20:15:00+00:00,0.77121556,0.9425741136074066
2024-01-11 20:30:00+00:00,0.80949605,0.9425741136074066
2024-01-11 20:45:00+00:00,0.780102,0.9425741136074066
2024-01-11 21:00:00+00:00,0.7837703,0.9425741136074066
2024-01-11 21:15:00+00:00,0.78453135,0.9425741136074066
2024-01-11 21:30:00+00:00,0.79179543,0.9425741136074066
2024-01-11 21:45:00+00:00,0.7985113,0.9425741136074066
2024-01-11 22:00:00+00:00,0.7819472,0.9425741136074066
2024-01-11 22:15:00+00:00,0.7841345,0.9425741136074066
2024-01-11 22:30:00+00:00,0.78421515,0.9425741136074066
2024-01-11 22:45:00+00:00,0.757962,0.9425741136074066
2024-01-11 23:00:00+00:00,0.7607366,0.9425741136074066
2024-01-11 23:15:00+00:00,0.7751235,0.9425741136074066
2024-01-11 23:30:00+00:00,0.7884071,0.9425741136074066
2024-01-11 23:45:00+00:00,0.7882792,0.9425741136074066
2024-01-12 00:00:00+00:00,0.7972419,0.9425741136074066
2024-01-12 00:15:00+00:00,0.79951227,0.9425741136074066
2024-01-12 00:30:00+00:00,0.811842,0.9425741136074066
2024-01-12 00:45:00+00:00,0.797007,0.9425741136074066
2024-01-12 01:00:00+00:00,0.8099712,0.9425741136074066
2024-01-12 01:15:00+00:00,0.81555367,0.9425741136074066
2024-01-12 01:30:00+00:00,0.78341323,0.9425741136074066
2024-01-12 01:45:00+00:00,0.771875,0.9425741136074066
2024-01-12 02:00:00+00:00,0.76613677,0.9425741136074066
2024-01-12 02:15:00+00:00,0.76028574,0.9425741136074066
2024-01-12 02:30:00+00:00,0.7424909,0.9425741136074066
2024-01-12 02:45:00+00:00,0.72277844,0.9425741136074066
2024-01-12 03:00:00+00:00,0.7100609,0.9425741136074066
2024-01-12 03:15:00+00:00,0.68676734,0.9425741136074066
2024-01-12 03:30:00+00:00,0.6824802,0.9425741136074066
2024-01-12 03:45:00+00:00,0.68818235,0.9425741136074066
2024-01-12 04:00:00+00:00,0.65194845,0.9425741136074066
2024-01-12 04:15:00+00:00,0.6353478,0.9425741136074066
2024-01-12 04:30:00+00:00,0.6077179,0.9425741136074066
2024-01-12 04:45:00+00:00,0.61721087,0.9425741136074066
2024-01-12 05:00:00+00:00,0.61364174,0.9425741136074066
2024-01-12 05:15:00+00:00,0.6262171,0.9425741136074066
2024-01-12 05:30:00+00:00,0.62197864,0.9425741136074066
2024-01-12 05:45:00+00:00,0.6416742,0.9425741136074066
2024-01-12 06:00:00+00:00,0.6327585,0.9425741136074066
2024-01-12 06:15:00+00:00,0.6278802,0.9425741136074066
2024-01-12 06:30:00+00:00,0.6076857,0.9425741136074066
2024-01-12 06:45:00+00:00,0.61095923,0.9425741136074066
2024-01-12 07:00:00+00:00,0.6320447,0.9425741136074066
2024-01-12 07:15:00+00:00,0.625597,0.9425741136074066
2024-01-12 07:30:00+00:00,0.6188279,0.9425741136074066
2024-01-12 07:45:00+00:00,0.6258957,0.9425741136074066
2024-01-12 08:00:00+00:00,0.6003875,0.9425741136074066
2024-01-12 08:15:00+00:00,0.60286385,0.9425741136074066
2024-01-12 08:30:00+00:00,0.5883136,0.9425741136074066
2024-01-12 08:45:00+00:00,0.5901421,0.9425741136074066
2024-01-12 09:00:00+00:00,0.5943226,0.9425741136074066
2024-01-12 09:15:00+00:00,0.58865905,0.9425741136074066
2024-01-12 09:30:00+00:00,0.5970359,0.9425741136074066
2024-01-12 09:45:00+00:00,0.61378527,0.9425741136074066
2024-01-12 10:00:00+00:00,0.60322785,0.9425741136074066
2024-01-12 10:15:00+00:00,0.6004375,0.9425741136074066
2024-01-12 10:30:00+00:00,0.62238747,0.9425741136074066
2024-01-12 10:45:00+00:00,0.6345612,0.9425741136074066
2024-01-12 11:00:00+00:00,0.65744746,0.9425741136074066
2024-01-12 11:15:00+00:00,0.65520036,0.9425741136074066
2024-01-12 11:30:00+00:00,0.6544566,0.9425741136074066
2024-01-12 11:45:00+00:00,0.64067227,0.9425741136074066
2024-01-12 12:00:00+00:00,0.64469385,0.9425741136074066
2024-01-12 12:15:00+00:00,0.6435653,0.9425741136074066
2024-01-12 12:30:00+00:00,0.6407093,0.9425741136074066
2024-01-12 12:45:00+00:00,0.6561036,0.9425741136074066
2024-01-12 13:00:00+00:00,0.6465833,0.9425741136074066
2024-01-12 13:15:00+00:00,0.6270854,0.9425741136074066
2024-01-12 13:30:00+00:00,0.6336335,0.9425741136074066
2024-01-12 13:45:00+00:00,0.5998993,0.9425741136074066
2024-01-12 14:00:00+00:00,0.609565,0.9425741136074066
2024-01-12 14:15:00+00:00,0.60884416,0.9425741136074066
2024-01-12 14:30:00+00:00,0.6184214,0.9425741136074066
2024-01-12 14:45:00+00:00,0.61826795,0.9425741136074066
2024-01-12 15:00:00+00:00,0.5801663,0.9425741136074066
2024-01-12 15:15:00+00:00,0.58647126,0.9425741136074066
2024-01-12 15:30:00+00:00,0.58900344,0.9425741136074066
2024-01-12 15:45:00+00:00,0.60160834,0.9425741136074066
2024-01-12 16:00:00+00:00,0.60981244,0.9425741136074066
2024-01-12 16:15:00+00:00,0.6103465,0.9425741136074066
2024-01-12 16:30:00+00:00,0.61863965,0.9425741136074066
2024-01-12 16:45:00+00:00,0.643723,0.9425741136074066
2024-01-12 17:00:00+00:00,0.6338726,0.9425741136074066
2024-01-12 17:15:00+00:00,0.63318396,0.9425741136074066
2024-01-12 17:30:00+00:00,0.65326923,0.9425741136074066
2024-01-12 17:45:00+00:00,0.6480533,0.9425741136074066
2024-01-12 18:00:00+00:00,0.6390503,0.9425741136074066
2024-01-12 18:15:00+00:00,0.6457782,0.9425741136074066
2024-01-12 18:30:00+00:00,0.6342588,0.9425741136074066
2024-01-12 18:45:00+00:00,0.6176665,0.9425741136074066
2024-01-12 19:00:00+00:00,0.5970937,0.9425741136074066
2024-01-12 19:15:00+00:00,0.5883093,0.9425741136074066
2024-01-12 19:30:00+00:00,0.5783508,0.9425741136074066
2024-01-12 19:45:00+00:00,0.57773745,0.9425741136074066
2024-01-12 20:00:00+00:00,0.58256745,0.9425741136074066
2024-01-12 20:15:00+00:00,0.59258497,0.9425741136074066
2024-01-12 20:30:00+00:00,0.6013735,0.9425741136074066
2024-01-12 20:45:00+00:00,0.60329306,0.9425741136074066
2024-01-12 21:00:00+00:00,0.5936222,0.9425741136074066
2024-01-12 21:15:00+00:00,0.59148216,0.9425741136074066
2024-01-12 21:30:00+00:00,0.59626293,0.9425741136074066
2024-01-12 21:45:00+00:00,0.58903253,0.9425741136074066
2024-01-12 22:00:00+00:00,0.58720326,0.9425741136074066
2024-01-12 22:15:00+00:00,0.5969485,0.9425741136074066
2024-01-12 22:30:00+00:00,0.59147763,0.9425741136074066
2024-01-12 22:45:00+00:00,0.62857366,0.9425741136074066
2024-01-12 23:00:00+00:00,0.65186614,0.9425741136074066
2024-01-12 23:15:00+00:00,0.67992413,0.9425741136074066
2024-01-12 23:30:00+00:00,0.7150698,0.9425741136074066
2024-01-12 23:45:00+00:00,0.7482647,0.9425741136074066
2024-01-13 00:00:00+00:00,0.78159964,0.9425741136074066
2024-01-13 00:15:00+00:00,0.8209056,0.9425741136074066
2024-01-13 00:30:00+00:00,0.84687257,0.9425741136074066
2024-01-13 00:45:00+00:00,0.8770695,0.9425741136074066
2024-01-13 01:00:00+00:00,0.9101692,0.9425741136074066
2024-01-13 01:15:00+00:00,0.95056176,0.9425741136074066
2024-01-13 01:30:00+00:00,0.9788487,0.9425741136074066
2024-01-13 01:45:00+00:00,1.0385835,0.9425741136074066
2024-01-13 02:00:00+00:00,1.0830643,0.9425741136074066
2024-01-13 02:15:00+00:00,1.0688674,0.9425741136074066
2024-01-13 02:30:00+00:00,1.0663538,0.9425741136074066
2024-01-13 02:45:00+00:00,1.0712194,0.9425741136074066
2024-01-13 03:00:00+00:00,1.0882552,0.9425741136074066
2024-01-13 03:15:00+00:00,1.0925493,0.9425741136074066
2024-01-13 03:30:00+00:00,1.1133531,0.9425741136074066
2024-01-13 03:45:00+00:00,1.1355562,0.9425741136074066
2024-01-13 04:00:00+00:00,1.1498809,0.9425741136074066
2024-01-13 04:15:00+00:00,1.150207,0.9425741136074066
2024-01-13 04:30:00+00:00,1.1403792,0.9425741136074066
2024-01-13 04:45:00+00:00,1.139511,0.9425741136074066
2024-01-13 05:00:00+00:00,1.2355442,0.9425741136074066
2024-01-13 05:15:00+00:00,1.2221287,0.9425741136074066
2024-01-13 05:30:00+00:00,1.2059374,0.9425741136074066
2024-01-13 05:45:00+00:00,1.2012994,0.9425741136074066
2024-01-13 06:00:00+00:00,1.1971737,0.9425741136074066
2024-01-13 06:15:00+00:00,1.2017534,0.9425741136074066
2024-01-13 06:30:00+00:00,1.200258,0.9425741136074066
2024-01-13 06:45:00+00:00,1.1614887,0.9425741136074066
2024-01-13 07:00:00+00:00,1.1316829,0.9425741136074066
2024-01-13 07:15:00+00:00,1.0987659,0.9425741136074066
2024-01-13 07:30:00+00:00,1.0604123,0.9425741136074066
2024-01-13 07:45:00+00:00,1.0188556,0.9425741136074066
2024-01-13 08:00:00+00:00,0.98117197,0.9425741136074066
2024-01-13 08:15:00+00:00,0.94710356,0.9425741136074066
2024-01-13 08:30:00+00:00,0.928975,0.9425741136074066
2024-01-13 08:45:00+00:00,0.8779535,0.9425741136074066
2024-01-13 09:00:00+00:00,0.8452604,0.9425741136074066
2024-01-13 09:15:00+00:00,0.808311,0.9425741136074066
2024-01-13 09:30:00+00:00,0.7662342,0.9425741136074066
2024-01-13 09:45:00+00:00,0.69916844,0.9425741136074066
2024-01-13 10:00:00+00:00,0.65096116,0.9425741136074066
2024-01-13 10:15:00+00:00,0.6656353,0.9425741136074066
2024-01-13 10:30:00+00:00,0.66692877,0.9425741136074066
2024-01-13 10:45:00+00:00,0.66743994,0.9425741136074066
2024-01-13 11:00:00+00:00,0.6522519,0.9425741136074066
2024-01-13 11:15:00+00:00,0.6522269,0.9425741136074066
2024-01-13 11:30:00+00:00,0.64873505,0.9425741136074066
2024-01-13 11:45:00+00:00,0.64306176,0.9425741136074066
2024-01-13 12:00:00+00:00,0.64281213,0.9425741136074066
2024-01-13 12:15:00+00:00,0.6447528,0.9425741136074066
2024-01-13 12:30:00+00:00,0.6569636,0.9425741136074066
2024-01-13 12:45:00+00:00,0.6612802,0.9425741136074066
2024-01-13 13:00:00+00:00,0.571628,0.9425741136074066
2024-01-13 13:15:00+00:00,0.56261665,0.9425741136074066
2024-01-13 13:30:00+00:00,0.5836705,0.9425741136074066
2024-01-13 13:45:00+00:00,0.58169854,0.9425741136074066
2024-01-13 14:00:00+00:00,0.5769735,0.9425741136074066
2024-01-13 14:15:00+00:00,0.56830746,0.9425741136074066
2024-01-13 14:30:00+00:00,0.55565226,0.9425741136074066
2024-01-13 14:45:00+00:00,0.5332169,0.9425741136074066
2024-01-13 15:00:00+00:00,0.5419541,0.9425741136074066
2024-01-13 15:15:00+00:00,0.5348849,0.9425741136074066
2024-01-13 15:30:00+00:00,0.5487305,0.9425741136074066
2024-01-13 15:45:00+00:00,0.5398444,0.9425741136074066
2024-01-13 16:00:00+00:00,0.5535902,0.9425741136074066
2024-01-13 16:15:00+00:00,0.5605724,0.9425741136074066
2024-01-13 16:30:00+00:00,0.5641326,0.9425741136074066
2024-01-13 16:45:00+00:00,0.56257224,0.9425741136074066
2024-01-13 17:00:00+00:00,0.5646448,0.9425741136074066
2024-01-13 17:15:00+00:00,0.58618414,0.9425741136074066
2024-01-13 17:30:00+00:00,0.5723267,0.9425741136074066
2024-01-13 17:45:00+00:00,0.56306803,0.9425741136074066
2024-01-13 18:00:00+00:00,0.57265186,0.9425741136074066
2024-01-13 18:15:00+00:00,0.56867534,0.9425741136074066
2024-01-13 18:30:00+00:00,0.5667131,0.9425741136074066
2024-01-13 18:45:00+00:00,0.56002486,0.9425741136074066
2024-01-13 19:00:00+00:00,0.566597,0.9425741136074066
2024-01-13 19:15:00+00:00,0.57321286,0.9425741136074066
2024-01-13 19:30:00+00:00,0.5594641,0.9425741136074066
2024-01-13 19:45:00+00:00,0.55972636,0.9425741136074066
2024-01-13 20:00:00+00:00,0.57342124,0.9425741136074066
2024-01-13 20:15:00+00:00,0.57550216,0.9425741136074066
2024-01-13 20:30:00+00:00,0.5772601,0.9425741136074066
2024-01-13 20:45:00+00:00,0.57774615,0.9425741136074066
2024-01-13 21:00:00+00:00,0.57259536,0.9425741136074066
2024-01-13 21:15:00+00:00,0.5794674,0.9425741136074066
2024-01-13 21:30:00+00:00,0.55542874,0.9425741136074066
2024-01-13 21:45:00+00:00,0.563247,0.9425741136074066
2024-01-13 22:00:00+00:00,0.57109815,0.9425741136074066
2024-01-13 22:15:00+00:00,0.57238686,0.9425741136074066
2024-01-13 22:30:00+00:00,0.5801081,0.9425741136074066
2024-01-13 22:45:00+00:00,0.59175766,0.9425741136074066
2024-01-13 23:00:00+00:00,0.59033406,0.9425741136074066
2024-01-13 23:15:00+00:00,0.59186906,0.9425741136074066
2024-01-13 23:30:00+00:00,0.5727632,0.9425741136074066
2024-01-13 23:45:00+00:00,0.5828567,0.9425741136074066
2024-01-14 00:00:00+00:00,0.5680215,0.9425741136074066
2024-01-14 00:15:00+00:00,0.56134105,0.9425741136074066
2024-01-14 00:30:00+00:00,0.5595591,0.9425741136074066
2024-01-14 00:45:00+00:00,0.56518805,0.9425741136074066
2024-01-14 01:00:00+00:00,0.5622244,0.9425741136074066
2024-01-14 01:15:00+00:00,0.551612,0.9425741136074066
2024-01-14 01:30:00+00:00,0.5564656,0.9425741136074066
2024-01-14 01:45:00+00:00,0.559526,0.9425741136074066
2024-01-14 02:00:00+00:00,0.5591648,0.9425741136074066
2024-01-14 02:15:00+00:00,0.5607935,0.9425741136074066
2024-01-14 02:30:00+00:00,0.55304706,0.9425741136074066
2024-01-14 02:45:00+00:00,0.5527481,0.9425741136074066
2024-01-14 03:00:00+00:00,0.5575448,0.9425741136074066
2024-01-14 03:15:00+00:00,0.5694764,0.9425741136074066
2024-01-14 03:30:00+00:00,0.5735848,0.9425741136074066
2024-01-14 03:45:00+00:00,0.57142293,0.9425741136074066
2024-01-14 04:00:00+00:00,0.5610192,0.9425741136074066
2024-01-14 04:15:00+00:00,0.55662227,0.9425741136074066
2024-01-14 04:30:00+00:00,0.54935265,0.9425741136074066
2024-01-14 04:45:00+00:00,0.5743592,0.9425741136074066
2024-01-14 05:00:00+00:00,0.58777034,0.9425741136074066
2024-01-14 05:15:00+00:00,0.58644855,0.9425741136074066
2024-01-14 05:30:00+00:00,0.6250656,0.9425741136074066
2024-01-14 05:45:00+00:00,0.6352104,0.9425741136074066
2024-01-14 06:00:00+00:00,0.6328414,0.9425741136074066
2024-01-14 06:15:00+00:00,0.6278657,0.9425741136074066
2024-01-14 06:30:00+00:00,0.62572163,0.9425741136074066
2024-01-14 06:45:00+00:00,0.6321349,0.9425741136074066
2024-01-14 07:00:00+00:00,0.65113604,0.9425741136074066
2024-01-14 07:15:00+00:00,0.6735306,0.9425741136074066
2024-01-14 07:30:00+00:00,0.6727921,0.9425741136074066
2024-01-14 07:45:00+00:00,0.6446485,0.9425741136074066
2024-01-14 08:00:00+00:00,0.63854396,0.9425741136074066
2024-01-14 08:15:00+00:00,0.63571525,0.9425741136074066
2024-01-14 08:30:00+00:00,0.64304256,0.9425741136074066
2024-01-14 08:45:00+00:00,0.66866213,0.9425741136074066
2024-01-14 09:00:00+00:00,0.66479075,0.9425741136074066
2024-01-14 09:15:00+00:00,0.6900407,0.9425741136074066
2024-01-14 09:30:00+00:00,0.7042929,0.9425741136074066
2024-01-14 09:45:00+00:00,0.70387024,0.9425741136074066
2024-01-14 10:00:00+00:00,0.7234239,0.9425741136074066
2024-01-14 10:15:00+00:00,0.7283166,0.9425741136074066
2024-01-14 10:30:00+00:00,0.7333185,0.9425741136074066
2024-01-14 10:45:00+00:00,0.73925626,0.9425741136074066
2024-01-14 11:00:00+00:00,0.73790765,0.9425741136074066
2024-01-14 11:15:00+00:00,0.72747564,0.9425741136074066
2024-01-14 11:30:00+00:00,0.7265384,0.9425741136074066
2024-01-14 11:45:00+00:00,0.72522384,0.9425741136074066
2024-01-14 12:00:00+00:00,0.7317859,0.9425741136074066
2024-01-14 12:15:00+00:00,0.73586047,0.9425741136074066
2024-01-14 12:30:00+00:00,0.7540176,0.9425741136074066
2024-01-14 12:45:00+00:00,0.7310833,0.9425741136074066
2024-01-14 13:00:00+00:00,0.7278421,0.9425741136074066
2024-01-14 13:15:00+00:00,0.7569077,0.9425741136074066
2024-01-14 13:30:00+00:00,0.7229036,0.9425741136074066
2024-01-14 13:45:00+00:00,0.71917236,0.9425741136074066
2024-01-14 14:00:00+00:00,0.7034148,0.9425741136074066
2024-01-14 14:15:00+00:00,0.69403607,0.9425741136074066
2024-01-14 14:30:00+00:00,0.70390403,0.9425741136074066
2024-01-14 14:45:00+00:00,0.68194896,0.9425741136074066
2024-01-14 15:00:00+00:00,0.68104,0.9425741136074066
2024-01-14 15:15:00+00:00,0.65623313,0.9425741136074066
2024-01-14 15:30:00+00:00,0.65517974,0.9425741136074066
2024-01-14 15:45:00+00:00,0.668383,0.9425741136074066
2024-01-14 16:00:00+00:00,0.66939604,0.9425741136074066
2024-01-14 16:15:00+00:00,0.6779463,0.9425741136074066
2024-01-14 16:30:00+00:00,0.688816,0.9425741136074066
2024-01-14 16:45:00+00:00,0.6685494,0.9425741136074066
2024-01-14 17:00:00+00:00,0.67438376,0.9425741136074066
2024-01-14 17:15:00+00:00,0.66215813,0.9425741136074066
2024-01-14 17:30:00+00:00,0.65313345,0.9425741136074066
2024-01-14 17:45:00+00:00,0.6733619,0.9425741136074066
2024-01-14 18:00:00+00:00,0.64392436,0.9425741136074066
2024-01-14 18:15:00+00:00,0.6273471,0.9425741136074066
2024-01-14 18:30:00+00:00,0.6272993,0.9425741136074066
2024-01-14 18:45:00+00:00,0.6333715,0.9425741136074066
2024-01-14 19:00:00+00:00,0.63944316,0.9425741136074066
2024-01-14 19:15:00+00:00,0.6503004,0.9425741136074066
2024-01-14 19:30:00+00:00,0.6500801,0.9425741136074066
2024-01-14 19:45:00+00:00,0.6563548,0.9425741136074066
2024-01-14 20:00:00+00:00,0.6457914,0.9425741136074066
2024-01-14 20:15:00+00:00,0.64369214,0.9425741136074066
2024-01-14 20:30:00+00:00,0.64864373,0.9425741136074066
2024-01-14 20:45:00+00:00,0.6435728,0.9425741136074066
2024-01-14 21:00:00+00:00,0.6227195,0.9425741136074066
2024-01-14 21:15:00+00:00,0.6126735,0.9425741136074066
2024-01-14 21:30:00+00:00,0.5927282,0.9425741136074066
2024-01-14 21:45:00+00:00,0.57989144,0.9425741136074066
2024-01-14 22:00:00+00:00,0.5837985,0.9425741136074066
2024-01-14 22:15:00+00:00,0.58530205,0.9425741136074066
2024-01-14 22:30:00+00:00,0.5946989,0.9425741136074066
2024-01-14 22:45:00+00:00,0.59390175,0.9425741136074066
2024-01-14 23:00:00+00:00,0.58182454,0.9425741136074066
2024-01-14 23:15:00+00:00,0.58159304,0.9425741136074066
2024-01-14 23:30:00+00:00,0.5912547,0.9425741136074066
2024-01-14 23:45:00+00:00,0.57907593,0.9425741136074066
