timestamp,reconstruction_error,threshold_95,fault_flag,prediction,threshold
2024-01-01 11:45:00+00:00,0.5912332,0.7253611892461777,0,0,0.657140194
2024-01-01 12:00:00+00:00,0.61110836,0.7253611892461777,0,0,0.657140194
2024-01-01 12:15:00+00:00,0.6116725,0.7253611892461777,0,0,0.657140194
2024-01-01 12:30:00+00:00,0.61564475,0.7253611892461777,0,0,0.657140194
2024-01-01 12:45:00+00:00,0.6179051,0.7253611892461777,0,0,0.657140194
2024-01-01 13:00:00+00:00,0.602449,0.7253611892461777,0,0,0.657140194
2024-01-01 13:15:00+00:00,0.5997687,0.7253611892461777,0,0,0.657140194
2024-01-01 13:30:00+00:00,0.5913252,0.7253611892461777,0,0,0.657140194
2024-01-01 13:45:00+00:00,0.59320205,0.7253611892461777,0,0,0.657140194
2024-01-01 14:00:00+00:00,0.59594995,0.7253611892461777,0,0,0.657140194
2024-01-01 14:15:00+00:00,0.5950712,0.7253611892461777,0,0,0.657140194
2024-01-01 14:30:00+00:00,0.5981317,0.7253611892461777,0,0,0.657140194
2024-01-01 14:45:00+00:00,0.59164506,0.7253611892461777,0,0,0.657140194
2024-01-01 15:00:00+00:00,0.59447867,0.7253611892461777,0,0,0.657140194
2024-01-01 15:15:00+00:00,0.6007723,0.7253611892461777,0,0,0.657140194
2024-01-01 15:30:00+00:00,0.6079119,0.7253611892461777,0,0,0.657140194
2024-01-01 15:45:00+00:00,0.6118624,0.7253611892461777,0,0,0.657140194
2024-01-01 16:00:00+00:00,0.6061922,0.7253611892461777,0,0,0.657140194
2024-01-01 16:15:00+00:00,0.6084818,0.7253611892461777,0,0,0.657140194
2024-01-01 16:30:00+00:00,0.6125478,0.7253611892461777,0,0,0.657140194
2024-01-01 16:45:00+00:00,0.60485375,0.7253611892461777,0,0,0.657140194
2024-01-01 17:00:00+00:00,0.6032898,0.7253611892461777,0,0,0.657140194
2024-01-01 17:15:00+00:00,0.6126221,0.7253611892461777,0,0,0.657140194
2024-01-01 17:30:00+00:00,0.563625,0.7253611892461777,0,0,0.657140194
2024-01-01 17:45:00+00:00,0.56760544,0.7253611892461777,0,0,0.657140194
2024-01-01 18:00:00+00:00,0.57278985,0.7253611892461777,0,0,0.657140194
2024-01-01 18:15:00+00:00,0.57291245,0.7253611892461777,0,0,0.657140194
2024-01-01 18:30:00+00:00,0.5578634,0.7253611892461777,0,0,0.657140194
2024-01-01 18:45:00+00:00,0.5581445,0.7253611892461777,0,0,0.657140194
2024-01-01 19:00:00+00:00,0.5701177,0.7253611892461777,0,0,0.657140194
2024-01-01 19:15:00+00:00,0.5747712,0.7253611892461777,0,0,0.657140194
2024-01-01 19:30:00+00:00,0.5438018,0.7253611892461777,0,0,0.657140194
2024-01-01 19:45:00+00:00,0.54775214,0.7253611892461777,0,0,0.657140194
2024-01-01 20:00:00+00:00,0.553857,0.7253611892461777,0,0,0.657140194
2024-01-01 20:15:00+00:00,0.55232835,0.7253611892461777,0,0,0.657140194
2024-01-01 20:30:00+00:00,0.557355,0.7253611892461777,0,0,0.657140194
2024-01-01 20:45:00+00:00,0.54828966,0.7253611892461777,0,0,0.657140194
2024-01-01 21:00:00+00:00,0.55724126,0.7253611892461777,0,0,0.657140194
2024-01-01 21:15:00+00:00,0.5543675,0.7253611892461777,0,0,0.657140194
2024-01-01 21:30:00+00:00,0.55828327,0.7253611892461777,0,0,0.657140194
2024-01-01 21:45:00+00:00,0.5485,0.7253611892461777,0,0,0.657140194
2024-01-01 22:00:00+00:00,0.5523342,0.7253611892461777,0,0,0.657140194
2024-01-01 22:15:00+00:00,0.5495272,0.7253611892461777,0,0,0.657140194
2024-01-01 22:30:00+00:00,0.55329967,0.7253611892461777,0,0,0.657140194
2024-01-01 22:45:00+00:00,0.56607133,0.7253611892461777,0,0,0.657140194
2024-01-01 23:00:00+00:00,0.5544434,0.7253611892461777,0,0,0.657140194
2024-01-01 23:15:00+00:00,0.5545993,0.7253611892461777,0,0,0.657140194
2024-01-01 23:30:00+00:00,0.5665857,0.7253611892461777,0,0,0.657140194
2024-01-01 23:45:00+00:00,0.56419593,0.7253611892461777,0,0,0.657140194
2024-01-02 00:00:00+00:00,0.53938437,0.7253611892461777,0,0,0.657140194
2024-01-02 00:15:00+00:00,0.53858757,0.7253611892461777,0,0,0.657140194
2024-01-02 00:30:00+00:00,0.5424744,0.7253611892461777,0,0,0.657140194
2024-01-02 00:45:00+00:00,0.54084325,0.7253611892461777,0,0,0.657140194
2024-01-02 01:00:00+00:00,0.5394079,0.7253611892461777,0,0,0.657140194
2024-01-02 01:15:00+00:00,0.5317597,0.7253611892461777,0,0,0.657140194
2024-01-02 01:30:00+00:00,0.5368325,0.7253611892461777,0,0,0.657140194
2024-01-02 01:45:00+00:00,0.53436816,0.7253611892461777,0,0,0.657140194
2024-01-02 02:00:00+00:00,0.53207076,0.7253611892461777,0,0,0.657140194
2024-01-02 02:15:00+00:00,0.5368097,0.7253611892461777,0,0,0.657140194
2024-01-02 02:30:00+00:00,0.5355894,0.7253611892461777,0,0,0.657140194
2024-01-02 02:45:00+00:00,0.53431827,0.7253611892461777,0,0,0.657140194
2024-01-02 03:00:00+00:00,0.53387654,0.7253611892461777,0,0,0.657140194
2024-01-02 03:15:00+00:00,0.5299262,0.7253611892461777,0,0,0.657140194
2024-01-02 03:30:00+00:00,0.52971274,0.7253611892461777,0,0,0.657140194
2024-01-02 03:45:00+00:00,0.5276411,0.7253611892461777,0,0,0.657140194
2024-01-02 04:00:00+00:00,0.5364956,0.7253611892461777,0,0,0.657140194
2024-01-02 04:15:00+00:00,0.5430916,0.7253611892461777,0,0,0.657140194
2024-01-02 04:30:00+00:00,0.5394382,0.7253611892461777,0,0,0.657140194
2024-01-02 04:45:00+00:00,0.5698707,0.7253611892461777,0,0,0.657140194
2024-01-02 05:00:00+00:00,0.5660265,0.7253611892461777,0,0,0.657140194
2024-01-02 05:15:00+00:00,0.5657816,0.7253611892461777,0,0,0.657140194
2024-01-02 05:30:00+00:00,0.5642944,0.7253611892461777,0,0,0.657140194
2024-01-02 05:45:00+00:00,0.5672447,0.7253611892461777,0,0,0.657140194
2024-01-02 06:00:00+00:00,0.5654785,0.7253611892461777,0,0,0.657140194
2024-01-02 06:15:00+00:00,0.5703228,0.7253611892461777,0,0,0.657140194
2024-01-02 06:30:00+00:00,0.5756883,0.7253611892461777,0,0,0.657140194
2024-01-02 06:45:00+00:00,0.58386785,0.7253611892461777,0,0,0.657140194
2024-01-02 07:00:00+00:00,0.583427,0.7253611892461777,0,0,0.657140194
2024-01-02 07:15:00+00:00,0.60565186,0.7253611892461777,0,0,0.657140194
2024-01-02 07:30:00+00:00,0.6146807,0.7253611892461777,0,0,0.657140194
2024-01-02 07:45:00+00:00,0.60873413,0.7253611892461777,0,0,0.657140194
2024-01-02 08:00:00+00:00,0.6031403,0.7253611892461777,0,0,0.657140194
2024-01-02 08:15:00+00:00,0.6056614,0.7253611892461777,0,0,0.657140194
2024-01-02 08:30:00+00:00,0.6042183,0.7253611892461777,0,0,0.657140194
2024-01-02 08:45:00+00:00,0.6087863,0.7253611892461777,0,0,0.657140194
2024-01-02 09:00:00+00:00,0.60296863,0.7253611892461777,0,0,0.657140194
2024-01-02 09:15:00+00:00,0.60392547,0.7253611892461777,0,0,0.657140194
2024-01-02 09:30:00+00:00,0.6006209,0.7253611892461777,0,0,0.657140194
2024-01-02 09:45:00+00:00,0.6066179,0.7253611892461777,0,0,0.657140194
2024-01-02 10:00:00+00:00,0.6072132,0.7253611892461777,0,0,0.657140194
2024-01-02 10:15:00+00:00,0.6065623,0.7253611892461777,0,0,0.657140194
2024-01-02 10:30:00+00:00,0.6054724,0.7253611892461777,0,0,0.657140194
2024-01-02 10:45:00+00:00,0.5895781,0.7253611892461777,0,0,0.657140194
2024-01-02 11:00:00+00:00,0.5816458,0.7253611892461777,0,0,0.657140194
2024-01-02 11:15:00+00:00,0.59525806,0.7253611892461777,0,0,0.657140194
2024-01-02 11:30:00+00:00,0.5848642,0.7253611892461777,0,0,0.657140194
2024-01-02 11:45:00+00:00,0.5877904,0.7253611892461777,0,0,0.657140194
2024-01-02 12:00:00+00:00,0.5930688,0.7253611892461777,0,0,0.657140194
2024-01-02 12:15:00+00:00,0.5989621,0.7253611892461777,0,0,0.657140194
2024-01-02 12:30:00+00:00,0.6057116,0.7253611892461777,0,0,0.657140194
2024-01-02 12:45:00+00:00,0.6019291,0.7253611892461777,0,0,0.657140194
2024-01-02 13:00:00+00:00,0.60059094,0.7253611892461777,0,0,0.657140194
2024-01-02 13:15:00+00:00,0.60109454,0.7253611892461777,0,0,0.657140194
2024-01-02 13:30:00+00:00,0.5902335,0.7253611892461777,0,0,0.657140194
2024-01-02 13:45:00+00:00,0.5993298,0.7253611892461777,0,0,0.657140194
2024-01-02 14:00:00+00:00,0.5952343,0.7253611892461777,0,0,0.657140194
2024-01-02 14:15:00+00:00,0.59149814,0.7253611892461777,0,0,0.657140194
2024-01-02 14:30:00+00:00,0.5945279,0.7253611892461777,0,0,0.657140194
2024-01-02 14:45:00+00:00,0.59516925,0.7253611892461777,0,0,0.657140194
2024-01-02 15:00:00+00:00,0.59600276,0.7253611892461777,0,0,0.657140194
2024-01-02 15:15:00+00:00,0.5945676,0.7253611892461777,0,0,0.657140194
2024-01-02 15:30:00+00:00,0.5898312,0.7253611892461777,0,0,0.657140194
2024-01-02 15:45:00+00:00,0.59154046,0.7253611892461777,0,0,0.657140194
2024-01-02 16:00:00+00:00,0.5945974,0.7253611892461777,0,0,0.657140194
2024-01-02 16:15:00+00:00,0.59056944,0.7253611892461777,0,0,0.657140194
2024-01-02 16:30:00+00:00,0.60523695,0.7253611892461777,0,0,0.657140194
2024-01-02 16:45:00+00:00,0.5698009,0.7253611892461777,0,0,0.657140194
2024-01-02 17:00:00+00:00,0.5681676,0.7253611892461777,0,0,0.657140194
2024-01-02 17:15:00+00:00,0.5632478,0.7253611892461777,0,0,0.657140194
2024-01-02 17:30:00+00:00,0.5615609,0.7253611892461777,0,0,0.657140194
2024-01-02 17:45:00+00:00,0.5667277,0.7253611892461777,0,0,0.657140194
2024-01-02 18:00:00+00:00,0.57448435,0.7253611892461777,0,0,0.657140194
2024-01-02 18:15:00+00:00,0.5803423,0.7253611892461777,0,0,0.657140194
2024-01-02 18:30:00+00:00,0.58407885,0.7253611892461777,0,0,0.657140194
2024-01-02 18:45:00+00:00,0.5717942,0.7253611892461777,0,0,0.657140194
2024-01-02 19:00:00+00:00,0.56485575,0.7253611892461777,0,0,0.657140194
2024-01-02 19:15:00+00:00,0.5321646,0.7253611892461777,0,0,0.657140194
2024-01-02 19:30:00+00:00,0.5162352,0.7253611892461777,0,0,0.657140194
2024-01-02 19:45:00+00:00,0.51910466,0.7253611892461777,0,0,0.657140194
2024-01-02 20:00:00+00:00,0.5195064,0.7253611892461777,0,0,0.657140194
2024-01-02 20:15:00+00:00,0.51155585,0.7253611892461777,0,0,0.657140194
2024-01-02 20:30:00+00:00,0.5129941,0.7253611892461777,1,0,0.657140194
2024-01-02 20:45:00+00:00,0.51895636,0.7253611892461777,1,0,0.657140194
2024-01-02 21:00:00+00:00,0.51470643,0.7253611892461777,1,0,0.657140194
2024-01-02 21:15:00+00:00,0.5304955,0.7253611892461777,1,0,0.657140194
2024-01-02 21:30:00+00:00,0.54647326,0.7253611892461777,1,0,0.657140194
2024-01-02 21:45:00+00:00,0.55769914,0.7253611892461777,1,0,0.657140194
2024-01-02 22:00:00+00:00,0.5657665,0.7253611892461777,1,0,0.657140194
2024-01-02 22:15:00+00:00,0.5782415,0.7253611892461777,1,0,0.657140194
2024-01-02 22:30:00+00:00,0.583204,0.7253611892461777,1,0,0.657140194
2024-01-02 22:45:00+00:00,0.58166486,0.7253611892461777,1,0,0.657140194
2024-01-02 23:00:00+00:00,0.5898674,0.7253611892461777,1,0,0.657140194
2024-01-02 23:15:00+00:00,0.59937704,0.7253611892461777,1,0,0.657140194
2024-01-02 23:30:00+00:00,0.6185487,0.7253611892461777,1,0,0.657140194
2024-01-02 23:45:00+00:00,0.62261313,0.7253611892461777,0,0,0.657140194
2024-01-03 00:00:00+00:00,0.61946225,0.7253611892461777,0,0,0.657140194
2024-01-03 00:15:00+00:00,0.61868954,0.7253611892461777,0,0,0.657140194
2024-01-03 00:30:00+00:00,0.6175186,0.7253611892461777,0,0,0.657140194
2024-01-03 00:45:00+00:00,0.62725854,0.7253611892461777,0,0,0.657140194
2024-01-03 01:00:00+00:00,0.6355153,0.7253611892461777,0,0,0.657140194
2024-01-03 01:15:00+00:00,0.62556165,0.7253611892461777,0,0,0.657140194
2024-01-03 01:30:00+00:00,0.6237803,0.7253611892461777,0,0,0.657140194
2024-01-03 01:45:00+00:00,0.61553806,0.7253611892461777,0,0,0.657140194
2024-01-03 02:00:00+00:00,0.61451393,0.7253611892461777,0,0,0.657140194
2024-01-03 02:15:00+00:00,0.6153849,0.7253611892461777,0,0,0.657140194
2024-01-03 02:30:00+00:00,0.60832804,0.7253611892461777,0,0,0.657140194
2024-01-03 02:45:00+00:00,0.60459566,0.7253611892461777,0,0,0.657140194
2024-01-03 03:00:00+00:00,0.6066999,0.7253611892461777,0,0,0.657140194
2024-01-03 03:15:00+00:00,0.5970432,0.7253611892461777,0,0,0.657140194
2024-01-03 03:30:00+00:00,0.59365004,0.7253611892461777,0,0,0.657140194
2024-01-03 03:45:00+00:00,0.5922334,0.7253611892461777,0,0,0.657140194
2024-01-03 04:00:00+00:00,0.59395176,0.7253611892461777,0,0,0.657140194
2024-01-03 04:15:00+00:00,0.590447,0.7253611892461777,0,0,0.657140194
2024-01-03 04:30:00+00:00,0.59181637,0.7253611892461777,0,0,0.657140194
2024-01-03 04:45:00+00:00,0.5905011,0.7253611892461777,0,0,0.657140194
2024-01-03 05:00:00+00:00,0.594958,0.7253611892461777,0,0,0.657140194
2024-01-03 05:15:00+00:00,0.59106964,0.7253611892461777,0,0,0.657140194
2024-01-03 05:30:00+00:00,0.5889926,0.7253611892461777,0,0,0.657140194
2024-01-03 05:45:00+00:00,0.58061886,0.7253611892461777,0,0,0.657140194
2024-01-03 06:00:00+00:00,0.57652694,0.7253611892461777,0,0,0.657140194
2024-01-03 06:15:00+00:00,0.57721114,0.7253611892461777,0,0,0.657140194
2024-01-03 06:30:00+00:00,0.5784945,0.7253611892461777,0,0,0.657140194
2024-01-03 06:45:00+00:00,0.58083695,0.7253611892461777,0,0,0.657140194
2024-01-03 07:00:00+00:00,0.58631563,0.7253611892461777,0,0,0.657140194
2024-01-03 07:15:00+00:00,0.59058255,0.7253611892461777,0,0,0.657140194
2024-01-03 07:30:00+00:00,0.5929727,0.7253611892461777,0,0,0.657140194
2024-01-03 07:45:00+00:00,0.59434694,0.7253611892461777,0,0,0.657140194
2024-01-03 08:00:00+00:00,0.6124627,0.7253611892461777,0,0,0.657140194
2024-01-03 08:15:00+00:00,0.6353168,0.7253611892461777,0,0,0.657140194
2024-01-03 08:30:00+00:00,0.63419163,0.7253611892461777,0,0,0.657140194
2024-01-03 08:45:00+00:00,0.63130206,0.7253611892461777,0,0,0.657140194
2024-01-03 09:00:00+00:00,0.6324401,0.7253611892461777,0,0,0.657140194
2024-01-03 09:15:00+00:00,0.62385845,0.7253611892461777,0,0,0.657140194
2024-01-03 09:30:00+00:00,0.61556834,0.7253611892461777,0,0,0.657140194
2024-01-03 09:45:00+00:00,0.6028717,0.7253611892461777,0,0,0.657140194
2024-01-03 10:00:00+00:00,0.58615893,0.7253611892461777,0,0,0.657140194
2024-01-03 10:15:00+00:00,0.57183087,0.7253611892461777,0,0,0.657140194
2024-01-03 10:30:00+00:00,0.57039964,0.7253611892461777,0,0,0.657140194
2024-01-03 10:45:00+00:00,0.55711627,0.7253611892461777,0,0,0.657140194
2024-01-03 11:00:00+00:00,0.5315864,0.7253611892461777,0,0,0.657140194
2024-01-03 11:15:00+00:00,0.5140084,0.7253611892461777,0,0,0.657140194
2024-01-03 11:30:00+00:00,0.5020975,0.7253611892461777,0,0,0.657140194
2024-01-03 11:45:00+00:00,0.504386,0.7253611892461777,0,0,0.657140194
2024-01-03 12:00:00+00:00,0.5072306,0.7253611892461777,0,0,0.657140194
2024-01-03 12:15:00+00:00,0.5150524,0.7253611892461777,0,0,0.657140194
2024-01-03 12:30:00+00:00,0.51139563,0.7253611892461777,0,0,0.657140194
2024-01-03 12:45:00+00:00,0.5047955,0.7253611892461777,0,0,0.657140194
2024-01-03 13:00:00+00:00,0.51337975,0.7253611892461777,0,0,0.657140194
2024-01-03 13:15:00+00:00,0.5179507,0.7253611892461777,0,0,0.657140194
2024-01-03 13:30:00+00:00,0.51260453,0.7253611892461777,0,0,0.657140194
2024-01-03 13:45:00+00:00,0.5201347,0.7253611892461777,0,0,0.657140194
2024-01-03 14:00:00+00:00,0.52190006,0.7253611892461777,0,0,0.657140194
2024-01-03 14:15:00+00:00,0.5251157,0.7253611892461777,0,0,0.657140194
2024-01-03 14:30:00+00:00,0.5232527,0.7253611892461777,0,0,0.657140194
2024-01-03 14:45:00+00:00,0.5508676,0.7253611892461777,0,0,0.657140194
2024-01-03 15:00:00+00:00,0.55123353,0.7253611892461777,0,0,0.657140194
2024-01-03 15:15:00+00:00,0.56386185,0.7253611892461777,0,0,0.657140194
2024-01-03 15:30:00+00:00,0.5690159,0.7253611892461777,0,0,0.657140194
2024-01-03 15:45:00+00:00,0.5631537,0.7253611892461777,0,0,0.657140194
2024-01-03 16:00:00+00:00,0.564324,0.7253611892461777,0,0,0.657140194
2024-01-03 16:15:00+00:00,0.56905043,0.7253611892461777,0,0,0.657140194
2024-01-03 16:30:00+00:00,0.55161685,0.7253611892461777,0,0,0.657140194
2024-01-03 16:45:00+00:00,0.5562372,0.7253611892461777,0,0,0.657140194
2024-01-03 17:00:00+00:00,0.556741,0.7253611892461777,0,0,0.657140194
2024-01-03 17:15:00+00:00,0.55909014,0.7253611892461777,0,0,0.657140194
2024-01-03 17:30:00+00:00,0.56063247,0.7253611892461777,1,0,0.657140194
2024-01-03 17:45:00+00:00,0.56696415,0.7253611892461777,1,0,0.657140194
2024-01-03 18:00:00+00:00,0.5627019,0.7253611892461777,1,0,0.657140194
2024-01-03 18:15:00+00:00,0.56201667,0.7253611892461777,1,0,0.657140194
2024-01-03 18:30:00+00:00,0.55978674,0.7253611892461777,1,0,0.657140194
2024-01-03 18:45:00+00:00,0.56279135,0.7253611892461777,1,0,0.657140194
2024-01-03 19:00:00+00:00,0.5641547,0.7253611892461777,1,0,0.657140194
2024-01-03 19:15:00+00:00,0.5593621,0.7253611892461777,1,0,0.657140194
2024-01-03 19:30:00+00:00,0.5557719,0.7253611892461777,1,0,0.657140194
2024-01-03 19:45:00+00:00,0.5592892,0.7253611892461777,1,0,0.657140194
2024-01-03 20:00:00+00:00,0.54872066,0.7253611892461777,1,0,0.657140194
2024-01-03 20:15:00+00:00,0.5356032,0.7253611892461777,1,0,0.657140194
2024-01-03 20:30:00+00:00,0.52917093,0.7253611892461777,1,0,0.657140194
2024-01-03 20:45:00+00:00,0.5248911,0.7253611892461777,1,0,0.657140194
2024-01-03 21:00:00+00:00,0.5284989,0.7253611892461777,1,0,0.657140194
2024-01-03 21:15:00+00:00,0.54005986,0.7253611892461777,1,0,0.657140194
2024-01-03 21:30:00+00:00,0.5454677,0.7253611892461777,1,0,0.657140194
2024-01-03 21:45:00+00:00,0.54794216,0.7253611892461777,1,0,0.657140194
2024-01-03 22:00:00+00:00,0.5568003,0.7253611892461777,1,0,0.657140194
2024-01-03 22:15:00+00:00,0.5574806,0.7253611892461777,1,0,0.657140194
2024-01-03 22:30:00+00:00,0.5512085,0.7253611892461777,1,0,0.657140194
2024-01-03 22:45:00+00:00,0.5496881,0.7253611892461777,1,0,0.657140194
2024-01-03 23:00:00+00:00,0.554136,0.7253611892461777,1,0,0.657140194
2024-01-03 23:15:00+00:00,0.5562331,0.7253611892461777,1,0,0.657140194
2024-01-03 23:30:00+00:00,0.5554459,0.7253611892461777,1,0,0.657140194
2024-01-03 23:45:00+00:00,0.55149263,0.7253611892461777,1,0,0.657140194
2024-01-04 00:00:00+00:00,0.55100065,0.7253611892461777,1,0,0.657140194
2024-01-04 00:15:00+00:00,0.5488979,0.7253611892461777,1,0,0.657140194
2024-01-04 00:30:00+00:00,0.55962294,0.7253611892461777,1,0,0.657140194
2024-01-04 00:45:00+00:00,0.56928414,0.7253611892461777,1,0,0.657140194
2024-01-04 01:00:00+00:00,0.57318884,0.7253611892461777,1,0,0.657140194
2024-01-04 01:15:00+00:00,0.5865323,0.7253611892461777,1,0,0.657140194
2024-01-04 01:30:00+00:00,0.59611696,0.7253611892461777,1,0,0.657140194
2024-01-04 01:45:00+00:00,0.59460574,0.7253611892461777,0,0,0.657140194
2024-01-04 02:00:00+00:00,0.5845046,0.7253611892461777,0,0,0.657140194
2024-01-04 02:15:00+00:00,0.57408684,0.7253611892461777,0,0,0.657140194
2024-01-04 02:30:00+00:00,0.577806,0.7253611892461777,0,0,0.657140194
2024-01-04 02:45:00+00:00,0.5465235,0.7253611892461777,0,0,0.657140194
2024-01-04 03:00:00+00:00,0.54685044,0.7253611892461777,0,0,0.657140194
2024-01-04 03:15:00+00:00,0.52917624,0.7253611892461777,0,0,0.657140194
2024-01-04 03:30:00+00:00,0.5143151,0.7253611892461777,0,0,0.657140194
2024-01-04 03:45:00+00:00,0.51446337,0.7253611892461777,0,0,0.657140194
2024-01-04 04:00:00+00:00,0.5057308,0.7253611892461777,0,0,0.657140194
2024-01-04 04:15:00+00:00,0.5141009,0.7253611892461777,0,0,0.657140194
2024-01-04 04:30:00+00:00,0.52143747,0.7253611892461777,0,0,0.657140194
2024-01-04 04:45:00+00:00,0.52289075,0.7253611892461777,0,0,0.657140194
2024-01-04 05:00:00+00:00,0.5497839,0.7253611892461777,0,0,0.657140194
2024-01-04 05:15:00+00:00,0.5645867,0.7253611892461777,0,0,0.657140194
2024-01-04 05:30:00+00:00,0.5843132,0.7253611892461777,0,0,0.657140194
2024-01-04 05:45:00+00:00,0.57886857,0.7253611892461777,0,0,0.657140194
2024-01-04 06:00:00+00:00,0.587629,0.7253611892461777,0,0,0.657140194
2024-01-04 06:15:00+00:00,0.5826492,0.7253611892461777,0,0,0.657140194
2024-01-04 06:30:00+00:00,0.5933388,0.7253611892461777,0,0,0.657140194
2024-01-04 06:45:00+00:00,0.5993252,0.7253611892461777,0,0,0.657140194
2024-01-04 07:00:00+00:00,0.60349375,0.7253611892461777,0,0,0.657140194
2024-01-04 07:15:00+00:00,0.6127625,0.7253611892461777,0,0,0.657140194
2024-01-04 07:30:00+00:00,0.6171984,0.7253611892461777,0,0,0.657140194
2024-01-04 07:45:00+00:00,0.6134844,0.7253611892461777,0,0,0.657140194
2024-01-04 08:00:00+00:00,0.6169885,0.7253611892461777,0,0,0.657140194
2024-01-04 08:15:00+00:00,0.63534385,0.7253611892461777,0,0,0.657140194
2024-01-04 08:30:00+00:00,0.6433106,0.7253611892461777,0,0,0.657140194
2024-01-04 08:45:00+00:00,0.6820731,0.7253611892461777,0,1,0.657140194
2024-01-04 09:00:00+00:00,0.68842775,0.7253611892461777,0,1,0.657140194
2024-01-04 09:15:00+00:00,0.6785598,0.7253611892461777,0,1,0.657140194
2024-01-04 09:30:00+00:00,0.68992347,0.7253611892461777,0,1,0.657140194
2024-01-04 09:45:00+00:00,0.7034661,0.7253611892461777,0,1,0.657140194
2024-01-04 10:00:00+00:00,0.7056141,0.7253611892461777,0,1,0.657140194
2024-01-04 10:15:00+00:00,0.6991703,0.7253611892461777,0,1,0.657140194
2024-01-04 10:30:00+00:00,0.7142685,0.7253611892461777,0,1,0.657140194
2024-01-04 10:45:00+00:00,0.7203455,0.7253611892461777,0,1,0.657140194
2024-01-04 11:00:00+00:00,0.72748643,0.7253611892461777,0,1,0.657140194
2024-01-04 11:15:00+00:00,0.73530436,0.7253611892461777,0,1,0.657140194
2024-01-04 11:30:00+00:00,0.73524314,0.7253611892461777,0,1,0.657140194
2024-01-04 11:45:00+00:00,0.7311072,0.7253611892461777,0,1,0.657140194
2024-01-04 12:00:00+00:00,0.7162978,0.7253611892461777,0,1,0.657140194
2024-01-04 12:15:00+00:00,0.7055755,0.7253611892461777,0,1,0.657140194
2024-01-04 12:30:00+00:00,0.69138455,0.7253611892461777,0,1,0.657140194
2024-01-04 12:45:00+00:00,0.65718013,0.7253611892461777,0,1,0.657140194
2024-01-04 13:00:00+00:00,0.61991185,0.7253611892461777,0,0,0.657140194
2024-01-04 13:15:00+00:00,0.6037219,0.7253611892461777,0,0,0.657140194
2024-01-04 13:30:00+00:00,0.59394914,0.7253611892461777,0,0,0.657140194
2024-01-04 13:45:00+00:00,0.5957654,0.7253611892461777,0,0,0.657140194
2024-01-04 14:00:00+00:00,0.59840435,0.7253611892461777,0,0,0.657140194
2024-01-04 14:15:00+00:00,0.5991815,0.7253611892461777,0,0,0.657140194
2024-01-04 14:30:00+00:00,0.5881253,0.7253611892461777,0,0,0.657140194
2024-01-04 14:45:00+00:00,0.59847385,0.7253611892461777,0,0,0.657140194
2024-01-04 15:00:00+00:00,0.5901816,0.7253611892461777,0,0,0.657140194
2024-01-04 15:15:00+00:00,0.58695084,0.7253611892461777,0,0,0.657140194
2024-01-04 15:30:00+00:00,0.59457636,0.7253611892461777,0,0,0.657140194
2024-01-04 15:45:00+00:00,0.5907113,0.7253611892461777,0,0,0.657140194
2024-01-04 16:00:00+00:00,0.5937157,0.7253611892461777,0,0,0.657140194
2024-01-04 16:15:00+00:00,0.5961496,0.7253611892461777,0,0,0.657140194
2024-01-04 16:30:00+00:00,0.61282724,0.7253611892461777,0,0,0.657140194
2024-01-04 16:45:00+00:00,0.60094863,0.7253611892461777,0,0,0.657140194
2024-01-04 17:00:00+00:00,0.5688939,0.7253611892461777,0,0,0.657140194
2024-01-04 17:15:00+00:00,0.55479175,0.7253611892461777,0,0,0.657140194
2024-01-04 17:30:00+00:00,0.53751475,0.7253611892461777,0,0,0.657140194
2024-01-04 17:45:00+00:00,0.5438523,0.7253611892461777,0,0,0.657140194
2024-01-04 18:00:00+00:00,0.54559773,0.7253611892461777,0,0,0.657140194
2024-01-04 18:15:00+00:00,0.5487259,0.7253611892461777,0,0,0.657140194
2024-01-04 18:30:00+00:00,0.5300687,0.7253611892461777,0,0,0.657140194
2024-01-04 18:45:00+00:00,0.52677286,0.7253611892461777,0,0,0.657140194
2024-01-04 19:00:00+00:00,0.51909065,0.7253611892461777,0,0,0.657140194
2024-01-04 19:15:00+00:00,0.520933,0.7253611892461777,0,0,0.657140194
2024-01-04 19:30:00+00:00,0.5561316,0.7253611892461777,0,0,0.657140194
2024-01-04 19:45:00+00:00,0.5689418,0.7253611892461777,0,0,0.657140194
2024-01-04 20:00:00+00:00,0.5678461,0.7253611892461777,0,0,0.657140194
2024-01-04 20:15:00+00:00,0.56937546,0.7253611892461777,0,0,0.657140194
2024-01-04 20:30:00+00:00,0.57498175,0.7253611892461777,0,0,0.657140194
2024-01-04 20:45:00+00:00,0.5503096,0.7253611892461777,0,0,0.657140194
2024-01-04 21:00:00+00:00,0.54112387,0.7253611892461777,0,0,0.657140194
2024-01-04 21:15:00+00:00,0.54109836,0.7253611892461777,0,0,0.657140194
2024-01-04 21:30:00+00:00,0.54969627,0.7253611892461777,0,0,0.657140194
2024-01-04 21:45:00+00:00,0.5468907,0.7253611892461777,0,0,0.657140194
2024-01-04 22:00:00+00:00,0.55075145,0.7253611892461777,0,0,0.657140194
2024-01-04 22:15:00+00:00,0.560817,0.7253611892461777,0,0,0.657140194
2024-01-04 22:30:00+00:00,0.5682631,0.7253611892461777,0,0,0.657140194
2024-01-04 22:45:00+00:00,0.56315833,0.7253611892461777,0,0,0.657140194
2024-01-04 23:00:00+00:00,0.5519258,0.7253611892461777,0,0,0.657140194
2024-01-04 23:15:00+00:00,0.5487692,0.7253611892461777,0,0,0.657140194
2024-01-04 23:30:00+00:00,0.550718,0.7253611892461777,0,0,0.657140194
2024-01-04 23:45:00+00:00,0.55831903,0.7253611892461777,0,0,0.657140194
2024-01-05 00:00:00+00:00,0.56415826,0.7253611892461777,0,0,0.657140194
2024-01-05 00:15:00+00:00,0.5672461,0.7253611892461777,0,0,0.657140194
2024-01-05 00:30:00+00:00,0.5644421,0.7253611892461777,0,0,0.657140194
2024-01-05 00:45:00+00:00,0.5653866,0.7253611892461777,0,0,0.657140194
2024-01-05 01:00:00+00:00,0.57229257,0.7253611892461777,0,0,0.657140194
2024-01-05 01:15:00+00:00,0.57310504,0.7253611892461777,0,0,0.657140194
2024-01-05 01:30:00+00:00,0.57523805,0.7253611892461777,0,0,0.657140194
2024-01-05 01:45:00+00:00,0.57339174,0.7253611892461777,0,0,0.657140194
2024-01-05 02:00:00+00:00,0.5738412,0.7253611892461777,0,0,0.657140194
2024-01-05 02:15:00+00:00,0.56845254,0.7253611892461777,0,0,0.657140194
2024-01-05 02:30:00+00:00,0.5616628,0.7253611892461777,0,0,0.657140194
2024-01-05 02:45:00+00:00,0.5454555,0.7253611892461777,0,0,0.657140194
2024-01-05 03:00:00+00:00,0.5447839,0.7253611892461777,0,0,0.657140194
2024-01-05 03:15:00+00:00,0.54802203,0.7253611892461777,0,0,0.657140194
2024-01-05 03:30:00+00:00,0.54622453,0.7253611892461777,0,0,0.657140194
2024-01-05 03:45:00+00:00,0.5516034,0.7253611892461777,0,0,0.657140194
2024-01-05 04:00:00+00:00,0.55177605,0.7253611892461777,0,0,0.657140194
2024-01-05 04:15:00+00:00,0.54471534,0.7253611892461777,0,0,0.657140194
2024-01-05 04:30:00+00:00,0.53022724,0.7253611892461777,0,0,0.657140194
2024-01-05 04:45:00+00:00,0.53265923,0.7253611892461777,0,0,0.657140194
2024-01-05 05:00:00+00:00,0.5385124,0.7253611892461777,0,0,0.657140194
2024-01-05 05:15:00+00:00,0.5326938,0.7253611892461777,0,0,0.657140194
2024-01-05 05:30:00+00:00,0.543606,0.7253611892461777,0,0,0.657140194
2024-01-05 05:45:00+00:00,0.5545468,0.7253611892461777,0,0,0.657140194
2024-01-05 06:00:00+00:00,0.54781646,0.7253611892461777,0,0,0.657140194
2024-01-05 06:15:00+00:00,0.5673546,0.7253611892461777,0,0,0.657140194
2024-01-05 06:30:00+00:00,0.57298684,0.7253611892461777,0,0,0.657140194
2024-01-05 06:45:00+00:00,0.5782309,0.7253611892461777,0,0,0.657140194
2024-01-05 07:00:00+00:00,0.58351237,0.7253611892461777,0,0,0.657140194
2024-01-05 07:15:00+00:00,0.5813779,0.7253611892461777,0,0,0.657140194
2024-01-05 07:30:00+00:00,0.54596746,0.7253611892461777,0,0,0.657140194
2024-01-05 07:45:00+00:00,0.5365141,0.7253611892461777,0,0,0.657140194
2024-01-05 08:00:00+00:00,0.53887933,0.7253611892461777,0,0,0.657140194
2024-01-05 08:15:00+00:00,0.532262,0.7253611892461777,0,0,0.657140194
2024-01-05 08:30:00+00:00,0.5246791,0.7253611892461777,0,0,0.657140194
2024-01-05 08:45:00+00:00,0.52123743,0.7253611892461777,0,0,0.657140194
2024-01-05 09:00:00+00:00,0.52657,0.7253611892461777,0,0,0.657140194
2024-01-05 09:15:00+00:00,0.5273374,0.7253611892461777,0,0,0.657140194
2024-01-05 09:30:00+00:00,0.53255725,0.7253611892461777,0,0,0.657140194
2024-01-05 09:45:00+00:00,0.5444608,0.7253611892461777,0,0,0.657140194
2024-01-05 10:00:00+00:00,0.54129845,0.7253611892461777,0,0,0.657140194
2024-01-05 10:15:00+00:00,0.5251258,0.7253611892461777,0,0,0.657140194
2024-01-05 10:30:00+00:00,0.5194653,0.7253611892461777,0,0,0.657140194
2024-01-05 10:45:00+00:00,0.51584727,0.7253611892461777,0,0,0.657140194
2024-01-05 11:00:00+00:00,0.5172693,0.7253611892461777,0,0,0.657140194
2024-01-05 11:15:00+00:00,0.5245138,0.7253611892461777,0,0,0.657140194
2024-01-05 11:30:00+00:00,0.51832503,0.7253611892461777,0,0,0.657140194
2024-01-05 11:45:00+00:00,0.5043316,0.7253611892461777,0,0,0.657140194
2024-01-05 12:00:00+00:00,0.49461302,0.7253611892461777,0,0,0.657140194
2024-01-05 12:15:00+00:00,0.48640624,0.7253611892461777,0,0,0.657140194
2024-01-05 12:30:00+00:00,0.4887743,0.7253611892461777,0,0,0.657140194
2024-01-05 12:45:00+00:00,0.49930558,0.7253611892461777,0,0,0.657140194
2024-01-05 13:00:00+00:00,0.5028823,0.7253611892461777,0,0,0.657140194
2024-01-05 13:15:00+00:00,0.49999294,0.7253611892461777,0,0,0.657140194
2024-01-05 13:30:00+00:00,0.5063792,0.7253611892461777,0,0,0.657140194
2024-01-05 13:45:00+00:00,0.500741,0.7253611892461777,0,0,0.657140194
2024-01-05 14:00:00+00:00,0.50490785,0.7253611892461777,0,0,0.657140194
2024-01-05 14:15:00+00:00,0.5102336,0.7253611892461777,0,0,0.657140194
2024-01-05 14:30:00+00:00,0.5096107,0.7253611892461777,0,0,0.657140194
2024-01-05 14:45:00+00:00,0.51214284,0.7253611892461777,0,0,0.657140194
2024-01-05 15:00:00+00:00,0.50931424,0.7253611892461777,0,0,0.657140194
2024-01-05 15:15:00+00:00,0.5175071,0.7253611892461777,0,0,0.657140194
2024-01-05 15:30:00+00:00,0.5202521,0.7253611892461777,0,0,0.657140194
2024-01-05 15:45:00+00:00,0.5167914,0.7253611892461777,0,0,0.657140194
2024-01-05 16:00:00+00:00,0.521504,0.7253611892461777,0,0,0.657140194
2024-01-05 16:15:00+00:00,0.52139044,0.7253611892461777,0,0,0.657140194
2024-01-05 16:30:00+00:00,0.52508783,0.7253611892461777,0,0,0.657140194
2024-01-05 16:45:00+00:00,0.53548574,0.7253611892461777,0,0,0.657140194
2024-01-05 17:00:00+00:00,0.532253,0.7253611892461777,0,0,0.657140194
2024-01-05 17:15:00+00:00,0.531576,0.7253611892461777,0,0,0.657140194
2024-01-05 17:30:00+00:00,0.530456,0.7253611892461777,0,0,0.657140194
2024-01-05 17:45:00+00:00,0.5046281,0.7253611892461777,0,0,0.657140194
2024-01-05 18:00:00+00:00,0.507353,0.7253611892461777,0,0,0.657140194
2024-01-05 18:15:00+00:00,0.4887111,0.7253611892461777,0,0,0.657140194
2024-01-05 18:30:00+00:00,0.4919515,0.7253611892461777,0,0,0.657140194
2024-01-05 18:45:00+00:00,0.49226657,0.7253611892461777,0,0,0.657140194
2024-01-05 19:00:00+00:00,0.49788427,0.7253611892461777,0,0,0.657140194
2024-01-05 19:15:00+00:00,0.4916807,0.7253611892461777,0,0,0.657140194
2024-01-05 19:30:00+00:00,0.4869679,0.7253611892461777,0,0,0.657140194
2024-01-05 19:45:00+00:00,0.48711243,0.7253611892461777,0,0,0.657140194
2024-01-05 20:00:00+00:00,0.49279985,0.7253611892461777,0,0,0.657140194
2024-01-05 20:15:00+00:00,0.49787197,0.7253611892461777,0,0,0.657140194
2024-01-05 20:30:00+00:00,0.49578205,0.7253611892461777,0,0,0.657140194
2024-01-05 20:45:00+00:00,0.4923346,0.7253611892461777,0,0,0.657140194
2024-01-05 21:00:00+00:00,0.48579565,0.7253611892461777,0,0,0.657140194
2024-01-05 21:15:00+00:00,0.49112916,0.7253611892461777,0,0,0.657140194
2024-01-05 21:30:00+00:00,0.4896756,0.7253611892461777,0,0,0.657140194
2024-01-05 21:45:00+00:00,0.49057484,0.7253611892461777,0,0,0.657140194
2024-01-05 22:00:00+00:00,0.5059242,0.7253611892461777,0,0,0.657140194
2024-01-05 22:15:00+00:00,0.5046218,0.7253611892461777,0,0,0.657140194
2024-01-05 22:30:00+00:00,0.51144654,0.7253611892461777,1,0,0.657140194
2024-01-05 22:45:00+00:00,0.50931954,0.7253611892461777,1,0,0.657140194
2024-01-05 23:00:00+00:00,0.5323725,0.7253611892461777,1,0,0.657140194
2024-01-05 23:15:00+00:00,0.5359031,0.7253611892461777,1,0,0.657140194
2024-01-05 23:30:00+00:00,0.5585597,0.7253611892461777,1,0,0.657140194
2024-01-05 23:45:00+00:00,0.5752927,0.7253611892461777,1,0,0.657140194
2024-01-06 00:00:00+00:00,0.60535777,0.7253611892461777,1,0,0.657140194
2024-01-06 00:15:00+00:00,0.6321451,0.7253611892461777,1,0,0.657140194
2024-01-06 00:30:00+00:00,0.65052897,0.7253611892461777,1,0,0.657140194
2024-01-06 00:45:00+00:00,0.67642003,0.7253611892461777,1,1,0.657140194
2024-01-06 01:00:00+00:00,0.69953775,0.7253611892461777,1,1,0.657140194
2024-01-06 01:15:00+00:00,0.7315912,0.7253611892461777,1,1,0.657140194
2024-01-06 01:30:00+00:00,0.75855225,0.7253611892461777,1,1,0.657140194
2024-01-06 01:45:00+00:00,0.7855503,0.7253611892461777,1,1,0.657140194
2024-01-06 02:00:00+00:00,0.77809286,0.7253611892461777,0,1,0.657140194
2024-01-06 02:15:00+00:00,0.7820823,0.7253611892461777,0,1,0.657140194
2024-01-06 02:30:00+00:00,0.78006977,0.7253611892461777,0,1,0.657140194
2024-01-06 02:45:00+00:00,0.775234,0.7253611892461777,0,1,0.657140194
2024-01-06 03:00:00+00:00,0.7777102,0.7253611892461777,0,1,0.657140194
2024-01-06 03:15:00+00:00,0.78092027,0.7253611892461777,0,1,0.657140194
2024-01-06 03:30:00+00:00,0.77687424,0.7253611892461777,0,1,0.657140194
2024-01-06 03:45:00+00:00,0.77891177,0.7253611892461777,0,1,0.657140194
2024-01-06 04:00:00+00:00,0.77631503,0.7253611892461777,0,1,0.657140194
2024-01-06 04:15:00+00:00,0.7811599,0.7253611892461777,0,1,0.657140194
2024-01-06 04:30:00+00:00,0.7816178,0.7253611892461777,0,1,0.657140194
2024-01-06 04:45:00+00:00,0.77618766,0.7253611892461777,0,1,0.657140194
2024-01-06 05:00:00+00:00,0.79151696,0.7253611892461777,0,1,0.657140194
2024-01-06 05:15:00+00:00,0.81400156,0.7253611892461777,0,1,0.657140194
2024-01-06 05:30:00+00:00,0.80532473,0.7253611892461777,0,1,0.657140194
2024-01-06 05:45:00+00:00,0.8074623,0.7253611892461777,0,1,0.657140194
2024-01-06 06:00:00+00:00,0.8143239,0.7253611892461777,0,1,0.657140194
2024-01-06 06:15:00+00:00,0.8098672,0.7253611892461777,0,1,0.657140194
2024-01-06 06:30:00+00:00,0.8242677,0.7253611892461777,0,1,0.657140194
2024-01-06 06:45:00+00:00,0.8337454,0.7253611892461777,0,1,0.657140194
2024-01-06 07:00:00+00:00,0.8303115,0.7253611892461777,0,1,0.657140194
2024-01-06 07:15:00+00:00,0.8363526,0.7253611892461777,0,1,0.657140194
2024-01-06 07:30:00+00:00,0.8332813,0.7253611892461777,0,1,0.657140194
2024-01-06 07:45:00+00:00,0.83099765,0.7253611892461777,0,1,0.657140194
2024-01-06 08:00:00+00:00,0.8213191,0.7253611892461777,0,1,0.657140194
2024-01-06 08:15:00+00:00,0.8126926,0.7253611892461777,0,1,0.657140194
2024-01-06 08:30:00+00:00,0.81751186,0.7253611892461777,0,1,0.657140194
2024-01-06 08:45:00+00:00,0.8304186,0.7253611892461777,0,1,0.657140194
2024-01-06 09:00:00+00:00,0.8403137,0.7253611892461777,0,1,0.657140194
2024-01-06 09:15:00+00:00,0.83861256,0.7253611892461777,0,1,0.657140194
2024-01-06 09:30:00+00:00,0.83852315,0.7253611892461777,0,1,0.657140194
2024-01-06 09:45:00+00:00,0.8472511,0.7253611892461777,0,1,0.657140194
2024-01-06 10:00:00+00:00,0.84219694,0.7253611892461777,0,1,0.657140194
2024-01-06 10:15:00+00:00,0.8463722,0.7253611892461777,0,1,0.657140194
2024-01-06 10:30:00+00:00,0.83843946,0.7253611892461777,0,1,0.657140194
2024-01-06 10:45:00+00:00,0.83513516,0.7253611892461777,0,1,0.657140194
2024-01-06 11:00:00+00:00,0.8200958,0.7253611892461777,0,1,0.657140194
2024-01-06 11:15:00+00:00,0.8067727,0.7253611892461777,0,1,0.657140194
2024-01-06 11:30:00+00:00,0.7825901,0.7253611892461777,0,1,0.657140194
2024-01-06 11:45:00+00:00,0.7685849,0.7253611892461777,0,1,0.657140194
2024-01-06 12:00:00+00:00,0.7395518,0.7253611892461777,0,1,0.657140194
2024-01-06 12:15:00+00:00,0.7309868,0.7253611892461777,0,1,0.657140194
2024-01-06 12:30:00+00:00,0.7058628,0.7253611892461777,0,1,0.657140194
2024-01-06 12:45:00+00:00,0.6737259,0.7253611892461777,0,1,0.657140194
2024-01-06 13:00:00+00:00,0.6482992,0.7253611892461777,0,0,0.657140194
2024-01-06 13:15:00+00:00,0.6137138,0.7253611892461777,0,0,0.657140194
2024-01-06 13:30:00+00:00,0.58801633,0.7253611892461777,0,0,0.657140194
2024-01-06 13:45:00+00:00,0.5600674,0.7253611892461777,0,0,0.657140194
2024-01-06 14:00:00+00:00,0.5642707,0.7253611892461777,0,0,0.657140194
2024-01-06 14:15:00+00:00,0.56584305,0.7253611892461777,0,0,0.657140194
2024-01-06 14:30:00+00:00,0.5808268,0.7253611892461777,0,0,0.657140194
2024-01-06 14:45:00+00:00,0.58349615,0.7253611892461777,0,0,0.657140194
2024-01-06 15:00:00+00:00,0.58235353,0.7253611892461777,0,0,0.657140194
2024-01-06 15:15:00+00:00,0.5737784,0.7253611892461777,0,0,0.657140194
2024-01-06 15:30:00+00:00,0.5758526,0.7253611892461777,0,0,0.657140194
2024-01-06 15:45:00+00:00,0.5716488,0.7253611892461777,0,0,0.657140194
2024-01-06 16:00:00+00:00,0.5751645,0.7253611892461777,0,0,0.657140194
2024-01-06 16:15:00+00:00,0.58873844,0.7253611892461777,0,0,0.657140194
2024-01-06 16:30:00+00:00,0.5939045,0.7253611892461777,0,0,0.657140194
2024-01-06 16:45:00+00:00,0.597457,0.7253611892461777,0,0,0.657140194
2024-01-06 17:00:00+00:00,0.5735294,0.7253611892461777,0,0,0.657140194
2024-01-06 17:15:00+00:00,0.5414608,0.7253611892461777,0,0,0.657140194
2024-01-06 17:30:00+00:00,0.53810805,0.7253611892461777,0,0,0.657140194
2024-01-06 17:45:00+00:00,0.54774004,0.7253611892461777,0,0,0.657140194
2024-01-06 18:00:00+00:00,0.55375546,0.7253611892461777,0,0,0.657140194
2024-01-06 18:15:00+00:00,0.5637395,0.7253611892461777,0,0,0.657140194
2024-01-06 18:30:00+00:00,0.54359394,0.7253611892461777,0,0,0.657140194
2024-01-06 18:45:00+00:00,0.53851,0.7253611892461777,0,0,0.657140194
2024-01-06 19:00:00+00:00,0.55326265,0.7253611892461777,0,0,0.657140194
2024-01-06 19:15:00+00:00,0.5506452,0.7253611892461777,0,0,0.657140194
2024-01-06 19:30:00+00:00,0.55095196,0.7253611892461777,0,0,0.657140194
2024-01-06 19:45:00+00:00,0.55119115,0.7253611892461777,0,0,0.657140194
2024-01-06 20:00:00+00:00,0.5561014,0.7253611892461777,0,0,0.657140194
2024-01-06 20:15:00+00:00,0.55465335,0.7253611892461777,0,0,0.657140194
2024-01-06 20:30:00+00:00,0.5436688,0.7253611892461777,0,0,0.657140194
2024-01-06 20:45:00+00:00,0.5345794,0.7253611892461777,0,0,0.657140194
2024-01-06 21:00:00+00:00,0.53879714,0.7253611892461777,0,0,0.657140194
2024-01-06 21:15:00+00:00,0.54855627,0.7253611892461777,0,0,0.657140194
2024-01-06 21:30:00+00:00,0.5430289,0.7253611892461777,0,0,0.657140194
2024-01-06 21:45:00+00:00,0.54222137,0.7253611892461777,0,0,0.657140194
2024-01-06 22:00:00+00:00,0.5451656,0.7253611892461777,0,0,0.657140194
2024-01-06 22:15:00+00:00,0.55109257,0.7253611892461777,0,0,0.657140194
2024-01-06 22:30:00+00:00,0.55121064,0.7253611892461777,0,0,0.657140194
2024-01-06 22:45:00+00:00,0.5589549,0.7253611892461777,0,0,0.657140194
2024-01-06 23:00:00+00:00,0.5561833,0.7253611892461777,0,0,0.657140194
2024-01-06 23:15:00+00:00,0.5743625,0.7253611892461777,0,0,0.657140194
2024-01-06 23:30:00+00:00,0.5720434,0.7253611892461777,0,0,0.657140194
2024-01-06 23:45:00+00:00,0.5842803,0.7253611892461777,0,0,0.657140194
2024-01-07 00:00:00+00:00,0.58963776,0.7253611892461777,0,0,0.657140194
2024-01-07 00:15:00+00:00,0.5812025,0.7253611892461777,0,0,0.657140194
2024-01-07 00:30:00+00:00,0.58492124,0.7253611892461777,0,0,0.657140194
2024-01-07 00:45:00+00:00,0.587035,0.7253611892461777,0,0,0.657140194
2024-01-07 01:00:00+00:00,0.58896,0.7253611892461777,0,0,0.657140194
2024-01-07 01:15:00+00:00,0.58681065,0.7253611892461777,0,0,0.657140194
2024-01-07 01:30:00+00:00,0.5789044,0.7253611892461777,0,0,0.657140194
2024-01-07 01:45:00+00:00,0.5839227,0.7253611892461777,0,0,0.657140194
2024-01-07 02:00:00+00:00,0.5784192,0.7253611892461777,0,0,0.657140194
2024-01-07 02:15:00+00:00,0.5711414,0.7253611892461777,0,0,0.657140194
2024-01-07 02:30:00+00:00,0.56002,0.7253611892461777,0,0,0.657140194
2024-01-07 02:45:00+00:00,0.55746025,0.7253611892461777,0,0,0.657140194
2024-01-07 03:00:00+00:00,0.562452,0.7253611892461777,0,0,0.657140194
2024-01-07 03:15:00+00:00,0.5562902,0.7253611892461777,0,0,0.657140194
2024-01-07 03:30:00+00:00,0.5582244,0.7253611892461777,0,0,0.657140194
2024-01-07 03:45:00+00:00,0.56665725,0.7253611892461777,0,0,0.657140194
2024-01-07 04:00:00+00:00,0.5728337,0.7253611892461777,0,0,0.657140194
2024-01-07 04:15:00+00:00,0.570508,0.7253611892461777,0,0,0.657140194
2024-01-07 04:30:00+00:00,0.5629679,0.7253611892461777,0,0,0.657140194
2024-01-07 04:45:00+00:00,0.55348104,0.7253611892461777,0,0,0.657140194
2024-01-07 05:00:00+00:00,0.57658404,0.7253611892461777,1,0,0.657140194
2024-01-07 05:15:00+00:00,0.5938241,0.7253611892461777,1,0,0.657140194
2024-01-07 05:30:00+00:00,0.62653434,0.7253611892461777,1,0,0.657140194
2024-01-07 05:45:00+00:00,0.6461893,0.7253611892461777,1,0,0.657140194
2024-01-07 06:00:00+00:00,0.67394406,0.7253611892461777,1,1,0.657140194
2024-01-07 06:15:00+00:00,0.7056756,0.7253611892461777,1,1,0.657140194
2024-01-07 06:30:00+00:00,0.717743,0.7253611892461777,0,1,0.657140194
2024-01-07 06:45:00+00:00,0.7201089,0.7253611892461777,0,1,0.657140194
2024-01-07 07:00:00+00:00,0.7153371,0.7253611892461777,0,1,0.657140194
2024-01-07 07:15:00+00:00,0.71729493,0.7253611892461777,0,1,0.657140194
2024-01-07 07:30:00+00:00,0.7124891,0.7253611892461777,0,1,0.657140194
2024-01-07 07:45:00+00:00,0.7120516,0.7253611892461777,0,1,0.657140194
2024-01-07 08:00:00+00:00,0.7177054,0.7253611892461777,0,1,0.657140194
2024-01-07 08:15:00+00:00,0.71671504,0.7253611892461777,0,1,0.657140194
2024-01-07 08:30:00+00:00,0.7171077,0.7253611892461777,0,1,0.657140194
2024-01-07 08:45:00+00:00,0.711922,0.7253611892461777,0,1,0.657140194
2024-01-07 09:00:00+00:00,0.7065814,0.7253611892461777,0,1,0.657140194
2024-01-07 09:15:00+00:00,0.704851,0.7253611892461777,0,1,0.657140194
2024-01-07 09:30:00+00:00,0.70827883,0.7253611892461777,0,1,0.657140194
2024-01-07 09:45:00+00:00,0.6959429,0.7253611892461777,0,1,0.657140194
2024-01-07 10:00:00+00:00,0.69474506,0.7253611892461777,0,1,0.657140194
2024-01-07 10:15:00+00:00,0.6958285,0.7253611892461777,0,1,0.657140194
2024-01-07 10:30:00+00:00,0.6848652,0.7253611892461777,0,1,0.657140194
2024-01-07 10:45:00+00:00,0.6810832,0.7253611892461777,0,1,0.657140194
2024-01-07 11:00:00+00:00,0.68897897,0.7253611892461777,0,1,0.657140194
2024-01-07 11:15:00+00:00,0.66618824,0.7253611892461777,0,1,0.657140194
2024-01-07 11:30:00+00:00,0.65834206,0.7253611892461777,0,1,0.657140194
2024-01-07 11:45:00+00:00,0.650004,0.7253611892461777,0,0,0.657140194
2024-01-07 12:00:00+00:00,0.6489642,0.7253611892461777,0,0,0.657140194
2024-01-07 12:15:00+00:00,0.65422714,0.7253611892461777,0,0,0.657140194
2024-01-07 12:30:00+00:00,0.6592918,0.7253611892461777,0,1,0.657140194
2024-01-07 12:45:00+00:00,0.66342574,0.7253611892461777,0,1,0.657140194
2024-01-07 13:00:00+00:00,0.666487,0.7253611892461777,0,1,0.657140194
2024-01-07 13:15:00+00:00,0.6666078,0.7253611892461777,0,1,0.657140194
2024-01-07 13:30:00+00:00,0.6693041,0.7253611892461777,0,1,0.657140194
2024-01-07 13:45:00+00:00,0.662859,0.7253611892461777,0,1,0.657140194
2024-01-07 14:00:00+00:00,0.6654324,0.7253611892461777,0,1,0.657140194
2024-01-07 14:15:00+00:00,0.6716903,0.7253611892461777,0,1,0.657140194
2024-01-07 14:30:00+00:00,0.6722801,0.7253611892461777,0,1,0.657140194
2024-01-07 14:45:00+00:00,0.6708362,0.7253611892461777,0,1,0.657140194
2024-01-07 15:00:00+00:00,0.67343324,0.7253611892461777,0,1,0.657140194
2024-01-07 15:15:00+00:00,0.6812828,0.7253611892461777,0,1,0.657140194
2024-01-07 15:30:00+00:00,0.6860337,0.7253611892461777,0,1,0.657140194
2024-01-07 15:45:00+00:00,0.6864908,0.7253611892461777,0,1,0.657140194
2024-01-07 16:00:00+00:00,0.69096136,0.7253611892461777,0,1,0.657140194
2024-01-07 16:15:00+00:00,0.6824221,0.7253611892461777,0,1,0.657140194
2024-01-07 16:30:00+00:00,0.68065435,0.7253611892461777,0,1,0.657140194
2024-01-07 16:45:00+00:00,0.68991524,0.7253611892461777,0,1,0.657140194
2024-01-07 17:00:00+00:00,0.66094047,0.7253611892461777,0,1,0.657140194
2024-01-07 17:15:00+00:00,0.63590235,0.7253611892461777,0,0,0.657140194
2024-01-07 17:30:00+00:00,0.60377604,0.7253611892461777,0,0,0.657140194
2024-01-07 17:45:00+00:00,0.57693416,0.7253611892461777,0,0,0.657140194
2024-01-07 18:00:00+00:00,0.5418415,0.7253611892461777,0,0,0.657140194
2024-01-07 18:15:00+00:00,0.5214647,0.7253611892461777,0,0,0.657140194
2024-01-07 18:30:00+00:00,0.5114437,0.7253611892461777,0,0,0.657140194
2024-01-07 18:45:00+00:00,0.51475817,0.7253611892461777,0,0,0.657140194
2024-01-07 19:00:00+00:00,0.5042582,0.7253611892461777,0,0,0.657140194
2024-01-07 19:15:00+00:00,0.50956327,0.7253611892461777,0,0,0.657140194
2024-01-07 19:30:00+00:00,0.5139619,0.7253611892461777,0,0,0.657140194
2024-01-07 19:45:00+00:00,0.5136652,0.7253611892461777,0,0,0.657140194
2024-01-07 20:00:00+00:00,0.51757807,0.7253611892461777,0,0,0.657140194
2024-01-07 20:15:00+00:00,0.51552576,0.7253611892461777,0,0,0.657140194
2024-01-07 20:30:00+00:00,0.51782924,0.7253611892461777,0,0,0.657140194
2024-01-07 20:45:00+00:00,0.5217555,0.7253611892461777,0,0,0.657140194
2024-01-07 21:00:00+00:00,0.5168385,0.7253611892461777,0,0,0.657140194
2024-01-07 21:15:00+00:00,0.51552415,0.7253611892461777,0,0,0.657140194
2024-01-07 21:30:00+00:00,0.5151939,0.7253611892461777,0,0,0.657140194
2024-01-07 21:45:00+00:00,0.5193694,0.7253611892461777,0,0,0.657140194
2024-01-07 22:00:00+00:00,0.5257824,0.7253611892461777,0,0,0.657140194
2024-01-07 22:15:00+00:00,0.5225851,0.7253611892461777,0,0,0.657140194
2024-01-07 22:30:00+00:00,0.5327311,0.7253611892461777,0,0,0.657140194
2024-01-07 22:45:00+00:00,0.53205854,0.7253611892461777,0,0,0.657140194
2024-01-07 23:00:00+00:00,0.53078634,0.7253611892461777,0,0,0.657140194
2024-01-07 23:15:00+00:00,0.53282577,0.7253611892461777,0,0,0.657140194
2024-01-07 23:30:00+00:00,0.53606266,0.7253611892461777,0,0,0.657140194
2024-01-07 23:45:00+00:00,0.53855246,0.7253611892461777,0,0,0.657140194
2024-01-08 00:00:00+00:00,0.54553014,0.7253611892461777,0,0,0.657140194
2024-01-08 00:15:00+00:00,0.55543995,0.7253611892461777,0,0,0.657140194
2024-01-08 00:30:00+00:00,0.55452496,0.7253611892461777,0,0,0.657140194
2024-01-08 00:45:00+00:00,0.5466129,0.7253611892461777,0,0,0.657140194
2024-01-08 01:00:00+00:00,0.54597193,0.7253611892461777,0,0,0.657140194
2024-01-08 01:15:00+00:00,0.5515928,0.7253611892461777,0,0,0.657140194
2024-01-08 01:30:00+00:00,0.5419119,0.7253611892461777,0,0,0.657140194
2024-01-08 01:45:00+00:00,0.5313094,0.7253611892461777,0,0,0.657140194
2024-01-08 02:00:00+00:00,0.53105164,0.7253611892461777,0,0,0.657140194
2024-01-08 02:15:00+00:00,0.5351372,0.7253611892461777,0,0,0.657140194
2024-01-08 02:30:00+00:00,0.52970535,0.7253611892461777,0,0,0.657140194
2024-01-08 02:45:00+00:00,0.5369675,0.7253611892461777,0,0,0.657140194
2024-01-08 03:00:00+00:00,0.5338729,0.7253611892461777,0,0,0.657140194
2024-01-08 03:15:00+00:00,0.53016114,0.7253611892461777,0,0,0.657140194
2024-01-08 03:30:00+00:00,0.5241769,0.7253611892461777,0,0,0.657140194
2024-01-08 03:45:00+00:00,0.5246894,0.7253611892461777,0,0,0.657140194
2024-01-08 04:00:00+00:00,0.5273237,0.7253611892461777,0,0,0.657140194
2024-01-08 04:15:00+00:00,0.53162736,0.7253611892461777,0,0,0.657140194
2024-01-08 04:30:00+00:00,0.53668755,0.7253611892461777,0,0,0.657140194
2024-01-08 04:45:00+00:00,0.5317884,0.7253611892461777,0,0,0.657140194
2024-01-08 05:00:00+00:00,0.54601556,0.7253611892461777,1,0,0.657140194
2024-01-08 05:15:00+00:00,0.55264693,0.7253611892461777,1,0,0.657140194
2024-01-08 05:30:00+00:00,0.5614511,0.7253611892461777,1,0,0.657140194
2024-01-08 05:45:00+00:00,0.5701862,0.7253611892461777,1,0,0.657140194
2024-01-08 06:00:00+00:00,0.579455,0.7253611892461777,1,0,0.657140194
2024-01-08 06:15:00+00:00,0.5790774,0.7253611892461777,1,0,0.657140194
2024-01-08 06:30:00+00:00,0.5882549,0.7253611892461777,1,0,0.657140194
2024-01-08 06:45:00+00:00,0.6199951,0.7253611892461777,1,0,0.657140194
2024-01-08 07:00:00+00:00,0.64128023,0.7253611892461777,1,0,0.657140194
2024-01-08 07:15:00+00:00,0.6444098,0.7253611892461777,1,0,0.657140194
2024-01-08 07:30:00+00:00,0.65362597,0.7253611892461777,1,0,0.657140194
2024-01-08 07:45:00+00:00,0.6652437,0.7253611892461777,1,1,0.657140194
2024-01-08 08:00:00+00:00,0.67067194,0.7253611892461777,1,1,0.657140194
2024-01-08 08:15:00+00:00,0.6800452,0.7253611892461777,0,1,0.657140194
2024-01-08 08:30:00+00:00,0.6803033,0.7253611892461777,0,1,0.657140194
2024-01-08 08:45:00+00:00,0.680109,0.7253611892461777,0,1,0.657140194
2024-01-08 09:00:00+00:00,0.6810298,0.7253611892461777,0,1,0.657140194
2024-01-08 09:15:00+00:00,0.68330956,0.7253611892461777,0,1,0.657140194
2024-01-08 09:30:00+00:00,0.6835098,0.7253611892461777,0,1,0.657140194
2024-01-08 09:45:00+00:00,0.69319266,0.7253611892461777,0,1,0.657140194
2024-01-08 10:00:00+00:00,0.695214,0.7253611892461777,0,1,0.657140194
2024-01-08 10:15:00+00:00,0.68311566,0.7253611892461777,0,1,0.657140194
2024-01-08 10:30:00+00:00,0.6694419,0.7253611892461777,0,1,0.657140194
2024-01-08 10:45:00+00:00,0.6687112,0.7253611892461777,0,1,0.657140194
2024-01-08 11:00:00+00:00,0.6708959,0.7253611892461777,0,1,0.657140194
2024-01-08 11:15:00+00:00,0.670345,0.7253611892461777,0,1,0.657140194
2024-01-08 11:30:00+00:00,0.6676193,0.7253611892461777,0,1,0.657140194
2024-01-08 11:45:00+00:00,0.6764202,0.7253611892461777,0,1,0.657140194
2024-01-08 12:00:00+00:00,0.67323446,0.7253611892461777,0,1,0.657140194
2024-01-08 12:15:00+00:00,0.6612187,0.7253611892461777,0,1,0.657140194
2024-01-08 12:30:00+00:00,0.6711157,0.7253611892461777,0,1,0.657140194
2024-01-08 12:45:00+00:00,0.67882544,0.7253611892461777,0,1,0.657140194
2024-01-08 13:00:00+00:00,0.6809947,0.7253611892461777,0,1,0.657140194
2024-01-08 13:15:00+00:00,0.6753908,0.7253611892461777,0,1,0.657140194
2024-01-08 13:30:00+00:00,0.66829157,0.7253611892461777,0,1,0.657140194
2024-01-08 13:45:00+00:00,0.67374176,0.7253611892461777,0,1,0.657140194
2024-01-08 14:00:00+00:00,0.67605615,0.7253611892461777,0,1,0.657140194
2024-01-08 14:15:00+00:00,0.6783164,0.7253611892461777,0,1,0.657140194
2024-01-08 14:30:00+00:00,0.6780338,0.7253611892461777,0,1,0.657140194
2024-01-08 14:45:00+00:00,0.68041277,0.7253611892461777,0,1,0.657140194
2024-01-08 15:00:00+00:00,0.6765495,0.7253611892461777,0,1,0.657140194
2024-01-08 15:15:00+00:00,0.67932934,0.7253611892461777,0,1,0.657140194
2024-01-08 15:30:00+00:00,0.68429726,0.7253611892461777,0,1,0.657140194
2024-01-08 15:45:00+00:00,0.687,0.7253611892461777,0,1,0.657140194
2024-01-08 16:00:00+00:00,0.6860023,0.7253611892461777,0,1,0.657140194
2024-01-08 16:15:00+00:00,0.680171,0.7253611892461777,0,1,0.657140194
2024-01-08 16:30:00+00:00,0.67410016,0.7253611892461777,0,1,0.657140194
2024-01-08 16:45:00+00:00,0.68379116,0.7253611892461777,0,1,0.657140194
2024-01-08 17:00:00+00:00,0.67612225,0.7253611892461777,0,1,0.657140194
2024-01-08 17:15:00+00:00,0.672924,0.7253611892461777,0,1,0.657140194
2024-01-08 17:30:00+00:00,0.66018045,0.7253611892461777,0,1,0.657140194
2024-01-08 17:45:00+00:00,0.64524585,0.7253611892461777,0,0,0.657140194
2024-01-08 18:00:00+00:00,0.6416917,0.7253611892461777,0,0,0.657140194
2024-01-08 18:15:00+00:00,0.63557357,0.7253611892461777,0,0,0.657140194
2024-01-08 18:30:00+00:00,0.6306943,0.7253611892461777,0,0,0.657140194
2024-01-08 18:45:00+00:00,0.59493005,0.7253611892461777,0,0,0.657140194
2024-01-08 19:00:00+00:00,0.57835704,0.7253611892461777,0,0,0.657140194
2024-01-08 19:15:00+00:00,0.5655865,0.7253611892461777,0,0,0.657140194
2024-01-08 19:30:00+00:00,0.55822486,0.7253611892461777,0,0,0.657140194
2024-01-08 19:45:00+00:00,0.5412765,0.7253611892461777,0,0,0.657140194
2024-01-08 20:00:00+00:00,0.52175945,0.7253611892461777,0,0,0.657140194
2024-01-08 20:15:00+00:00,0.51752144,0.7253611892461777,0,0,0.657140194
2024-01-08 20:30:00+00:00,0.5273141,0.7253611892461777,0,0,0.657140194
2024-01-08 20:45:00+00:00,0.52506703,0.7253611892461777,0,0,0.657140194
2024-01-08 21:00:00+00:00,0.52782613,0.7253611892461777,0,0,0.657140194
2024-01-08 21:15:00+00:00,0.5329362,0.7253611892461777,0,0,0.657140194
2024-01-08 21:30:00+00:00,0.5299975,0.7253611892461777,0,0,0.657140194
2024-01-08 21:45:00+00:00,0.5270875,0.7253611892461777,0,0,0.657140194
2024-01-08 22:00:00+00:00,0.5283028,0.7253611892461777,0,0,0.657140194
2024-01-08 22:15:00+00:00,0.5410871,0.7253611892461777,0,0,0.657140194
2024-01-08 22:30:00+00:00,0.54329765,0.7253611892461777,0,0,0.657140194
2024-01-08 22:45:00+00:00,0.5405292,0.7253611892461777,0,0,0.657140194
2024-01-08 23:00:00+00:00,0.55042785,0.7253611892461777,0,0,0.657140194
2024-01-08 23:15:00+00:00,0.5351126,0.7253611892461777,0,0,0.657140194
2024-01-08 23:30:00+00:00,0.5495416,0.7253611892461777,0,0,0.657140194
2024-01-08 23:45:00+00:00,0.5428575,0.7253611892461777,0,0,0.657140194
2024-01-09 00:00:00+00:00,0.5450418,0.7253611892461777,0,0,0.657140194
2024-01-09 00:15:00+00:00,0.5415082,0.7253611892461777,0,0,0.657140194
2024-01-09 00:30:00+00:00,0.5373536,0.7253611892461777,0,0,0.657140194
2024-01-09 00:45:00+00:00,0.5448298,0.7253611892461777,0,0,0.657140194
2024-01-09 01:00:00+00:00,0.54786354,0.7253611892461777,0,0,0.657140194
2024-01-09 01:15:00+00:00,0.5485685,0.7253611892461777,0,0,0.657140194
2024-01-09 01:30:00+00:00,0.54830086,0.7253611892461777,0,0,0.657140194
2024-01-09 01:45:00+00:00,0.54073435,0.7253611892461777,0,0,0.657140194
2024-01-09 02:00:00+00:00,0.543703,0.7253611892461777,0,0,0.657140194
2024-01-09 02:15:00+00:00,0.53642625,0.7253611892461777,0,0,0.657140194
2024-01-09 02:30:00+00:00,0.54244107,0.7253611892461777,0,0,0.657140194
2024-01-09 02:45:00+00:00,0.53468233,0.7253611892461777,0,0,0.657140194
2024-01-09 03:00:00+00:00,0.5390823,0.7253611892461777,0,0,0.657140194
2024-01-09 03:15:00+00:00,0.5335898,0.7253611892461777,0,0,0.657140194
2024-01-09 03:30:00+00:00,0.54075605,0.7253611892461777,0,0,0.657140194
2024-01-09 03:45:00+00:00,0.55282575,0.7253611892461777,0,0,0.657140194
2024-01-09 04:00:00+00:00,0.5535515,0.7253611892461777,0,0,0.657140194
2024-01-09 04:15:00+00:00,0.56264,0.7253611892461777,0,0,0.657140194
2024-01-09 04:30:00+00:00,0.5673132,0.7253611892461777,0,0,0.657140194
2024-01-09 04:45:00+00:00,0.558976,0.7253611892461777,0,0,0.657140194
2024-01-09 05:00:00+00:00,0.5456159,0.7253611892461777,0,0,0.657140194
2024-01-09 05:15:00+00:00,0.5466464,0.7253611892461777,0,0,0.657140194
2024-01-09 05:30:00+00:00,0.55592126,0.7253611892461777,0,0,0.657140194
2024-01-09 05:45:00+00:00,0.5658809,0.7253611892461777,0,0,0.657140194
2024-01-09 06:00:00+00:00,0.5599021,0.7253611892461777,0,0,0.657140194
2024-01-09 06:15:00+00:00,0.5655935,0.7253611892461777,0,0,0.657140194
2024-01-09 06:30:00+00:00,0.56747085,0.7253611892461777,0,0,0.657140194
2024-01-09 06:45:00+00:00,0.5770255,0.7253611892461777,0,0,0.657140194
2024-01-09 07:00:00+00:00,0.58233684,0.7253611892461777,0,0,0.657140194
2024-01-09 07:15:00+00:00,0.59190625,0.7253611892461777,0,0,0.657140194
2024-01-09 07:30:00+00:00,0.59575343,0.7253611892461777,0,0,0.657140194
2024-01-09 07:45:00+00:00,0.58680815,0.7253611892461777,0,0,0.657140194
2024-01-09 08:00:00+00:00,0.5763065,0.7253611892461777,0,0,0.657140194
2024-01-09 08:15:00+00:00,0.5745855,0.7253611892461777,0,0,0.657140194
2024-01-09 08:30:00+00:00,0.6133866,0.7253611892461777,1,0,0.657140194
2024-01-09 08:45:00+00:00,0.6240477,0.7253611892461777,1,0,0.657140194
2024-01-09 09:00:00+00:00,0.621414,0.7253611892461777,1,0,0.657140194
2024-01-09 09:15:00+00:00,0.6208273,0.7253611892461777,1,0,0.657140194
2024-01-09 09:30:00+00:00,0.6206699,0.7253611892461777,1,0,0.657140194
2024-01-09 09:45:00+00:00,0.6172769,0.7253611892461777,1,0,0.657140194
2024-01-09 10:00:00+00:00,0.6188999,0.7253611892461777,1,0,0.657140194
2024-01-09 10:15:00+00:00,0.61166364,0.7253611892461777,1,0,0.657140194
2024-01-09 10:30:00+00:00,0.6192029,0.7253611892461777,1,0,0.657140194
2024-01-09 10:45:00+00:00,0.62737167,0.7253611892461777,1,0,0.657140194
2024-01-09 11:00:00+00:00,0.6246662,0.7253611892461777,1,0,0.657140194
2024-01-09 11:15:00+00:00,0.62769794,0.7253611892461777,1,0,0.657140194
2024-01-09 11:30:00+00:00,0.62713027,0.7253611892461777,1,0,0.657140194
2024-01-09 11:45:00+00:00,0.6335837,0.7253611892461777,1,0,0.657140194
2024-01-09 12:00:00+00:00,0.6397165,0.7253611892461777,1,0,0.657140194
2024-01-09 12:15:00+00:00,0.6481548,0.7253611892461777,1,0,0.657140194
2024-01-09 12:30:00+00:00,0.65874785,0.7253611892461777,1,1,0.657140194
2024-01-09 12:45:00+00:00,0.673861,0.7253611892461777,1,1,0.657140194
2024-01-09 13:00:00+00:00,0.6988867,0.7253611892461777,1,1,0.657140194
2024-01-09 13:15:00+00:00,0.7291065,0.7253611892461777,1,1,0.657140194
2024-01-09 13:30:00+00:00,0.7252588,0.7253611892461777,0,1,0.657140194
2024-01-09 13:45:00+00:00,0.72594124,0.7253611892461777,0,1,0.657140194
2024-01-09 14:00:00+00:00,0.7238248,0.7253611892461777,0,1,0.657140194
2024-01-09 14:15:00+00:00,0.7310965,0.7253611892461777,0,1,0.657140194
2024-01-09 14:30:00+00:00,0.72205734,0.7253611892461777,0,1,0.657140194
2024-01-09 14:45:00+00:00,0.7077825,0.7253611892461777,0,1,0.657140194
2024-01-09 15:00:00+00:00,0.69969827,0.7253611892461777,0,1,0.657140194
2024-01-09 15:15:00+00:00,0.70795935,0.7253611892461777,0,1,0.657140194
2024-01-09 15:30:00+00:00,0.70227385,0.7253611892461777,0,1,0.657140194
2024-01-09 15:45:00+00:00,0.6929369,0.7253611892461777,0,1,0.657140194
2024-01-09 16:00:00+00:00,0.69107836,0.7253611892461777,0,1,0.657140194
2024-01-09 16:15:00+00:00,0.6870536,0.7253611892461777,0,1,0.657140194
2024-01-09 16:30:00+00:00,0.6843292,0.7253611892461777,0,1,0.657140194
2024-01-09 16:45:00+00:00,0.68167466,0.7253611892461777,0,1,0.657140194
2024-01-09 17:00:00+00:00,0.6944068,0.7253611892461777,0,1,0.657140194
2024-01-09 17:15:00+00:00,0.71046907,0.7253611892461777,0,1,0.657140194
2024-01-09 17:30:00+00:00,0.71544844,0.7253611892461777,0,1,0.657140194
2024-01-09 17:45:00+00:00,0.6960477,0.7253611892461777,0,1,0.657140194
2024-01-09 18:00:00+00:00,0.70141584,0.7253611892461777,0,1,0.657140194
2024-01-09 18:15:00+00:00,0.7000077,0.7253611892461777,0,1,0.657140194
2024-01-09 18:30:00+00:00,0.71111375,0.7253611892461777,0,1,0.657140194
2024-01-09 18:45:00+00:00,0.69694394,0.7253611892461777,0,1,0.657140194
2024-01-09 19:00:00+00:00,0.7027395,0.7253611892461777,0,1,0.657140194
2024-01-09 19:15:00+00:00,0.68494505,0.7253611892461777,0,1,0.657140194
2024-01-09 19:30:00+00:00,0.6800664,0.7253611892461777,0,1,0.657140194
2024-01-09 19:45:00+00:00,0.68122244,0.7253611892461777,0,1,0.657140194
2024-01-09 20:00:00+00:00,0.68321353,0.7253611892461777,0,1,0.657140194
2024-01-09 20:15:00+00:00,0.6972979,0.7253611892461777,1,1,0.657140194
2024-01-09 20:30:00+00:00,0.6684995,0.7253611892461777,1,1,0.657140194
2024-01-09 20:45:00+00:00,0.67353994,0.7253611892461777,1,1,0.657140194
2024-01-09 21:00:00+00:00,0.6728563,0.7253611892461777,1,1,0.657140194
2024-01-09 21:15:00+00:00,0.6697049,0.7253611892461777,0,1,0.657140194
2024-01-09 21:30:00+00:00,0.65983486,0.7253611892461777,0,1,0.657140194
2024-01-09 21:45:00+00:00,0.6699417,0.7253611892461777,0,1,0.657140194
2024-01-09 22:00:00+00:00,0.661715,0.7253611892461777,0,1,0.657140194
2024-01-09 22:15:00+00:00,0.6595523,0.7253611892461777,0,1,0.657140194
2024-01-09 22:30:00+00:00,0.655383,0.7253611892461777,0,0,0.657140194
2024-01-09 22:45:00+00:00,0.65365577,0.7253611892461777,0,0,0.657140194
2024-01-09 23:00:00+00:00,0.6523108,0.7253611892461777,0,0,0.657140194
2024-01-09 23:15:00+00:00,0.64810735,0.7253611892461777,0,0,0.657140194
2024-01-09 23:30:00+00:00,0.6436958,0.7253611892461777,0,0,0.657140194
2024-01-09 23:45:00+00:00,0.6323902,0.7253611892461777,0,0,0.657140194
2024-01-10 00:00:00+00:00,0.6237345,0.7253611892461777,0,0,0.657140194
2024-01-10 00:15:00+00:00,0.6123037,0.7253611892461777,0,0,0.657140194
2024-01-10 00:30:00+00:00,0.6003862,0.7253611892461777,0,0,0.657140194
2024-01-10 00:45:00+00:00,0.5825826,0.7253611892461777,0,0,0.657140194
2024-01-10 01:00:00+00:00,0.55986005,0.7253611892461777,0,0,0.657140194
2024-01-10 01:15:00+00:00,0.52381355,0.7253611892461777,0,0,0.657140194
2024-01-10 01:30:00+00:00,0.5265115,0.7253611892461777,0,0,0.657140194
2024-01-10 01:45:00+00:00,0.52779025,0.7253611892461777,0,0,0.657140194
2024-01-10 02:00:00+00:00,0.5334342,0.7253611892461777,0,0,0.657140194
2024-01-10 02:15:00+00:00,0.52394795,0.7253611892461777,0,0,0.657140194
2024-01-10 02:30:00+00:00,0.5246987,0.7253611892461777,0,0,0.657140194
2024-01-10 02:45:00+00:00,0.5261362,0.7253611892461777,0,0,0.657140194
2024-01-10 03:00:00+00:00,0.52453655,0.7253611892461777,0,0,0.657140194
2024-01-10 03:15:00+00:00,0.52320355,0.7253611892461777,0,0,0.657140194
2024-01-10 03:30:00+00:00,0.52723753,0.7253611892461777,0,0,0.657140194
2024-01-10 03:45:00+00:00,0.52534753,0.7253611892461777,0,0,0.657140194
2024-01-10 04:00:00+00:00,0.52830285,0.7253611892461777,0,0,0.657140194
2024-01-10 04:15:00+00:00,0.5322623,0.7253611892461777,0,0,0.657140194
2024-01-10 04:30:00+00:00,0.5412326,0.7253611892461777,0,0,0.657140194
2024-01-10 04:45:00+00:00,0.53731865,0.7253611892461777,0,0,0.657140194
2024-01-10 05:00:00+00:00,0.51961696,0.7253611892461777,0,0,0.657140194
2024-01-10 05:15:00+00:00,0.5091257,0.7253611892461777,0,0,0.657140194
2024-01-10 05:30:00+00:00,0.51166624,0.7253611892461777,0,0,0.657140194
2024-01-10 05:45:00+00:00,0.51738477,0.7253611892461777,0,0,0.657140194
2024-01-10 06:00:00+00:00,0.51534534,0.7253611892461777,0,0,0.657140194
2024-01-10 06:15:00+00:00,0.52495295,0.7253611892461777,0,0,0.657140194
2024-01-10 06:30:00+00:00,0.52279955,0.7253611892461777,0,0,0.657140194
2024-01-10 06:45:00+00:00,0.5303871,0.7253611892461777,0,0,0.657140194
2024-01-10 07:00:00+00:00,0.52590233,0.7253611892461777,0,0,0.657140194
2024-01-10 07:15:00+00:00,0.53130764,0.7253611892461777,0,0,0.657140194
2024-01-10 07:30:00+00:00,0.5377407,0.7253611892461777,0,0,0.657140194
2024-01-10 07:45:00+00:00,0.5620877,0.7253611892461777,0,0,0.657140194
2024-01-10 08:00:00+00:00,0.5718959,0.7253611892461777,0,0,0.657140194
2024-01-10 08:15:00+00:00,0.57806057,0.7253611892461777,0,0,0.657140194
2024-01-10 08:30:00+00:00,0.5720574,0.7253611892461777,0,0,0.657140194
2024-01-10 08:45:00+00:00,0.563034,0.7253611892461777,0,0,0.657140194
2024-01-10 09:00:00+00:00,0.5584884,0.7253611892461777,0,0,0.657140194
2024-01-10 09:15:00+00:00,0.55995303,0.7253611892461777,0,0,0.657140194
2024-01-10 09:30:00+00:00,0.567358,0.7253611892461777,0,0,0.657140194
2024-01-10 09:45:00+00:00,0.58944196,0.7253611892461777,0,0,0.657140194
2024-01-10 10:00:00+00:00,0.59047824,0.7253611892461777,0,0,0.657140194
2024-01-10 10:15:00+00:00,0.5940881,0.7253611892461777,0,0,0.657140194
2024-01-10 10:30:00+00:00,0.59120536,0.7253611892461777,0,0,0.657140194
2024-01-10 10:45:00+00:00,0.59298825,0.7253611892461777,0,0,0.657140194
2024-01-10 11:00:00+00:00,0.5891029,0.7253611892461777,0,0,0.657140194
2024-01-10 11:15:00+00:00,0.59109753,0.7253611892461777,0,0,0.657140194
2024-01-10 11:30:00+00:00,0.5875215,0.7253611892461777,0,0,0.657140194
2024-01-10 11:45:00+00:00,0.5942856,0.7253611892461777,0,0,0.657140194
2024-01-10 12:00:00+00:00,0.58684,0.7253611892461777,0,0,0.657140194
2024-01-10 12:15:00+00:00,0.5970128,0.7253611892461777,0,0,0.657140194
2024-01-10 12:30:00+00:00,0.5942704,0.7253611892461777,0,0,0.657140194
2024-01-10 12:45:00+00:00,0.5929325,0.7253611892461777,0,0,0.657140194
2024-01-10 13:00:00+00:00,0.58279747,0.7253611892461777,0,0,0.657140194
2024-01-10 13:15:00+00:00,0.58257514,0.7253611892461777,0,0,0.657140194
2024-01-10 13:30:00+00:00,0.5776359,0.7253611892461777,0,0,0.657140194
2024-01-10 13:45:00+00:00,0.57895297,0.7253611892461777,0,0,0.657140194
2024-01-10 14:00:00+00:00,0.57843405,0.7253611892461777,0,0,0.657140194
2024-01-10 14:15:00+00:00,0.58149755,0.7253611892461777,0,0,0.657140194
2024-01-10 14:30:00+00:00,0.58278877,0.7253611892461777,0,0,0.657140194
2024-01-10 14:45:00+00:00,0.582967,0.7253611892461777,0,0,0.657140194
2024-01-10 15:00:00+00:00,0.5789564,0.7253611892461777,0,0,0.657140194
2024-01-10 15:15:00+00:00,0.58183956,0.7253611892461777,0,0,0.657140194
2024-01-10 15:30:00+00:00,0.57806754,0.7253611892461777,0,0,0.657140194
2024-01-10 15:45:00+00:00,0.5834156,0.7253611892461777,0,0,0.657140194
2024-01-10 16:00:00+00:00,0.58215976,0.7253611892461777,0,0,0.657140194
2024-01-10 16:15:00+00:00,0.5908527,0.7253611892461777,0,0,0.657140194
2024-01-10 16:30:00+00:00,0.5878229,0.7253611892461777,0,0,0.657140194
2024-01-10 16:45:00+00:00,0.59713596,0.7253611892461777,0,0,0.657140194
2024-01-10 17:00:00+00:00,0.60381204,0.7253611892461777,0,0,0.657140194
2024-01-10 17:15:00+00:00,0.60220665,0.7253611892461777,0,0,0.657140194
2024-01-10 17:30:00+00:00,0.5911433,0.7253611892461777,0,0,0.657140194
2024-01-10 17:45:00+00:00,0.5745688,0.7253611892461777,0,0,0.657140194
2024-01-10 18:00:00+00:00,0.5764409,0.7253611892461777,0,0,0.657140194
2024-01-10 18:15:00+00:00,0.5683707,0.7253611892461777,0,0,0.657140194
2024-01-10 18:30:00+00:00,0.57527107,0.7253611892461777,0,0,0.657140194
2024-01-10 18:45:00+00:00,0.57565385,0.7253611892461777,0,0,0.657140194
2024-01-10 19:00:00+00:00,0.5748511,0.7253611892461777,0,0,0.657140194
2024-01-10 19:15:00+00:00,0.57636863,0.7253611892461777,0,0,0.657140194
2024-01-10 19:30:00+00:00,0.5730525,0.7253611892461777,0,0,0.657140194
2024-01-10 19:45:00+00:00,0.5466005,0.7253611892461777,0,0,0.657140194
2024-01-10 20:00:00+00:00,0.5320442,0.7253611892461777,0,0,0.657140194
2024-01-10 20:15:00+00:00,0.51825744,0.7253611892461777,0,0,0.657140194
2024-01-10 20:30:00+00:00,0.5134571,0.7253611892461777,0,0,0.657140194
2024-01-10 20:45:00+00:00,0.5142779,0.7253611892461777,0,0,0.657140194
2024-01-10 21:00:00+00:00,0.50963736,0.7253611892461777,0,0,0.657140194
2024-01-10 21:15:00+00:00,0.5313797,0.7253611892461777,0,0,0.657140194
2024-01-10 21:30:00+00:00,0.54113966,0.7253611892461777,0,0,0.657140194
2024-01-10 21:45:00+00:00,0.5206901,0.7253611892461777,0,0,0.657140194
2024-01-10 22:00:00+00:00,0.52954394,0.7253611892461777,0,0,0.657140194
2024-01-10 22:15:00+00:00,0.51573294,0.7253611892461777,0,0,0.657140194
2024-01-10 22:30:00+00:00,0.5072507,0.7253611892461777,0,0,0.657140194
2024-01-10 22:45:00+00:00,0.5018733,0.7253611892461777,0,0,0.657140194
2024-01-10 23:00:00+00:00,0.49515232,0.7253611892461777,0,0,0.657140194
2024-01-10 23:15:00+00:00,0.48980334,0.7253611892461777,0,0,0.657140194
2024-01-10 23:30:00+00:00,0.4912885,0.7253611892461777,0,0,0.657140194
2024-01-10 23:45:00+00:00,0.49675265,0.7253611892461777,0,0,0.657140194
2024-01-11 00:00:00+00:00,0.50681585,0.7253611892461777,0,0,0.657140194
2024-01-11 00:15:00+00:00,0.51213926,0.7253611892461777,0,0,0.657140194
2024-01-11 00:30:00+00:00,0.516125,0.7253611892461777,0,0,0.657140194
2024-01-11 00:45:00+00:00,0.5110968,0.7253611892461777,0,0,0.657140194
2024-01-11 01:00:00+00:00,0.5076552,0.7253611892461777,0,0,0.657140194
2024-01-11 01:15:00+00:00,0.5167598,0.7253611892461777,0,0,0.657140194
2024-01-11 01:30:00+00:00,0.51805973,0.7253611892461777,0,0,0.657140194
2024-01-11 01:45:00+00:00,0.51069957,0.7253611892461777,0,0,0.657140194
2024-01-11 02:00:00+00:00,0.5102146,0.7253611892461777,0,0,0.657140194
2024-01-11 02:15:00+00:00,0.5170312,0.7253611892461777,0,0,0.657140194
2024-01-11 02:30:00+00:00,0.5180742,0.7253611892461777,0,0,0.657140194
2024-01-11 02:45:00+00:00,0.519779,0.7253611892461777,0,0,0.657140194
2024-01-11 03:00:00+00:00,0.5217493,0.7253611892461777,0,0,0.657140194
2024-01-11 03:15:00+00:00,0.51768726,0.7253611892461777,0,0,0.657140194
2024-01-11 03:30:00+00:00,0.5204743,0.7253611892461777,0,0,0.657140194
2024-01-11 03:45:00+00:00,0.5132283,0.7253611892461777,0,0,0.657140194
2024-01-11 04:00:00+00:00,0.5158275,0.7253611892461777,0,0,0.657140194
2024-01-11 04:15:00+00:00,0.51445115,0.7253611892461777,0,0,0.657140194
2024-01-11 04:30:00+00:00,0.5139027,0.7253611892461777,0,0,0.657140194
2024-01-11 04:45:00+00:00,0.51126426,0.7253611892461777,0,0,0.657140194
2024-01-11 05:00:00+00:00,0.5142016,0.7253611892461777,0,0,0.657140194
2024-01-11 05:15:00+00:00,0.5191632,0.7253611892461777,0,0,0.657140194
2024-01-11 05:30:00+00:00,0.5197937,0.7253611892461777,0,0,0.657140194
2024-01-11 05:45:00+00:00,0.5335054,0.7253611892461777,0,0,0.657140194
2024-01-11 06:00:00+00:00,0.5316759,0.7253611892461777,0,0,0.657140194
2024-01-11 06:15:00+00:00,0.53771377,0.7253611892461777,0,0,0.657140194
2024-01-11 06:30:00+00:00,0.5408733,0.7253611892461777,0,0,0.657140194
2024-01-11 06:45:00+00:00,0.53724736,0.7253611892461777,0,0,0.657140194
2024-01-11 07:00:00+00:00,0.5319174,0.7253611892461777,0,0,0.657140194
2024-01-11 07:15:00+00:00,0.52079815,0.7253611892461777,0,0,0.657140194
2024-01-11 07:30:00+00:00,0.5169067,0.7253611892461777,0,0,0.657140194
2024-01-11 07:45:00+00:00,0.5172301,0.7253611892461777,0,0,0.657140194
2024-01-11 08:00:00+00:00,0.52729577,0.7253611892461777,0,0,0.657140194
2024-01-11 08:15:00+00:00,0.54006124,0.7253611892461777,0,0,0.657140194
2024-01-11 08:30:00+00:00,0.552914,0.7253611892461777,0,0,0.657140194
2024-01-11 08:45:00+00:00,0.55431527,0.7253611892461777,0,0,0.657140194
2024-01-11 09:00:00+00:00,0.5707896,0.7253611892461777,0,0,0.657140194
2024-01-11 09:15:00+00:00,0.55170137,0.7253611892461777,0,0,0.657140194
2024-01-11 09:30:00+00:00,0.5573743,0.7253611892461777,0,0,0.657140194
2024-01-11 09:45:00+00:00,0.55615824,0.7253611892461777,0,0,0.657140194
2024-01-11 10:00:00+00:00,0.554208,0.7253611892461777,0,0,0.657140194
2024-01-11 10:15:00+00:00,0.5585138,0.7253611892461777,0,0,0.657140194
2024-01-11 10:30:00+00:00,0.5523607,0.7253611892461777,0,0,0.657140194
2024-01-11 10:45:00+00:00,0.5554759,0.7253611892461777,0,0,0.657140194
2024-01-11 11:00:00+00:00,0.55155456,0.7253611892461777,0,0,0.657140194
2024-01-11 11:15:00+00:00,0.5532622,0.7253611892461777,0,0,0.657140194
2024-01-11 11:30:00+00:00,0.5515523,0.7253611892461777,0,0,0.657140194
2024-01-11 11:45:00+00:00,0.5497661,0.7253611892461777,0,0,0.657140194
2024-01-11 12:00:00+00:00,0.5575598,0.7253611892461777,0,0,0.657140194
2024-01-11 12:15:00+00:00,0.56295913,0.7253611892461777,0,0,0.657140194
2024-01-11 12:30:00+00:00,0.55802923,0.7253611892461777,0,0,0.657140194
2024-01-11 12:45:00+00:00,0.57541937,0.7253611892461777,0,0,0.657140194
2024-01-11 13:00:00+00:00,0.5841797,0.7253611892461777,0,0,0.657140194
2024-01-11 13:15:00+00:00,0.5697151,0.7253611892461777,0,0,0.657140194
2024-01-11 13:30:00+00:00,0.560721,0.7253611892461777,0,0,0.657140194
2024-01-11 13:45:00+00:00,0.5572465,0.7253611892461777,0,0,0.657140194
2024-01-11 14:00:00+00:00,0.55824524,0.7253611892461777,0,0,0.657140194
2024-01-11 14:15:00+00:00,0.55116576,0.7253611892461777,0,0,0.657140194
2024-01-11 14:30:00+00:00,0.54685026,0.7253611892461777,0,0,0.657140194
2024-01-11 14:45:00+00:00,0.5623722,0.7253611892461777,0,0,0.657140194
2024-01-11 15:00:00+00:00,0.5633107,0.7253611892461777,0,0,0.657140194
2024-01-11 15:15:00+00:00,0.56336373,0.7253611892461777,0,0,0.657140194
2024-01-11 15:30:00+00:00,0.5563871,0.7253611892461777,1,0,0.657140194
2024-01-11 15:45:00+00:00,0.5595619,0.7253611892461777,1,0,0.657140194
2024-01-11 16:00:00+00:00,0.56424004,0.7253611892461777,1,0,0.657140194
2024-01-11 16:15:00+00:00,0.5554751,0.7253611892461777,1,0,0.657140194
2024-01-11 16:30:00+00:00,0.561968,0.7253611892461777,1,0,0.657140194
2024-01-11 16:45:00+00:00,0.56541526,0.7253611892461777,1,0,0.657140194
2024-01-11 17:00:00+00:00,0.55605745,0.7253611892461777,1,0,0.657140194
2024-01-11 17:15:00+00:00,0.561476,0.7253611892461777,1,0,0.657140194
2024-01-11 17:30:00+00:00,0.5786048,0.7253611892461777,1,0,0.657140194
2024-01-11 17:45:00+00:00,0.5711178,0.7253611892461777,1,0,0.657140194
2024-01-11 18:00:00+00:00,0.5768563,0.7253611892461777,1,0,0.657140194
2024-01-11 18:15:00+00:00,0.57704085,0.7253611892461777,1,0,0.657140194
2024-01-11 18:30:00+00:00,0.5845365,0.7253611892461777,1,0,0.657140194
2024-01-11 18:45:00+00:00,0.58115906,0.7253611892461777,1,0,0.657140194
2024-01-11 19:00:00+00:00,0.57203937,0.7253611892461777,1,0,0.657140194
2024-01-11 19:15:00+00:00,0.5790909,0.7253611892461777,1,0,0.657140194
2024-01-11 19:30:00+00:00,0.5833475,0.7253611892461777,1,0,0.657140194
2024-01-11 19:45:00+00:00,0.57969135,0.7253611892461777,1,0,0.657140194
2024-01-11 20:00:00+00:00,0.5840536,0.7253611892461777,1,0,0.657140194
2024-01-11 20:15:00+00:00,0.58280283,0.7253611892461777,1,0,0.657140194
2024-01-11 20:30:00+00:00,0.59555894,0.7253611892461777,1,0,0.657140194
2024-01-11 20:45:00+00:00,0.59415704,0.7253611892461777,0,0,0.657140194
2024-01-11 21:00:00+00:00,0.59468794,0.7253611892461777,0,0,0.657140194
2024-01-11 21:15:00+00:00,0.60419446,0.7253611892461777,0,0,0.657140194
2024-01-11 21:30:00+00:00,0.6077829,0.7253611892461777,0,0,0.657140194
2024-01-11 21:45:00+00:00,0.62266326,0.7253611892461777,0,0,0.657140194
2024-01-11 22:00:00+00:00,0.62695676,0.7253611892461777,0,0,0.657140194
2024-01-11 22:15:00+00:00,0.62870854,0.7253611892461777,0,0,0.657140194
2024-01-11 22:30:00+00:00,0.61242527,0.7253611892461777,0,0,0.657140194
2024-01-11 22:45:00+00:00,0.59787244,0.7253611892461777,0,0,0.657140194
2024-01-11 23:00:00+00:00,0.5926919,0.7253611892461777,0,0,0.657140194
2024-01-11 23:15:00+00:00,0.6064312,0.7253611892461777,0,0,0.657140194
2024-01-11 23:30:00+00:00,0.6197984,0.7253611892461777,0,0,0.657140194
2024-01-11 23:45:00+00:00,0.62392277,0.7253611892461777,0,0,0.657140194
2024-01-12 00:00:00+00:00,0.6312366,0.7253611892461777,0,0,0.657140194
2024-01-12 00:15:00+00:00,0.63179356,0.7253611892461777,0,0,0.657140194
2024-01-12 00:30:00+00:00,0.6465985,0.7253611892461777,0,0,0.657140194
2024-01-12 00:45:00+00:00,0.6298367,0.7253611892461777,0,0,0.657140194
2024-01-12 01:00:00+00:00,0.6379483,0.7253611892461777,0,0,0.657140194
2024-01-12 01:15:00+00:00,0.6385885,0.7253611892461777,0,0,0.657140194
2024-01-12 01:30:00+00:00,0.6325491,0.7253611892461777,0,0,0.657140194
2024-01-12 01:45:00+00:00,0.6277872,0.7253611892461777,0,0,0.657140194
2024-01-12 02:00:00+00:00,0.61875224,0.7253611892461777,0,0,0.657140194
2024-01-12 02:15:00+00:00,0.62415403,0.7253611892461777,0,0,0.657140194
2024-01-12 02:30:00+00:00,0.62178683,0.7253611892461777,0,0,0.657140194
2024-01-12 02:45:00+00:00,0.60460985,0.7253611892461777,0,0,0.657140194
2024-01-12 03:00:00+00:00,0.60413,0.7253611892461777,0,0,0.657140194
2024-01-12 03:15:00+00:00,0.60860056,0.7253611892461777,0,0,0.657140194
2024-01-12 03:30:00+00:00,0.6192215,0.7253611892461777,0,0,0.657140194
2024-01-12 03:45:00+00:00,0.6328811,0.7253611892461777,0,0,0.657140194
2024-01-12 04:00:00+00:00,0.6387592,0.7253611892461777,0,0,0.657140194
2024-01-12 04:15:00+00:00,0.6499607,0.7253611892461777,0,0,0.657140194
2024-01-12 04:30:00+00:00,0.6592148,0.7253611892461777,0,1,0.657140194
2024-01-12 04:45:00+00:00,0.6538177,0.7253611892461777,0,0,0.657140194
2024-01-12 05:00:00+00:00,0.65931636,0.7253611892461777,0,1,0.657140194
2024-01-12 05:15:00+00:00,0.670099,0.7253611892461777,0,1,0.657140194
2024-01-12 05:30:00+00:00,0.65698045,0.7253611892461777,0,0,0.657140194
2024-01-12 05:45:00+00:00,0.6733143,0.7253611892461777,0,1,0.657140194
2024-01-12 06:00:00+00:00,0.6715166,0.7253611892461777,0,1,0.657140194
2024-01-12 06:15:00+00:00,0.66120285,0.7253611892461777,0,1,0.657140194
2024-01-12 06:30:00+00:00,0.65119386,0.7253611892461777,0,0,0.657140194
2024-01-12 06:45:00+00:00,0.6426905,0.7253611892461777,0,0,0.657140194
2024-01-12 07:00:00+00:00,0.65306556,0.7253611892461777,0,0,0.657140194
2024-01-12 07:15:00+00:00,0.62806934,0.7253611892461777,0,0,0.657140194
2024-01-12 07:30:00+00:00,0.6229357,0.7253611892461777,0,0,0.657140194
2024-01-12 07:45:00+00:00,0.6195671,0.7253611892461777,0,0,0.657140194
2024-01-12 08:00:00+00:00,0.58856523,0.7253611892461777,0,0,0.657140194
2024-01-12 08:15:00+00:00,0.57737345,0.7253611892461777,0,0,0.657140194
2024-01-12 08:30:00+00:00,0.5540115,0.7253611892461777,0,0,0.657140194
2024-01-12 08:45:00+00:00,0.56469303,0.7253611892461777,0,0,0.657140194
2024-01-12 09:00:00+00:00,0.5720123,0.7253611892461777,0,0,0.657140194
2024-01-12 09:15:00+00:00,0.5733543,0.7253611892461777,0,0,0.657140194
2024-01-12 09:30:00+00:00,0.57668877,0.7253611892461777,0,0,0.657140194
2024-01-12 09:45:00+00:00,0.58216816,0.7253611892461777,0,0,0.657140194
2024-01-12 10:00:00+00:00,0.57774335,0.7253611892461777,0,0,0.657140194
2024-01-12 10:15:00+00:00,0.5807461,0.7253611892461777,0,0,0.657140194
2024-01-12 10:30:00+00:00,0.5847103,0.7253611892461777,0,0,0.657140194
2024-01-12 10:45:00+00:00,0.58565813,0.7253611892461777,0,0,0.657140194
2024-01-12 11:00:00+00:00,0.58890134,0.7253611892461777,0,0,0.657140194
2024-01-12 11:15:00+00:00,0.58682376,0.7253611892461777,0,0,0.657140194
2024-01-12 11:30:00+00:00,0.5788308,0.7253611892461777,0,0,0.657140194
2024-01-12 11:45:00+00:00,0.5800328,0.7253611892461777,0,0,0.657140194
2024-01-12 12:00:00+00:00,0.5692703,0.7253611892461777,0,0,0.657140194
2024-01-12 12:15:00+00:00,0.56753117,0.7253611892461777,0,0,0.657140194
2024-01-12 12:30:00+00:00,0.55615413,0.7253611892461777,0,0,0.657140194
2024-01-12 12:45:00+00:00,0.56437254,0.7253611892461777,0,0,0.657140194
2024-01-12 13:00:00+00:00,0.5623865,0.7253611892461777,0,0,0.657140194
2024-01-12 13:15:00+00:00,0.5628614,0.7253611892461777,0,0,0.657140194
2024-01-12 13:30:00+00:00,0.5695839,0.7253611892461777,0,0,0.657140194
2024-01-12 13:45:00+00:00,0.57470185,0.7253611892461777,0,0,0.657140194
2024-01-12 14:00:00+00:00,0.5751392,0.7253611892461777,0,0,0.657140194
2024-01-12 14:15:00+00:00,0.5690162,0.7253611892461777,0,0,0.657140194
2024-01-12 14:30:00+00:00,0.5740679,0.7253611892461777,0,0,0.657140194
2024-01-12 14:45:00+00:00,0.58039707,0.7253611892461777,0,0,0.657140194
2024-01-12 15:00:00+00:00,0.5808235,0.7253611892461777,0,0,0.657140194
2024-01-12 15:15:00+00:00,0.5776402,0.7253611892461777,0,0,0.657140194
2024-01-12 15:30:00+00:00,0.5752525,0.7253611892461777,0,0,0.657140194
2024-01-12 15:45:00+00:00,0.57367057,0.7253611892461777,0,0,0.657140194
2024-01-12 16:00:00+00:00,0.57891375,0.7253611892461777,0,0,0.657140194
2024-01-12 16:15:00+00:00,0.580674,0.7253611892461777,0,0,0.657140194
2024-01-12 16:30:00+00:00,0.581046,0.7253611892461777,0,0,0.657140194
2024-01-12 16:45:00+00:00,0.59726554,0.7253611892461777,0,0,0.657140194
2024-01-12 17:00:00+00:00,0.58782846,0.7253611892461777,0,0,0.657140194
2024-01-12 17:15:00+00:00,0.57678443,0.7253611892461777,0,0,0.657140194
2024-01-12 17:30:00+00:00,0.5908294,0.7253611892461777,0,0,0.657140194
2024-01-12 17:45:00+00:00,0.56836814,0.7253611892461777,0,0,0.657140194
2024-01-12 18:00:00+00:00,0.5672333,0.7253611892461777,0,0,0.657140194
2024-01-12 18:15:00+00:00,0.5767801,0.7253611892461777,0,0,0.657140194
2024-01-12 18:30:00+00:00,0.5902997,0.7253611892461777,0,0,0.657140194
2024-01-12 18:45:00+00:00,0.58515394,0.7253611892461777,0,0,0.657140194
2024-01-12 19:00:00+00:00,0.5621508,0.7253611892461777,0,0,0.657140194
2024-01-12 19:15:00+00:00,0.56220603,0.7253611892461777,0,0,0.657140194
2024-01-12 19:30:00+00:00,0.5584639,0.7253611892461777,0,0,0.657140194
2024-01-12 19:45:00+00:00,0.55637956,0.7253611892461777,0,0,0.657140194
2024-01-12 20:00:00+00:00,0.5549382,0.7253611892461777,0,0,0.657140194
2024-01-12 20:15:00+00:00,0.55771834,0.7253611892461777,0,0,0.657140194
2024-01-12 20:30:00+00:00,0.56163526,0.7253611892461777,0,0,0.657140194
2024-01-12 20:45:00+00:00,0.5650949,0.7253611892461777,0,0,0.657140194
2024-01-12 21:00:00+00:00,0.5555433,0.7253611892461777,0,0,0.657140194
2024-01-12 21:15:00+00:00,0.55705565,0.7253611892461777,0,0,0.657140194
2024-01-12 21:30:00+00:00,0.56893754,0.7253611892461777,0,0,0.657140194
2024-01-12 21:45:00+00:00,0.5648141,0.7253611892461777,0,0,0.657140194
2024-01-12 22:00:00+00:00,0.5671122,0.7253611892461777,0,0,0.657140194
2024-01-12 22:15:00+00:00,0.567983,0.7253611892461777,0,0,0.657140194
2024-01-12 22:30:00+00:00,0.56104356,0.7253611892461777,0,0,0.657140194
2024-01-12 22:45:00+00:00,0.57817394,0.7253611892461777,1,0,0.657140194
2024-01-12 23:00:00+00:00,0.57981426,0.7253611892461777,1,0,0.657140194
2024-01-12 23:15:00+00:00,0.5910199,0.7253611892461777,1,0,0.657140194
2024-01-12 23:30:00+00:00,0.608894,0.7253611892461777,1,0,0.657140194
2024-01-12 23:45:00+00:00,0.6339759,0.7253611892461777,1,0,0.657140194
2024-01-13 00:00:00+00:00,0.6649399,0.7253611892461777,1,1,0.657140194
2024-01-13 00:15:00+00:00,0.69187707,0.7253611892461777,1,1,0.657140194
2024-01-13 00:30:00+00:00,0.71387094,0.7253611892461777,1,1,0.657140194
2024-01-13 00:45:00+00:00,0.74723595,0.7253611892461777,1,1,0.657140194
2024-01-13 01:00:00+00:00,0.7702928,0.7253611892461777,1,1,0.657140194
2024-01-13 01:15:00+00:00,0.795242,0.7253611892461777,1,1,0.657140194
2024-01-13 01:30:00+00:00,0.81729823,0.7253611892461777,1,1,0.657140194
2024-01-13 01:45:00+00:00,0.8502415,0.7253611892461777,1,1,0.657140194
2024-01-13 02:00:00+00:00,0.87230396,0.7253611892461777,1,1,0.657140194
2024-01-13 02:15:00+00:00,0.8735855,0.7253611892461777,0,1,0.657140194
2024-01-13 02:30:00+00:00,0.87058735,0.7253611892461777,0,1,0.657140194
2024-01-13 02:45:00+00:00,0.8687585,0.7253611892461777,0,1,0.657140194
2024-01-13 03:00:00+00:00,0.8834899,0.7253611892461777,0,1,0.657140194
2024-01-13 03:15:00+00:00,0.88253546,0.7253611892461777,0,1,0.657140194
2024-01-13 03:30:00+00:00,0.88777417,0.7253611892461777,0,1,0.657140194
2024-01-13 03:45:00+00:00,0.88715076,0.7253611892461777,0,1,0.657140194
2024-01-13 04:00:00+00:00,0.8832386,0.7253611892461777,0,1,0.657140194
2024-01-13 04:15:00+00:00,0.88207644,0.7253611892461777,0,1,0.657140194
2024-01-13 04:30:00+00:00,0.8731446,0.7253611892461777,0,1,0.657140194
2024-01-13 04:45:00+00:00,0.8609886,0.7253611892461777,0,1,0.657140194
2024-01-13 05:00:00+00:00,0.91572,0.7253611892461777,0,1,0.657140194
2024-01-13 05:15:00+00:00,0.92126703,0.7253611892461777,0,1,0.657140194
2024-01-13 05:30:00+00:00,0.91607684,0.7253611892461777,0,1,0.657140194
2024-01-13 05:45:00+00:00,0.9193487,0.7253611892461777,0,1,0.657140194
2024-01-13 06:00:00+00:00,0.9245723,0.7253611892461777,0,1,0.657140194
2024-01-13 06:15:00+00:00,0.9220585,0.7253611892461777,0,1,0.657140194
2024-01-13 06:30:00+00:00,0.91350394,0.7253611892461777,0,1,0.657140194
2024-01-13 06:45:00+00:00,0.9234796,0.7253611892461777,0,1,0.657140194
2024-01-13 07:00:00+00:00,0.918812,0.7253611892461777,0,1,0.657140194
2024-01-13 07:15:00+00:00,0.9173586,0.7253611892461777,0,1,0.657140194
2024-01-13 07:30:00+00:00,0.9175172,0.7253611892461777,0,1,0.657140194
2024-01-13 07:45:00+00:00,0.92411727,0.7253611892461777,0,1,0.657140194
2024-01-13 08:00:00+00:00,0.9296958,0.7253611892461777,0,1,0.657140194
2024-01-13 08:15:00+00:00,0.9351366,0.7253611892461777,0,1,0.657140194
2024-01-13 08:30:00+00:00,0.9402147,0.7253611892461777,0,1,0.657140194
2024-01-13 08:45:00+00:00,0.9386471,0.7253611892461777,0,1,0.657140194
2024-01-13 09:00:00+00:00,0.95213366,0.7253611892461777,0,1,0.657140194
2024-01-13 09:15:00+00:00,0.942594,0.7253611892461777,0,1,0.657140194
2024-01-13 09:30:00+00:00,0.93870807,0.7253611892461777,0,1,0.657140194
2024-01-13 09:45:00+00:00,0.9427697,0.7253611892461777,0,1,0.657140194
2024-01-13 10:00:00+00:00,0.9432418,0.7253611892461777,0,1,0.657140194
2024-01-13 10:15:00+00:00,0.9589095,0.7253611892461777,0,1,0.657140194
2024-01-13 10:30:00+00:00,0.9643858,0.7253611892461777,0,1,0.657140194
2024-01-13 10:45:00+00:00,0.9314956,0.7253611892461777,0,1,0.657140194
2024-01-13 11:00:00+00:00,0.91308975,0.7253611892461777,0,1,0.657140194
2024-01-13 11:15:00+00:00,0.8905465,0.7253611892461777,0,1,0.657140194
2024-01-13 11:30:00+00:00,0.86460584,0.7253611892461777,0,1,0.657140194
2024-01-13 11:45:00+00:00,0.8293753,0.7253611892461777,0,1,0.657140194
2024-01-13 12:00:00+00:00,0.80399495,0.7253611892461777,0,1,0.657140194
2024-01-13 12:15:00+00:00,0.77502555,0.7253611892461777,0,1,0.657140194
2024-01-13 12:30:00+00:00,0.75370175,0.7253611892461777,0,1,0.657140194
2024-01-13 12:45:00+00:00,0.7199796,0.7253611892461777,0,1,0.657140194
2024-01-13 13:00:00+00:00,0.6997084,0.7253611892461777,0,1,0.657140194
2024-01-13 13:15:00+00:00,0.67600185,0.7253611892461777,0,1,0.657140194
2024-01-13 13:30:00+00:00,0.66057867,0.7253611892461777,0,1,0.657140194
2024-01-13 13:45:00+00:00,0.6132812,0.7253611892461777,0,0,0.657140194
2024-01-13 14:00:00+00:00,0.5841785,0.7253611892461777,0,0,0.657140194
2024-01-13 14:15:00+00:00,0.58613986,0.7253611892461777,0,0,0.657140194
2024-01-13 14:30:00+00:00,0.58006054,0.7253611892461777,0,0,0.657140194
2024-01-13 14:45:00+00:00,0.5765516,0.7253611892461777,0,0,0.657140194
2024-01-13 15:00:00+00:00,0.5674906,0.7253611892461777,0,0,0.657140194
2024-01-13 15:15:00+00:00,0.5632326,0.7253611892461777,0,0,0.657140194
2024-01-13 15:30:00+00:00,0.5669636,0.7253611892461777,0,0,0.657140194
2024-01-13 15:45:00+00:00,0.5676177,0.7253611892461777,0,0,0.657140194
2024-01-13 16:00:00+00:00,0.57043433,0.7253611892461777,0,0,0.657140194
2024-01-13 16:15:00+00:00,0.5772634,0.7253611892461777,0,0,0.657140194
2024-01-13 16:30:00+00:00,0.58370155,0.7253611892461777,0,0,0.657140194
2024-01-13 16:45:00+00:00,0.5817621,0.7253611892461777,0,0,0.657140194
2024-01-13 17:00:00+00:00,0.51922995,0.7253611892461777,0,0,0.657140194
2024-01-13 17:15:00+00:00,0.52093065,0.7253611892461777,0,0,0.657140194
2024-01-13 17:30:00+00:00,0.51615816,0.7253611892461777,0,0,0.657140194
2024-01-13 17:45:00+00:00,0.5214345,0.7253611892461777,0,0,0.657140194
2024-01-13 18:00:00+00:00,0.5238934,0.7253611892461777,0,0,0.657140194
2024-01-13 18:15:00+00:00,0.51983243,0.7253611892461777,0,0,0.657140194
2024-01-13 18:30:00+00:00,0.5210765,0.7253611892461777,0,0,0.657140194
2024-01-13 18:45:00+00:00,0.5093178,0.7253611892461777,0,0,0.657140194
2024-01-13 19:00:00+00:00,0.51526815,0.7253611892461777,0,0,0.657140194
2024-01-13 19:15:00+00:00,0.5198514,0.7253611892461777,0,0,0.657140194
2024-01-13 19:30:00+00:00,0.5200935,0.7253611892461777,0,0,0.657140194
2024-01-13 19:45:00+00:00,0.5083516,0.7253611892461777,0,0,0.657140194
2024-01-13 20:00:00+00:00,0.50878423,0.7253611892461777,0,0,0.657140194
2024-01-13 20:15:00+00:00,0.5037424,0.7253611892461777,0,0,0.657140194
2024-01-13 20:30:00+00:00,0.5058091,0.7253611892461777,0,0,0.657140194
2024-01-13 20:45:00+00:00,0.5046019,0.7253611892461777,0,0,0.657140194
2024-01-13 21:00:00+00:00,0.5028145,0.7253611892461777,0,0,0.657140194
2024-01-13 21:15:00+00:00,0.51026005,0.7253611892461777,0,0,0.657140194
2024-01-13 21:30:00+00:00,0.5063072,0.7253611892461777,0,0,0.657140194
2024-01-13 21:45:00+00:00,0.5008738,0.7253611892461777,0,0,0.657140194
2024-01-13 22:00:00+00:00,0.51571,0.7253611892461777,0,0,0.657140194
2024-01-13 22:15:00+00:00,0.5144895,0.7253611892461777,0,0,0.657140194
2024-01-13 22:30:00+00:00,0.5124611,0.7253611892461777,0,0,0.657140194
2024-01-13 22:45:00+00:00,0.5134942,0.7253611892461777,0,0,0.657140194
2024-01-13 23:00:00+00:00,0.5190015,0.7253611892461777,0,0,0.657140194
2024-01-13 23:15:00+00:00,0.5178971,0.7253611892461777,0,0,0.657140194
2024-01-13 23:30:00+00:00,0.50400025,0.7253611892461777,0,0,0.657140194
2024-01-13 23:45:00+00:00,0.5108097,0.7253611892461777,0,0,0.657140194
2024-01-14 00:00:00+00:00,0.51179,0.7253611892461777,0,0,0.657140194
2024-01-14 00:15:00+00:00,0.5114136,0.7253611892461777,0,0,0.657140194
2024-01-14 00:30:00+00:00,0.50862294,0.7253611892461777,0,0,0.657140194
2024-01-14 00:45:00+00:00,0.50911874,0.7253611892461777,0,0,0.657140194
2024-01-14 01:00:00+00:00,0.50151277,0.7253611892461777,0,0,0.657140194
2024-01-14 01:15:00+00:00,0.50602245,0.7253611892461777,0,0,0.657140194
2024-01-14 01:30:00+00:00,0.49049744,0.7253611892461777,0,0,0.657140194
2024-01-14 01:45:00+00:00,0.49654153,0.7253611892461777,0,0,0.657140194
2024-01-14 02:00:00+00:00,0.4951146,0.7253611892461777,0,0,0.657140194
2024-01-14 02:15:00+00:00,0.49476424,0.7253611892461777,0,0,0.657140194
2024-01-14 02:30:00+00:00,0.49519172,0.7253611892461777,0,0,0.657140194
2024-01-14 02:45:00+00:00,0.49941322,0.7253611892461777,0,0,0.657140194
2024-01-14 03:00:00+00:00,0.49871957,0.7253611892461777,0,0,0.657140194
2024-01-14 03:15:00+00:00,0.51234645,0.7253611892461777,0,0,0.657140194
2024-01-14 03:30:00+00:00,0.5071546,0.7253611892461777,0,0,0.657140194
2024-01-14 03:45:00+00:00,0.50786865,0.7253611892461777,0,0,0.657140194
2024-01-14 04:00:00+00:00,0.5039606,0.7253611892461777,0,0,0.657140194
2024-01-14 04:15:00+00:00,0.49882063,0.7253611892461777,0,0,0.657140194
2024-01-14 04:30:00+00:00,0.49139476,0.7253611892461777,0,0,0.657140194
2024-01-14 04:45:00+00:00,0.50571156,0.7253611892461777,0,0,0.657140194
2024-01-14 05:00:00+00:00,0.5108456,0.7253611892461777,0,0,0.657140194
2024-01-14 05:15:00+00:00,0.5005757,0.7253611892461777,0,0,0.657140194
2024-01-14 05:30:00+00:00,0.5252511,0.7253611892461777,0,0,0.657140194
2024-01-14 05:45:00+00:00,0.5300868,0.7253611892461777,0,0,0.657140194
2024-01-14 06:00:00+00:00,0.5346742,0.7253611892461777,0,0,0.657140194
2024-01-14 06:15:00+00:00,0.5447371,0.7253611892461777,0,0,0.657140194
2024-01-14 06:30:00+00:00,0.53649855,0.7253611892461777,0,0,0.657140194
2024-01-14 06:45:00+00:00,0.54998106,0.7253611892461777,0,0,0.657140194
2024-01-14 07:00:00+00:00,0.563685,0.7253611892461777,0,0,0.657140194
2024-01-14 07:15:00+00:00,0.5743323,0.7253611892461777,0,0,0.657140194
2024-01-14 07:30:00+00:00,0.57492435,0.7253611892461777,0,0,0.657140194
2024-01-14 07:45:00+00:00,0.57599837,0.7253611892461777,0,0,0.657140194
2024-01-14 08:00:00+00:00,0.56448483,0.7253611892461777,0,0,0.657140194
2024-01-14 08:15:00+00:00,0.56596226,0.7253611892461777,0,0,0.657140194
2024-01-14 08:30:00+00:00,0.57074493,0.7253611892461777,0,0,0.657140194
2024-01-14 08:45:00+00:00,0.5906758,0.7253611892461777,0,0,0.657140194
2024-01-14 09:00:00+00:00,0.5938731,0.7253611892461777,0,0,0.657140194
2024-01-14 09:15:00+00:00,0.6183012,0.7253611892461777,0,0,0.657140194
2024-01-14 09:30:00+00:00,0.63254565,0.7253611892461777,0,0,0.657140194
2024-01-14 09:45:00+00:00,0.63251144,0.7253611892461777,0,0,0.657140194
2024-01-14 10:00:00+00:00,0.6361317,0.7253611892461777,0,0,0.657140194
2024-01-14 10:15:00+00:00,0.6214228,0.7253611892461777,0,0,0.657140194
2024-01-14 10:30:00+00:00,0.61710054,0.7253611892461777,0,0,0.657140194
2024-01-14 10:45:00+00:00,0.6071852,0.7253611892461777,0,0,0.657140194
2024-01-14 11:00:00+00:00,0.6076639,0.7253611892461777,0,0,0.657140194
2024-01-14 11:15:00+00:00,0.61875504,0.7253611892461777,0,0,0.657140194
2024-01-14 11:30:00+00:00,0.6252993,0.7253611892461777,0,0,0.657140194
2024-01-14 11:45:00+00:00,0.6054794,0.7253611892461777,0,0,0.657140194
2024-01-14 12:00:00+00:00,0.6097291,0.7253611892461777,0,0,0.657140194
2024-01-14 12:15:00+00:00,0.60711557,0.7253611892461777,0,0,0.657140194
2024-01-14 12:30:00+00:00,0.6123273,0.7253611892461777,0,0,0.657140194
2024-01-14 12:45:00+00:00,0.6178363,0.7253611892461777,0,0,0.657140194
2024-01-14 13:00:00+00:00,0.6227209,0.7253611892461777,0,0,0.657140194
2024-01-14 13:15:00+00:00,0.6356036,0.7253611892461777,0,0,0.657140194
2024-01-14 13:30:00+00:00,0.6406335,0.7253611892461777,0,0,0.657140194
2024-01-14 13:45:00+00:00,0.646102,0.7253611892461777,0,0,0.657140194
2024-01-14 14:00:00+00:00,0.6413881,0.7253611892461777,0,0,0.657140194
2024-01-14 14:15:00+00:00,0.6451773,0.7253611892461777,0,0,0.657140194
2024-01-14 14:30:00+00:00,0.6535054,0.7253611892461777,0,0,0.657140194
2024-01-14 14:45:00+00:00,0.6580798,0.7253611892461777,0,1,0.657140194
2024-01-14 15:00:00+00:00,0.668087,0.7253611892461777,0,1,0.657140194
2024-01-14 15:15:00+00:00,0.66010016,0.7253611892461777,0,1,0.657140194
2024-01-14 15:30:00+00:00,0.6572371,0.7253611892461777,0,1,0.657140194
2024-01-14 15:45:00+00:00,0.66557926,0.7253611892461777,0,1,0.657140194
2024-01-14 16:00:00+00:00,0.66969395,0.7253611892461777,0,1,0.657140194
2024-01-14 16:15:00+00:00,0.6754013,0.7253611892461777,0,1,0.657140194
2024-01-14 16:30:00+00:00,0.68599844,0.7253611892461777,0,1,0.657140194
2024-01-14 16:45:00+00:00,0.6807821,0.7253611892461777,0,1,0.657140194
2024-01-14 17:00:00+00:00,0.67115647,0.7253611892461777,0,1,0.657140194
2024-01-14 17:15:00+00:00,0.6759904,0.7253611892461777,0,1,0.657140194
2024-01-14 17:30:00+00:00,0.64384,0.7253611892461777,0,0,0.657140194
2024-01-14 17:45:00+00:00,0.64308184,0.7253611892461777,0,0,0.657140194
2024-01-14 18:00:00+00:00,0.63537043,0.7253611892461777,0,0,0.657140194
2024-01-14 18:15:00+00:00,0.6202951,0.7253611892461777,0,0,0.657140194
2024-01-14 18:30:00+00:00,0.6276987,0.7253611892461777,0,0,0.657140194
2024-01-14 18:45:00+00:00,0.6271329,0.7253611892461777,0,0,0.657140194
2024-01-14 19:00:00+00:00,0.62065077,0.7253611892461777,0,0,0.657140194
2024-01-14 19:15:00+00:00,0.6039174,0.7253611892461777,0,0,0.657140194
2024-01-14 19:30:00+00:00,0.6017439,0.7253611892461777,0,0,0.657140194
2024-01-14 19:45:00+00:00,0.60811377,0.7253611892461777,0,0,0.657140194
2024-01-14 20:00:00+00:00,0.5986507,0.7253611892461777,0,0,0.657140194
2024-01-14 20:15:00+00:00,0.6010299,0.7253611892461777,0,0,0.657140194
2024-01-14 20:30:00+00:00,0.60928893,0.7253611892461777,0,0,0.657140194
2024-01-14 20:45:00+00:00,0.58244723,0.7253611892461777,0,0,0.657140194
2024-01-14 21:00:00+00:00,0.5795724,0.7253611892461777,0,0,0.657140194
2024-01-14 21:15:00+00:00,0.5741101,0.7253611892461777,0,0,0.657140194
2024-01-14 21:30:00+00:00,0.56829387,0.7253611892461777,0,0,0.657140194
2024-01-14 21:45:00+00:00,0.5754665,0.7253611892461777,0,0,0.657140194
2024-01-14 22:00:00+00:00,0.55991006,0.7253611892461777,0,0,0.657140194
2024-01-14 22:15:00+00:00,0.55690765,0.7253611892461777,0,0,0.657140194
2024-01-14 22:30:00+00:00,0.56653595,0.7253611892461777,0,0,0.657140194
2024-01-14 22:45:00+00:00,0.56256014,0.7253611892461777,0,0,0.657140194
2024-01-14 23:00:00+00:00,0.5627119,0.7253611892461777,0,0,0.657140194
2024-01-14 23:15:00+00:00,0.56775767,0.7253611892461777,0,0,0.657140194
2024-01-14 23:30:00+00:00,0.57491726,0.7253611892461777,0,0,0.657140194
2024-01-14 23:45:00+00:00,0.57442766,0.7253611892461777,0,0,0.657140194
